solid exported
	facet normal 0.18391055478748367 0.4159293677016374 -0.8906063490235605
		outer loop
			vertex -0.44339483976364136 2.0570712303326015 -0.42646445520638643
			vertex -0.46812140941619873 2.116886648235905 -0.40363561300598216
			vertex -0.4168054163455963 2.1317117582489207 -0.3861152445446372
		endloop
	endfacet
	facet normal -0.1839113115911321 -0.41592779893667176 0.8906069253832046
		outer loop
			vertex -0.4486883580684662 2.0450995200558184 -0.40083048919143566
			vertex -0.42209896445274353 2.119740286390745 -0.36048130833204484
			vertex -0.47341492772102356 2.1049151763777294 -0.37800167679338986
		endloop
	endfacet
	facet normal -0.15209298079428507 0.8518278570512714 -0.5012554509873666
		outer loop
			vertex 0.5026717782020569 2.0519362410641317 0.10032009587978706
			vertex 0.5077207088470459 2.0207465494467245 0.04578471869771431
			vertex 0.39751937985420227 2.033602803643065 0.10107023034891219
		endloop
	endfacet
	facet normal -0.1520930721129778 0.8518277484889032 -0.5012556077686939
		outer loop
			vertex 0.39751937985420227 2.033602803643065 0.10107023034891219
			vertex 0.5077207088470459 2.0207465494467245 0.04578471869771431
			vertex 0.4025682508945465 2.002413112025663 0.046534894145038225
		endloop
	endfacet
	facet normal 0.7555586467474588 -0.5360582195688495 0.3765271790426614
		outer loop
			vertex 0.633301317691803 2.0860036296750577 0.03842931696236909
			vertex 0.6818094253540039 2.1370304543497927 0.013736885941104374
			vertex 0.6307949423789978 2.1014872531755513 0.06550262734503957
		endloop
	endfacet
	facet normal 0.7555593534312498 -0.5360553507718124 0.376529845233364
		outer loop
			vertex 0.6307949423789978 2.1014872531755513 0.06550262734503957
			vertex 0.6818094253540039 2.1370304543497927 0.013736885941104374
			vertex 0.6793030500411987 2.152514316268901 0.04081023078268273
		endloop
	endfacet
	facet normal -0.9964452392157268 -0.01704321472094961 -0.08250099439575717
		outer loop
			vertex 0.6307949423789978 2.1014872531755513 0.06550262734503957
			vertex 0.6333158016204834 2.1854656725725965 0.01770731951267872
			vertex 0.633301317691803 2.0860036296750577 0.03842931696236909
		endloop
	endfacet
	facet normal -0.9964452591952146 -0.017043166517528772 -0.08250076304154812
		outer loop
			vertex 0.633301317691803 2.0860036296750577 0.03842931696236909
			vertex 0.6333158016204834 2.1854656725725965 0.01770731951267872
			vertex 0.6358221769332886 2.1699818106534874 -0.009366027191545029
		endloop
	endfacet
	facet normal 0.653657560288122 0.6814327179920999 -0.32921306889016316
		outer loop
			vertex 0.6793030500411987 2.152514316268901 0.04081023078268273
			vertex 0.6818094253540039 2.1370304543497927 0.013736885941104374
			vertex 0.6333158016204834 2.1854656725725965 0.01770731951267872
		endloop
	endfacet
	facet normal 0.6536575662696458 0.6814327222797619 -0.32921304813879526
		outer loop
			vertex 0.6333158016204834 2.1854656725725965 0.01770731951267872
			vertex 0.6818094253540039 2.1370304543497927 0.013736885941104374
			vertex 0.6358221769332886 2.1699818106534874 -0.009366027191545029
		endloop
	endfacet
	facet normal 0.8349792829812313 -0.43897384740581236 0.33183061686030063
		outer loop
			vertex 0.3077613413333893 1.8625605891947297 0.19362759917563083
			vertex 0.3058528006076813 1.841498924407376 0.17056785824459608
			vertex 0.35040709376335144 1.9089682888456678 0.14771094005205834
		endloop
	endfacet
	facet normal 0.8349791698580687 -0.43897353729005084 0.3318313117567279
		outer loop
			vertex 0.35040709376335144 1.9089682888456678 0.14771094005205834
			vertex 0.3058528006076813 1.841498924407376 0.17056785824459608
			vertex 0.34849849343299866 1.8879065048490167 0.12465125872569238
		endloop
	endfacet
	facet normal 0.06099642502314031 0.6731413526855338 0.736993999595035
		outer loop
			vertex 0.28143882751464844 1.8760783270334052 0.1834595800363614
			vertex 0.3077613413333893 1.8625605891947297 0.19362759917563083
			vertex 0.32332274317741394 1.9228773907949883 0.13724868249173847
		endloop
	endfacet
	facet normal 0.06100043300014914 0.6731406276041801 0.7369943301291028
		outer loop
			vertex 0.32332274317741394 1.9228773907949883 0.13724868249173847
			vertex 0.3077613413333893 1.8625605891947297 0.19362759917563083
			vertex 0.35040709376335144 1.9089682888456678 0.14771094005205834
		endloop
	endfacet
	facet normal -0.8412737700584455 0.43203291804846944 -0.324970770276612
		outer loop
			vertex 0.27953028678894043 1.8550166622460575 0.16039988380881626
			vertex 0.28143882751464844 1.8760783270334052 0.1834595800363614
			vertex 0.32141414284706116 1.901815368379717 0.11418893411017017
		endloop
	endfacet
	facet normal -0.8412745426691821 0.4320303645802941 -0.3249721648655109
		outer loop
			vertex 0.32141414284706116 1.901815368379717 0.11418893411017017
			vertex 0.28143882751464844 1.8760783270334052 0.1834595800363614
			vertex 0.32332274317741394 1.9228773907949883 0.13724868249173847
		endloop
	endfacet
	facet normal -0.06099842064037209 -0.6731421377856849 -0.7369931173468979
		outer loop
			vertex 0.3058528006076813 1.841498924407376 0.17056785824459608
			vertex 0.27953028678894043 1.8550166622460575 0.16039988380881626
			vertex 0.34849849343299866 1.8879065048490167 0.12465125872569238
		endloop
	endfacet
	facet normal -0.06099607865044395 -0.673144707949519 -0.736990963681934
		outer loop
			vertex 0.34849849343299866 1.8879065048490167 0.12465125872569238
			vertex 0.27953028678894043 1.8550166622460575 0.16039988380881626
			vertex 0.32141414284706116 1.901815368379717 0.11418893411017017
		endloop
	endfacet
	facet normal -0.5371557060281321 -0.6001940008302391 0.5926473731054663
		outer loop
			vertex 0.27953028678894043 1.8550166622460575 0.16039988380881626
			vertex 0.3058528006076813 1.841498924407376 0.17056785824459608
			vertex 0.28143882751464844 1.8760783270334052 0.1834595800363614
		endloop
	endfacet
	facet normal -0.5371564700121528 -0.6001942049856999 0.5926464738996318
		outer loop
			vertex 0.28143882751464844 1.8760783270334052 0.1834595800363614
			vertex 0.3058528006076813 1.841498924407376 0.17056785824459608
			vertex 0.3077613413333893 1.8625605891947297 0.19362759917563083
		endloop
	endfacet
	facet normal -0.09851283684410518 0.4183528557788942 0.9029264139665926
		outer loop
			vertex -0.45968756079673767 1.91629674280633 -0.27882156557910803
			vertex -0.4916851222515106 1.8124394560246486 -0.23419243374262189
			vertex -0.4125522971153259 1.9445511352974902 -0.28677002863801393
		endloop
	endfacet
	facet normal -0.09851144934679383 0.41835220494622616 0.9029268668968848
		outer loop
			vertex -0.4125522971153259 1.9445511352974902 -0.28677002863801393
			vertex -0.4916851222515106 1.8124394560246486 -0.23419243374262189
			vertex -0.39574146270751953 1.8130099931320034 -0.22398910073946238
		endloop
	endfacet
	facet normal -0.09851169941366647 0.41835216811186665 0.9029268566803915
		outer loop
			vertex -0.4125522971153259 1.9445511352974902 -0.28677002863801393
			vertex -0.39574146270751953 1.8130099931320034 -0.22398910073946238
			vertex -0.37182876467704773 1.9278903251761925 -0.27460754798731973
		endloop
	endfacet
	facet normal 0.28627546784444413 -0.9581453207983961 -0.001975029767684779
		outer loop
			vertex -0.42899227142333984 1.7368463265060494 -0.27485044108129036
			vertex -0.40143218636512756 1.74508285491856 -0.27587063542498835
			vertex -0.4279986321926117 1.7370839145168073 -0.24608596583674544
		endloop
	endfacet
	facet normal 0.2862799958207894 -0.9581439769730303 -0.0019706301413297917
		outer loop
			vertex -0.4279986321926117 1.7370839145168073 -0.24608596583674544
			vertex -0.40143218636512756 1.74508285491856 -0.27587063542498835
			vertex -0.4004386067390442 1.7453205621386292 -0.24710611547696984
		endloop
	endfacet
	facet normal -0.034524211269901385 -0.008263325532624025 -0.9993696995043092
		outer loop
			vertex -0.40143218636512756 1.74508285491856 -0.27587063542498835
			vertex -0.42899227142333984 1.7368463265060494 -0.27485044108129036
			vertex -0.4230591058731079 1.8203754523317968 -0.27574607181689614
		endloop
	endfacet
	facet normal -0.03451588294248185 -0.008263920134714981 -0.9993699822631796
		outer loop
			vertex -0.4230591058731079 1.8203754523317968 -0.27574607181689614
			vertex -0.42899227142333984 1.7368463265060494 -0.27485044108129036
			vertex -0.45141685009002686 1.8119005053120871 -0.27469658175432127
		endloop
	endfacet
	facet normal -0.9575259469571001 -0.2861608653449938 0.0354403731486151
		outer loop
			vertex -0.42899227142333984 1.7368463265060494 -0.27485044108129036
			vertex -0.4279986321926117 1.7370839145168073 -0.24608596583674544
			vertex -0.45141685009002686 1.8119005053120871 -0.27469658175432127
		endloop
	endfacet
	facet normal -0.9575260490194063 -0.2861603449458816 0.03544181752873168
		outer loop
			vertex -0.45141685009002686 1.8119005053120871 -0.27469658175432127
			vertex -0.4279986321926117 1.7370839145168073 -0.24608596583674544
			vertex -0.4504232704639435 1.8121384509507759 -0.24593200220168202
		endloop
	endfacet
	facet normal 0.034522299173202486 0.008264436771739762 0.9993697563688035
		outer loop
			vertex -0.4279986321926117 1.7370839145168073 -0.24608596583674544
			vertex -0.4004386067390442 1.7453205621386292 -0.24710611547696984
			vertex -0.4504232704639435 1.8121384509507759 -0.24593200220168202
		endloop
	endfacet
	facet normal 0.034522130807617735 0.008264310701460949 0.999369763227371
		outer loop
			vertex -0.4504232704639435 1.8121384509507759 -0.24593200220168202
			vertex -0.4004386067390442 1.7453205621386292 -0.24710611547696984
			vertex -0.4220655560493469 1.8206132787611558 -0.2469816710781992
		endloop
	endfacet
	facet normal 0.9605161163355527 0.2759555890633645 -0.03545847041764412
		outer loop
			vertex -0.4004386067390442 1.7453205621386292 -0.24710611547696984
			vertex -0.40143218636512756 1.74508285491856 -0.27587063542498835
			vertex -0.4220655560493469 1.8206132787611558 -0.2469816710781992
		endloop
	endfacet
	facet normal 0.960516076196014 0.27595569088580896 -0.035458765302093076
		outer loop
			vertex -0.4220655560493469 1.8206132787611558 -0.2469816710781992
			vertex -0.40143218636512756 1.74508285491856 -0.27587063542498835
			vertex -0.4230591058731079 1.8203754523317968 -0.27574607181689614
		endloop
	endfacet
	facet normal -0.36450594318898183 0.8703186080936246 0.3311811253466698
		outer loop
			vertex -0.46812140941619873 2.116886648235905 -0.40363561300598216
			vertex -0.47341492772102356 2.1049151763777294 -0.37800167679338986
			vertex -0.4168054163455963 2.1317117582489207 -0.3861152445446372
		endloop
	endfacet
	facet normal -0.3645060501814407 0.8703187141101484 0.3311807289846182
		outer loop
			vertex -0.4168054163455963 2.1317117582489207 -0.3861152445446372
			vertex -0.47341492772102356 2.1049151763777294 -0.37800167679338986
			vertex -0.42209896445274353 2.119740286390745 -0.36048130833204484
		endloop
	endfacet
	facet normal 0.9363515234853698 -0.34977928265252983 0.030004631204344646
		outer loop
			vertex -0.44339483976364136 2.0570712303326015 -0.42646445520638643
			vertex -0.4168054163455963 2.1317117582489207 -0.3861152445446372
			vertex -0.4486883580684662 2.0450995200558184 -0.40083048919143566
		endloop
	endfacet
	facet normal 0.936351183913892 -0.3497798447419842 0.0300086753344133
		outer loop
			vertex -0.4486883580684662 2.0450995200558184 -0.40083048919143566
			vertex -0.4168054163455963 2.1317117582489207 -0.3861152445446372
			vertex -0.42209896445274353 2.119740286390745 -0.36048130833204484
		endloop
	endfacet
	facet normal -0.9145372971728203 -0.2596867687313405 -0.31013596087153145
		outer loop
			vertex -0.4486883580684662 2.0450995200558184 -0.40083048919143566
			vertex -0.47341492772102356 2.1049151763777294 -0.37800167679338986
			vertex -0.44339483976364136 2.0570712303326015 -0.42646445520638643
		endloop
	endfacet
	facet normal -0.9145373572431029 -0.25968819872008664 -0.3101345863529539
		outer loop
			vertex -0.44339483976364136 2.0570712303326015 -0.42646445520638643
			vertex -0.47341492772102356 2.1049151763777294 -0.37800167679338986
			vertex -0.46812140941619873 2.116886648235905 -0.40363561300598216
		endloop
	endfacet
	facet normal -0.5193319981558774 0.752370388430356 -0.4052568004421142
		outer loop
			vertex -0.4539760649204254 1.8920413375780747 -0.331171822220646
			vertex -0.4125522971153259 1.9445511352974902 -0.28677002863801393
			vertex -0.40684083104133606 1.9202956108599334 -0.33912025547720953
		endloop
	endfacet
	facet normal -0.5193334639441043 0.7523702203169974 -0.40525523415246695
		outer loop
			vertex -0.4539760649204254 1.8920413375780747 -0.331171822220646
			vertex -0.45968756079673767 1.91629674280633 -0.27882156557910803
			vertex -0.4125522971153259 1.9445511352974902 -0.28677002863801393
		endloop
	endfacet
	facet normal -0.9571388210755472 0.20850027095415896 -0.2010296351341123
		outer loop
			vertex -0.45968756079673767 1.91629674280633 -0.27882156557910803
			vertex -0.4539760649204254 1.8920413375780747 -0.331171822220646
			vertex -0.4859735369682312 1.788184170005697 -0.2865427052853391
		endloop
	endfacet
	facet normal -0.9571385891724927 0.20850028880113478 -0.20103072075365436
		outer loop
			vertex -0.45968756079673767 1.91629674280633 -0.27882156557910803
			vertex -0.4859735369682312 1.788184170005697 -0.2865427052853391
			vertex -0.4916851222515106 1.8124394560246486 -0.23419243374262189
		endloop
	endfacet
	facet normal -0.08010621019811097 0.494863085519672 0.8652707793966268
		outer loop
			vertex 0.6307949423789978 2.1014872531755513 0.06550262734503957
			vertex 0.6793030500411987 2.152514316268901 0.04081023078268273
			vertex 0.6333158016204834 2.1854656725725965 0.01770731951267872
		endloop
	endfacet
	facet normal 0.6766930935364509 0.3534312138264781 0.6458891810931736
		outer loop
			vertex -0.2807586193084717 0.9190404277407292 -0.4372999811430892
			vertex -0.4223373830318451 1.0543264294496653 -0.3629976438224823
			vertex -0.2976773679256439 0.879808590939749 -0.39810663841069127
		endloop
	endfacet
	facet normal 0.6766917236799056 0.35342978983848117 0.6458913954821239
		outer loop
			vertex -0.2976773679256439 0.879808590939749 -0.39810663841069127
			vertex -0.4223373830318451 1.0543264294496653 -0.3629976438224823
			vertex -0.4392562210559845 1.0150942946254211 -0.3238043010900442
		endloop
	endfacet
	facet normal 0.7715406703162557 -0.6059524736143306 -0.19376943455719947
		outer loop
			vertex -0.4706551730632782 1.0715216523019384 -0.39440622851025864
			vertex -0.3151695430278778 1.2873516422510596 -0.45024181007394515
			vertex -0.45311179757118225 1.0745249004606479 -0.33394466983922155
		endloop
	endfacet
	facet normal 0.771540312242975 -0.6059526755500042 -0.193770228822191
		outer loop
			vertex -0.45311179757118225 1.0745249004606479 -0.33394466983922155
			vertex -0.3151695430278778 1.2873516422510596 -0.45024181007394515
			vertex -0.29762616753578186 1.2903547712004757 -0.3897801619959129
		endloop
	endfacet
	facet normal -0.8396264605508665 0.5281469027508405 0.12683948855746252
		outer loop
			vertex -0.36131715774536133 1.32143847369489 -0.42493254659340635
			vertex -0.35773277282714844 1.319823191696087 -0.3944794861877099
			vertex -0.3308838903903961 1.3694816121675575 -0.42352335004498554
		endloop
	endfacet
	facet normal -0.8124389898957263 0.55091074139057 0.19089327572679157
		outer loop
			vertex -0.3308838903903961 1.3694816121675575 -0.42352335004498554
			vertex -0.35773277282714844 1.319823191696087 -0.3944794861877099
			vertex -0.32534778118133545 1.3673259542965535 -0.39374060349189155
		endloop
	endfacet
	facet normal -0.024432505827088502 0.11944770088756589 -0.99253982258229
		outer loop
			vertex -0.34083524346351624 1.2969839954968987 -0.42837971879682957
			vertex -0.36131715774536133 1.32143847369489 -0.42493254659340635
			vertex -0.30898088216781616 1.3442254518588006 -0.4234785537550302
		endloop
	endfacet
	facet normal 0.020720328804997665 0.01619631534051389 -0.9996541138531885
		outer loop
			vertex -0.30898088216781616 1.3442254518588006 -0.4234785537550302
			vertex -0.36131715774536133 1.32143847369489 -0.42493254659340635
			vertex -0.3308838903903961 1.3694816121675575 -0.42352335004498554
		endloop
	endfacet
	facet normal -0.7500740397111595 0.634625356080138 0.1861171469036099
		outer loop
			vertex -0.5372956395149231 1.150265369994589 -0.31328043234898534
			vertex -0.3803880214691162 1.3520076810875776 -0.36882853877949145
			vertex -0.5548388957977295 1.1472623602544745 -0.37374211022936
		endloop
	endfacet
	facet normal -0.750074081847157 0.6346253996197435 0.18611682862821818
		outer loop
			vertex -0.5548388957977295 1.1472623602544745 -0.37374211022936
			vertex -0.3803880214691162 1.3520076810875776 -0.36882853877949145
			vertex -0.3979313373565674 1.3490045521381655 -0.4292901570551973
		endloop
	endfacet
	facet normal 0.5521494492549271 0.8093008005663268 -0.20040758441282505
		outer loop
			vertex -0.3979313373565674 1.3490045521381655 -0.4292901570551973
			vertex -0.3803880214691162 1.3520076810875776 -0.36882853877949145
			vertex -0.3151695430278778 1.2873516422510596 -0.45024181007394515
		endloop
	endfacet
	facet normal 0.5521491292484326 0.8093009299644094 -0.2004079435275449
		outer loop
			vertex -0.3151695430278778 1.2873516422510596 -0.45024181007394515
			vertex -0.3803880214691162 1.3520076810875776 -0.36882853877949145
			vertex -0.29762616753578186 1.2903547712004757 -0.3897801619959129
		endloop
	endfacet
	facet normal -0.2551218154670671 0.10269925184181658 0.9614394015973753
		outer loop
			vertex -0.028901079669594765 1.6106762413323124 0.3962224471213273
			vertex -0.122956283390522 1.6258511055227391 0.36964356811542287
			vertex -0.0884585976600647 1.364188472926734 0.4067480062695767
		endloop
	endfacet
	facet normal -0.23915906190645467 0.10534399394336151 0.9652489761963418
		outer loop
			vertex -0.0884585976600647 1.364188472926734 0.4067480062695767
			vertex -0.122956283390522 1.6258511055227391 0.36964356811542287
			vertex -0.18733149766921997 1.3880987565395653 0.3796408500523686
		endloop
	endfacet
	facet normal 0.9474668157960909 -0.18443831263762456 0.26132191220141116
		outer loop
			vertex -0.0233001708984375 1.684562991330908 0.30648256603248647
			vertex -0.02618306316435337 1.701068357121445 0.3285842968926694
			vertex -0.05529630184173584 1.5934978176657482 0.35821709230278037
		endloop
	endfacet
	facet normal 0.9472529118566946 -0.18410201650912839 0.2623325532530916
		outer loop
			vertex -0.05529630184173584 1.5934978176657482 0.35821709230278037
			vertex -0.02618306316435337 1.701068357121445 0.3285842968926694
			vertex -0.06019899249076843 1.6041104294731454 0.3833679595725151
		endloop
	endfacet
	facet normal -0.13325441004544583 0.5225685765374867 0.8421195550627153
		outer loop
			vertex -0.02618306316435337 1.701068357121445 0.3285842968926694
			vertex -0.05554661899805069 1.7075341494827565 0.31992561752100906
			vertex -0.06019899249076843 1.6041104294731454 0.3833679595725151
		endloop
	endfacet
	facet normal -0.12554486661401476 0.5228434332767182 0.843132985208314
		outer loop
			vertex -0.06019899249076843 1.6041104294731454 0.3833679595725151
			vertex -0.05554661899805069 1.7075341494827565 0.31992561752100906
			vertex -0.08950665593147278 1.610917875714056 0.3747825342732219
		endloop
	endfacet
	facet normal -0.9474115434395547 0.18457794039940373 -0.26142370067649784
		outer loop
			vertex -0.05554661899805069 1.7075341494827565 0.31992561752100906
			vertex -0.052663687616586685 1.6910285452736202 0.29782397606783734
			vertex -0.08950665593147278 1.610917875714056 0.3747825342732219
		endloop
	endfacet
	facet normal -0.9473464443569548 0.1837876182224757 -0.2622152279184888
		outer loop
			vertex -0.08950665593147278 1.610917875714056 0.3747825342732219
			vertex -0.052663687616586685 1.6910285452736202 0.29782397606783734
			vertex -0.08460398763418198 1.6003055023252657 0.34963163720112866
		endloop
	endfacet
	facet normal -0.25101057491895373 -0.9677670608980532 0.02050870838449748
		outer loop
			vertex 0.07150132209062576 1.8105420128602376 -0.1496999771433084
			vertex 0.16776864230632782 1.7863157064446455 -0.11465661782768995
			vertex 0.007633773609995842 1.8316248032373992 0.06346800662659859
		endloop
	endfacet
	facet normal -0.23231417529709036 -0.9718839044091215 0.038364049662598314
		outer loop
			vertex 0.007633773609995842 1.8316248032373992 0.06346800662659859
			vertex 0.16776864230632782 1.7863157064446455 -0.11465661782768995
			vertex 0.10614246875047684 1.8092471940045212 0.0930928259185582
		endloop
	endfacet
	facet normal 0.9116643795300289 -0.23111210946331864 0.33978706855256025
		outer loop
			vertex 0.15310443937778473 1.772325887760257 -0.193769402201336
			vertex 0.16356270015239716 1.7944898761532957 -0.20675417448007302
			vertex 0.13761307299137115 1.8091789766916335 -0.12713907943962774
		endloop
	endfacet
	facet normal 0.913000049377868 -0.22642331141968575 0.3393573247798768
		outer loop
			vertex 0.13761307299137115 1.8091789766916335 -0.12713907943962774
			vertex 0.16356270015239716 1.7944898761532957 -0.20675417448007302
			vertex 0.1468428522348404 1.833988577835484 -0.13541742398652745
		endloop
	endfacet
	facet normal 0.3593248215068403 0.8495601318333995 -0.38617775058681775
		outer loop
			vertex 0.16356270015239716 1.7944898761532957 -0.20675417448007302
			vertex 0.1350368857383728 1.801724329852439 -0.21738122310737892
			vertex 0.1468428522348404 1.833988577835484 -0.13541742398652745
		endloop
	endfacet
	facet normal 0.35383068616220503 0.8518187140747636 -0.38627545078868175
		outer loop
			vertex 0.1468428522348404 1.833988577835484 -0.13541742398652745
			vertex 0.1350368857383728 1.801724329852439 -0.21738122310737892
			vertex 0.11820997297763824 1.8411827388247888 -0.14578067731636174
		endloop
	endfacet
	facet normal -0.9114054638136013 0.23023824589887382 -0.3410724712669198
		outer loop
			vertex 0.1350368857383728 1.801724329852439 -0.21738122310737892
			vertex 0.12457861751317978 1.779560222250075 -0.20439659984025788
			vertex 0.11820997297763824 1.8411827388247888 -0.14578067731636174
		endloop
	endfacet
	facet normal -0.9133785154561197 0.22703959150041356 -0.33792412076455924
		outer loop
			vertex 0.11820997297763824 1.8411827388247888 -0.14578067731636174
			vertex 0.12457861751317978 1.779560222250075 -0.20439659984025788
			vertex 0.10898026823997498 1.8163731376809382 -0.13750233276946203
		endloop
	endfacet
	facet normal 0.012074208551846672 -0.7785646732217957 -0.6274482154719108
		outer loop
			vertex -0.012853797525167465 1.8145759727310042 0.11957642413214209
			vertex 0.0859072133898735 1.7926444446509369 0.14869049854504396
			vertex -0.08714902400970459 1.6861992543572826 0.27744207629029444
		endloop
	endfacet
	facet normal 0.013023425249845918 -0.7791721898367848 -0.6266746276814716
		outer loop
			vertex -0.08714902400970459 1.6861992543572826 0.27744207629029444
			vertex 0.0859072133898735 1.7926444446509369 0.14869049854504396
			vertex 0.009861232712864876 1.6613486485223217 0.31035597751269406
		endloop
	endfacet
	facet normal -0.3519946391233765 0.13927495549712982 0.9255821199654175
		outer loop
			vertex 0.03620309755206108 1.3356768425868952 -0.3547100718873786
			vertex 0.13262198865413666 1.319611844192104 -0.31562506372408466
			vertex 0.08799217641353607 1.5538665864767296 -0.36784654944408
		endloop
	endfacet
	facet normal -0.3231448855709074 0.14684566500688895 0.9348870164881153
		outer loop
			vertex 0.08799217641353607 1.5538665864767296 -0.36784654944408
			vertex 0.13262198865413666 1.319611844192104 -0.31562506372408466
			vertex 0.1838630884885788 1.5306675068807958 -0.33106469390815174
		endloop
	endfacet
	facet normal 0.9167285639776318 -0.1452983823777779 0.372152012040658
		outer loop
			vertex 0.08024368435144424 1.2582785380237111 -0.3100024591793375
			vertex 0.0863664522767067 1.2418551883169984 -0.33149690804565224
			vertex 0.10401741415262222 1.323433810042874 -0.3431262934041298
		endloop
	endfacet
	facet normal 0.9183452787334973 -0.14627462328154286 0.3677576424926315
		outer loop
			vertex 0.10401741415262222 1.323433810042874 -0.3431262934041298
			vertex 0.0863664522767067 1.2418551883169984 -0.33149690804565224
			vertex 0.11172756552696228 1.311702180649543 -0.36704590721095964
		endloop
	endfacet
	facet normal 0.2528147756749739 -0.5101901620876892 -0.822064892638866
		outer loop
			vertex 0.0863664522767067 1.2418551883169984 -0.33149690804565224
			vertex 0.05767903849482536 1.2463919352953143 -0.3431349257275267
			vertex 0.11172756552696228 1.311702180649543 -0.36704590721095964
		endloop
	endfacet
	facet normal 0.24849682727572014 -0.5076685067322694 -0.8249375819455245
		outer loop
			vertex 0.11172756552696228 1.311702180649543 -0.36704590721095964
			vertex 0.05767903849482536 1.2463919352953143 -0.3431349257275267
			vertex 0.08307763934135437 1.3165414808493736 -0.37865427161872484
		endloop
	endfacet
	facet normal -0.9172445259575539 0.14406841774946977 -0.3713580086763532
		outer loop
			vertex 0.05767903849482536 1.2463919352953143 -0.3431349257275267
			vertex 0.05155625566840172 1.2628151657927296 -0.32164041725654313
			vertex 0.08307763934135437 1.3165414808493736 -0.37865427161872484
		endloop
	endfacet
	facet normal -0.9178983509780306 0.1476889237207244 -0.3683077505049636
		outer loop
			vertex 0.08307763934135437 1.3165414808493736 -0.37865427161872484
			vertex 0.05155625566840172 1.2628151657927296 -0.32164041725654313
			vertex 0.0753675177693367 1.328273229452002 -0.3547347174165638
		endloop
	endfacet
	facet normal 0.11639486955376264 0.9925984562066636 -0.03464879619425222
		outer loop
			vertex -0.16260413825511932 1.1462504561844358 0.10054693131412196
			vertex -0.061719126999378204 1.1353995521232478 0.12859717294477713
			vertex -0.09179466962814331 1.1304677113852417 -0.11371936575299536
		endloop
	endfacet
	facet normal 0.15057150223968005 0.9878376710364453 -0.038793793248119476
		outer loop
			vertex -0.09179466962814331 1.1304677113852417 -0.11371936575299536
			vertex -0.061719126999378204 1.1353995521232478 0.12859717294477713
			vertex 0.005839472636580467 1.1170391457133046 -0.07671147578530263
		endloop
	endfacet
	facet normal 0.5421674184406391 -0.5022062520257168 -0.673678982014205
		outer loop
			vertex -0.07901963591575623 1.712001161122947 0.3239593021933177
			vertex -0.1145847961306572 1.620958754757324 0.36320617686512346
			vertex -0.2604684829711914 1.7114023532209732 0.17837820120407236
		endloop
	endfacet
	facet normal 0.5488878639856859 -0.49345667254243497 -0.6747018786787091
		outer loop
			vertex -0.2604684829711914 1.7114023532209732 0.17837820120407236
			vertex -0.1145847961306572 1.620958754757324 0.36320617686512346
			vertex -0.2924334406852722 1.6198437707922624 0.2193370556836506
		endloop
	endfacet
	facet normal -0.3007925239980917 -0.865686169327794 0.40013911798451735
		outer loop
			vertex -0.009932365268468857 1.6373841313983026 0.3874996304235669
			vertex -0.009785871021449566 1.6489787894708603 0.41269436658580394
			vertex -0.1116698831319809 1.660422160585574 0.36086344048752506
		endloop
	endfacet
	facet normal -0.30010136882658867 -0.8666504625712517 0.39856761553523595
		outer loop
			vertex -0.1116698831319809 1.660422160585574 0.36086344048752506
			vertex -0.009785871021449566 1.6489787894708603 0.41269436658580394
			vertex -0.11916744709014893 1.6736784768976622 0.3840428537089041
		endloop
	endfacet
	facet normal -0.1286220170461906 0.4534578420170046 0.8819480496289172
		outer loop
			vertex -0.009785871021449566 1.6489787894708603 0.41269436658580394
			vertex -0.00016944976232480258 1.676005206294727 0.4002010489171224
			vertex -0.11916744709014893 1.6736784768976622 0.3840428537089041
		endloop
	endfacet
	facet normal -0.1288356805711298 0.44908589245729724 0.8841511344830175
		outer loop
			vertex -0.11916744709014893 1.6736784768976622 0.3840428537089041
			vertex -0.00016944976232480258 1.676005206294727 0.4002010489171224
			vertex -0.10942788422107697 1.7007381531403742 0.37171768076125694
		endloop
	endfacet
	facet normal 0.3003265312148202 0.8658228551355224 -0.4001934009618924
		outer loop
			vertex -0.00016944976232480258 1.676005206294727 0.4002010489171224
			vertex -0.00031579183996655047 1.664410667431475 0.3750063127548693
			vertex -0.10942788422107697 1.7007381531403742 0.37171768076125694
		endloop
	endfacet
	facet normal 0.30052526436341687 0.866582477488862 -0.39839600297764605
		outer loop
			vertex -0.10942788422107697 1.7007381531403742 0.37171768076125694
			vertex -0.00031579183996655047 1.664410667431475 0.3750063127548693
			vertex -0.1019301563501358 1.6874817176189965 0.3485383867491995
		endloop
	endfacet
	facet normal -0.8075979292997634 0.05411218230602168 -0.5872456524460734
		outer loop
			vertex 0.3782730996608734 1.4418704615457607 0.10830637430598891
			vertex 0.3401011526584625 1.354401950858174 0.15274173666487958
			vertex 0.2628565728664398 1.569006493577811 0.2787457053972122
		endloop
	endfacet
	facet normal -0.8211868738814448 0.03871064717293825 -0.5693448901678775
		outer loop
			vertex 0.2628565728664398 1.569006493577811 0.2787457053972122
			vertex 0.3401011526584625 1.354401950858174 0.15274173666487958
			vertex 0.22943492233753204 1.478468223741981 0.32079513117052455
		endloop
	endfacet
	facet normal -0.36656263197055783 -0.827548178824925 0.4252009508060484
		outer loop
			vertex 0.37750324606895447 1.3434952428588316 0.07671881982439473
			vertex 0.40325313806533813 1.3352951931950752 0.08295825088071562
			vertex 0.36506620049476624 1.3848795971330345 0.14654131386061367
		endloop
	endfacet
	facet normal -0.3632211864639304 -0.8278616733661196 0.427452242332618
		outer loop
			vertex 0.36506620049476624 1.3848795971330345 0.14654131386061367
			vertex 0.40325313806533813 1.3352951931950752 0.08295825088071562
			vertex 0.39005252718925476 1.379469403454002 0.15729496252532693
		endloop
	endfacet
	facet normal 0.9179908807467392 -0.24736096385408496 0.31000854250650006
		outer loop
			vertex 0.40325313806533813 1.3352951931950752 0.08295825088071562
			vertex 0.4147220849990845 1.3611909096473849 0.06965926472285658
			vertex 0.39005252718925476 1.379469403454002 0.15729496252532693
		endloop
	endfacet
	facet normal 0.9194125790783906 -0.24274265255355393 0.3094454944956975
		outer loop
			vertex 0.39005252718925476 1.379469403454002 0.15729496252532693
			vertex 0.4147220849990845 1.3611909096473849 0.06965926472285658
			vertex 0.4013599157333374 1.4054976806703106 0.14411660871631
		endloop
	endfacet
	facet normal 0.36663692383497193 0.8269536630576556 -0.42629215948261906
		outer loop
			vertex 0.4147220849990845 1.3611909096473849 0.06965926472285658
			vertex 0.3889721632003784 1.369390959311144 0.06341985601828047
			vertex 0.4013599157333374 1.4054976806703106 0.14411660871631
		endloop
	endfacet
	facet normal 0.36291547743543784 0.8285256333801081 -0.4264242383705448
		outer loop
			vertex 0.4013599157333374 1.4054976806703106 0.14411660871631
			vertex 0.3889721632003784 1.369390959311144 0.06341985601828047
			vertex 0.37637364864349365 1.4109076359307322 0.13336296005162876
		endloop
	endfacet
	facet normal -0.44519927356551553 0.5964878697433111 0.6678321855569886
		outer loop
			vertex 0.10402378439903259 1.3135606559810615 -0.3502422531548315
			vertex 0.07096774876117706 1.2290835848140365 -0.2968261017007179
			vertex 0.3013605773448944 1.3086126536037341 -0.21427153741424623
		endloop
	endfacet
	facet normal -0.44444463784592153 0.5713118005096117 0.6899795580221731
		outer loop
			vertex 0.3013605773448944 1.3086126536037341 -0.21427153741424623
			vertex 0.07096774876117706 1.2290835848140365 -0.2968261017007179
			vertex 0.26328244805336 1.2223833239748074 -0.16740027462362678
		endloop
	endfacet
	facet normal -0.31204636335040203 -0.8024894287282027 0.5085644343633082
		outer loop
			vertex 0.011966276913881302 1.2676188208374315 -0.34495447981507754
			vertex 0.0117585938423872 1.2528305457014461 -0.36841707453600014
			vertex 0.08965186774730682 1.2498550872251892 -0.32531823120828746
		endloop
	endfacet
	facet normal -0.311398650658539 -0.8035266395545378 0.5073222052051666
		outer loop
			vertex 0.08965186774730682 1.2498550872251892 -0.32531823120828746
			vertex 0.0117585938423872 1.2528305457014461 -0.36841707453600014
			vertex 0.09443355351686478 1.2339691329696758 -0.34754429745740084
		endloop
	endfacet
	facet normal 0.08195529784274735 -0.5560591374737649 -0.8270922347522308
		outer loop
			vertex 0.0117585938423872 1.2528305457014461 -0.36841707453600014
			vertex 0.021531738340854645 1.2779368577813774 -0.3843277949117317
			vertex 0.09443355351686478 1.2339691329696758 -0.34754429745740084
		endloop
	endfacet
	facet normal 0.08332965870334595 -0.5545261174785693 -0.8279836671182156
		outer loop
			vertex 0.09443355351686478 1.2339691329696758 -0.34754429745740084
			vertex 0.021531738340854645 1.2779368577813774 -0.3843277949117317
			vertex 0.10431111603975296 1.2590867699447557 -0.3633722567742636
		endloop
	endfacet
	facet normal 0.31153594026296577 0.8026331613599684 -0.5086505344632725
		outer loop
			vertex 0.021531738340854645 1.2779368577813774 -0.3843277949117317
			vertex 0.021739423274993896 1.2927251329173628 -0.36086520019080903
			vertex 0.10431111603975296 1.2590867699447557 -0.3633722567742636
		endloop
	endfacet
	facet normal 0.3119085087167889 0.8034360483181122 -0.5071524410402113
		outer loop
			vertex 0.10431111603975296 1.2590867699447557 -0.3633722567742636
			vertex 0.021739423274993896 1.2927251329173628 -0.36086520019080903
			vertex 0.09952940791845322 1.2749728434095706 -0.34114622032749264
		endloop
	endfacet
	facet normal 0.8437484416015171 0.08620018131833068 0.5297717395593109
		outer loop
			vertex -0.34476643800735474 1.5858484449347532 -0.1569752014655535
			vertex -0.3653008043766022 1.4942307355843416 -0.10936355875640359
			vertex -0.2280723601579666 1.4566034818322717 -0.32179997514689207
		endloop
	endfacet
	facet normal 0.842806838703435 0.04640721968585842 0.5362117143402879
		outer loop
			vertex -0.2280723601579666 1.4566034818322717 -0.32179997514689207
			vertex -0.3653008043766022 1.4942307355843416 -0.10936355875640359
			vertex -0.25716301798820496 1.3705299596124791 -0.2686265038220904
		endloop
	endfacet
	facet normal -0.20489916070045278 0.487111272331242 0.8489634516939399
		outer loop
			vertex -0.3653008043766022 1.4942307355843416 -0.10936355875640359
			vertex -0.34476643800735474 1.5858484449347532 -0.1569752014655535
			vertex -0.3983522057533264 1.5899228977379753 -0.17224604816667147
		endloop
	endfacet
	facet normal -0.2049000412361834 0.48711095005797744 0.8489634240855286
		outer loop
			vertex -0.3653008043766022 1.4942307355843416 -0.10936355875640359
			vertex -0.3983522057533264 1.5899228977379753 -0.17224604816667147
			vertex -0.4188866913318634 1.498305069178256 -0.12463442035866877
		endloop
	endfacet
	facet normal -0.6807130383387594 -0.25941246479495506 0.6850802380339261
		outer loop
			vertex -0.3616572916507721 1.9489437006836499 0.16056868646673542
			vertex -0.3139207363128662 1.9141918085294747 0.19484178371921584
			vertex -0.33104854822158813 1.9874028936795667 0.2055452645051478
		endloop
	endfacet
	facet normal 0.0065176744700087665 0.964905687004302 -0.2625157806804366
		outer loop
			vertex -0.47947388887405396 1.0643408538011039 -0.3018284596556094
			vertex -0.4396800994873047 1.0541536984863296 -0.3382844818713593
			vertex -0.4794975817203522 1.0562954137950207 -0.33140094942540094
		endloop
	endfacet
	facet normal -0.17660838196604325 -0.16424370483477305 -0.9704810584661013
		outer loop
			vertex -0.4396800994873047 1.0541536984863296 -0.3382844818713593
			vertex -0.4862346947193146 1.0279386202519585 -0.3253758390910907
			vertex -0.4794975817203522 1.0562954137950207 -0.33140094942540094
		endloop
	endfacet
	facet normal -0.973972819357282 0.21891159032526086 -0.058776379392512984
		outer loop
			vertex -0.4862346947193146 1.0279386202519585 -0.3253758390910907
			vertex -0.47947388887405396 1.0643408538011039 -0.3018284596556094
			vertex -0.4794975817203522 1.0562954137950207 -0.33140094942540094
		endloop
	endfacet
	facet normal -0.14274550174409448 -0.5187487424322128 0.8429255387973629
		outer loop
			vertex -0.4862346947193146 1.0279386202519585 -0.3253758390910907
			vertex -0.45742806792259216 1.0413268999134178 -0.31225822771922324
			vertex -0.47947388887405396 1.0643408538011039 -0.3018284596556094
		endloop
	endfacet
	facet normal 0.6786519963058047 0.35996965717938445 0.640197870833934
		outer loop
			vertex -0.47947388887405396 1.0643408538011039 -0.3018284596556094
			vertex -0.45742806792259216 1.0413268999134178 -0.31225822771922324
			vertex -0.4396800994873047 1.0541536984863296 -0.3382844818713593
		endloop
	endfacet
	facet normal 0.46219831723646165 -0.8788946135974933 -0.1179702239257699
		outer loop
			vertex -0.4396800994873047 1.0541536984863296 -0.3382844818713593
			vertex -0.45742806792259216 1.0413268999134178 -0.31225822771922324
			vertex -0.4862346947193146 1.0279386202519585 -0.3253758390910907
		endloop
	endfacet
	facet normal 0.662714402645187 -0.6526549214560318 -0.36722087907123985
		outer loop
			vertex -0.34754735231399536 0.8860338661116928 -0.4991699937281972
			vertex -0.2807586193084717 0.9190404277407292 -0.4372999811430892
			vertex -0.3644661009311676 0.8468019697060516 -0.459976710600444
		endloop
	endfacet
	facet normal 0.6627145296159583 -0.6526554169737616 -0.3672197692536507
		outer loop
			vertex -0.3644661009311676 0.8468019697060516 -0.459976710600444
			vertex -0.2807586193084717 0.9190404277407292 -0.4372999811430892
			vertex -0.2976773679256439 0.879808590939749 -0.39810663841069127
		endloop
	endfacet
	facet normal -0.4308987287204452 0.809445325087223 -0.39890418809727235
		outer loop
			vertex -0.2978106737136841 1.9894871449223686 0.17387081529392193
			vertex -0.3616572916507721 1.9489437006836499 0.16056868646673542
			vertex -0.33104854822158813 1.9874028936795667 0.2055452645051478
		endloop
	endfacet
	facet normal 0.24785041920772127 -0.8909172112167354 -0.38057416157215906
		outer loop
			vertex 0.35514533519744873 2.2481823833676744 -0.13203998198713182
			vertex 0.28048038482666016 2.2305398819967035 -0.1393650487170818
			vertex 0.31746286153793335 2.2564183099829886 -0.17586099599476349
		endloop
	endfacet
	facet normal -0.5091254606403068 -0.3690150258947573 -0.7775726178252982
		outer loop
			vertex 0.28048038482666016 2.2305398819967035 -0.1393650487170818
			vertex 0.2815527021884918 2.314401477254406 -0.17986561688841032
			vertex 0.31746286153793335 2.2564183099829886 -0.17586099599476349
		endloop
	endfacet
	facet normal 0.7275315379894681 0.4127240674895708 -0.5480480867091349
		outer loop
			vertex 0.2815527021884918 2.314401477254406 -0.17986561688841032
			vertex 0.35514533519744873 2.2481823833676744 -0.13203998198713182
			vertex 0.31746286153793335 2.2564183099829886 -0.17586099599476349
		endloop
	endfacet
	facet normal 0.48796729679546236 0.7978997720105093 0.35389810833586915
		outer loop
			vertex 0.2815527021884918 2.314401477254406 -0.17986561688841032
			vertex 0.29132047295570374 2.2840074032672524 -0.12480719315325488
			vertex 0.35514533519744873 2.2481823833676744 -0.13203998198713182
		endloop
	endfacet
	facet normal -0.0342652187979296 -0.25608327676150544 0.9660472297687211
		outer loop
			vertex 0.35514533519744873 2.2481823833676744 -0.13203998198713182
			vertex 0.29132047295570374 2.2840074032672524 -0.12480719315325488
			vertex 0.28048038482666016 2.2305398819967035 -0.1393650487170818
		endloop
	endfacet
	facet normal -0.9616768022706212 0.1291131346997514 0.24188329091228336
		outer loop
			vertex 0.28048038482666016 2.2305398819967035 -0.1393650487170818
			vertex 0.29132047295570374 2.2840074032672524 -0.12480719315325488
			vertex 0.2815527021884918 2.314401477254406 -0.17986561688841032
		endloop
	endfacet
	facet normal -0.5392694395469565 -0.8365173741491585 -0.09709353385941065
		outer loop
			vertex -0.296874076128006 1.9074830614849618 0.15796229978040857
			vertex -0.3139207363128662 1.9141918085294747 0.19484178371921584
			vertex -0.3616572916507721 1.9489437006836499 0.16056868646673542
		endloop
	endfacet
	facet normal 0.20627118604102224 -0.4410803331345044 -0.8734416623514043
		outer loop
			vertex 0.037494171410799026 2.2165914172182823 -0.3057297389953567
			vertex -0.012530251406133175 2.221937714204354 -0.3202432938525768
			vertex 0.016977360472083092 2.2393718364783783 -0.3220788810821353
		endloop
	endfacet
	facet normal -0.4452669429611485 0.694062830786586 -0.5656979197650849
		outer loop
			vertex -0.012530251406133175 2.221937714204354 -0.3202432938525768
			vertex 0.009959911927580833 2.2586732574853494 -0.29287418333468673
			vertex 0.016977360472083092 2.2393718364783783 -0.3220788810821353
		endloop
	endfacet
	facet normal 0.793619096483356 0.5776355027708328 -0.19106531772048285
		outer loop
			vertex 0.009959911927580833 2.2586732574853494 -0.29287418333468673
			vertex 0.037494171410799026 2.2165914172182823 -0.3057297389953567
			vertex 0.016977360472083092 2.2393718364783783 -0.3220788810821353
		endloop
	endfacet
	facet normal 0.44306933189929987 0.016078112507106623 0.8963431605297812
		outer loop
			vertex 0.009959911927580833 2.2586732574853494 -0.29287418333468673
			vertex 0.006384721957147121 2.2253256466636815 -0.29050876820841526
			vertex 0.037494171410799026 2.2165914172182823 -0.3057297389953567
		endloop
	endfacet
	facet normal -0.16518331859953841 -0.9625978002605254 0.2147555498468928
		outer loop
			vertex 0.037494171410799026 2.2165914172182823 -0.3057297389953567
			vertex 0.006384721957147121 2.2253256466636815 -0.29050876820841526
			vertex -0.012530251406133175 2.221937714204354 -0.3202432938525768
		endloop
	endfacet
	facet normal -0.8433834914079703 0.12744402490760182 0.5219792207893459
		outer loop
			vertex -0.012530251406133175 2.221937714204354 -0.3202432938525768
			vertex 0.006384721957147121 2.2253256466636815 -0.29050876820841526
			vertex 0.009959911927580833 2.2586732574853494 -0.29287418333468673
		endloop
	endfacet
	facet normal -0.9755193621525922 0.20749548536116577 -0.07285326087509301
		outer loop
			vertex -0.26539912819862366 1.964766347617745 0.12935456214308397
			vertex -0.25795218348503113 2.007354590187173 0.15093532993230818
			vertex -0.25735941529273987 1.9959559101697124 0.1105331371382961
		endloop
	endfacet
	facet normal 0.4943329438826311 -0.46014946467782325 0.7374940072631401
		outer loop
			vertex -0.25795218348503113 2.007354590187173 0.15093532993230818
			vertex -0.26539912819862366 1.964766347617745 0.12935456214308397
			vertex -0.21507275104522705 1.9919633523840843 0.11259063068417564
		endloop
	endfacet
	facet normal -0.006960509504995107 -0.5153393535656957 -0.8569579347750517
		outer loop
			vertex -0.21507275104522705 1.9919633523840843 0.11259063068417564
			vertex -0.26539912819862366 1.964766347617745 0.12935456214308397
			vertex -0.25735941529273987 1.9959559101697124 0.1105331371382961
		endloop
	endfacet
	facet normal 0.10349083055056359 0.9576577306295414 -0.2686658127812901
		outer loop
			vertex -0.25795218348503113 2.007354590187173 0.15093532993230818
			vertex -0.21507275104522705 1.9919633523840843 0.11259063068417564
			vertex -0.25735941529273987 1.9959559101697124 0.1105331371382961
		endloop
	endfacet
	facet normal -0.047866632998098145 0.9402533964791068 0.3370939570133658
		outer loop
			vertex 0.2802748382091522 1.808648417668706 0.1824509293594318
			vertex 0.24700474739074707 1.8079069354312087 0.17979485672403103
			vertex 0.2662302553653717 1.8001814604366368 0.20407344216648524
		endloop
	endfacet
	facet normal -0.38371612116292664 -0.7773108666485007 -0.49854764561658
		outer loop
			vertex 0.2586134076118469 1.7752251109190655 0.19956091136779838
			vertex 0.26873672008514404 1.7846977177268346 0.1770001019815044
			vertex 0.27517107129096985 1.7607637121685533 0.2093645077867368
		endloop
	endfacet
	facet normal -0.6526739947495903 -0.5481525950285179 -0.5230156681602508
		outer loop
			vertex 0.2586134076118469 1.7752251109190655 0.19956091136779838
			vertex 0.24700474739074707 1.8079069354312087 0.17979485672403103
			vertex 0.26873672008514404 1.7846977177268346 0.1770001019815044
		endloop
	endfacet
	facet normal 0.07402491958999884 0.18726252058660905 -0.979516748025905
		outer loop
			vertex 0.2802748382091522 1.808648417668706 0.1824509293594318
			vertex 0.26873672008514404 1.7846977177268346 0.1770001019815044
			vertex 0.24700474739074707 1.8079069354312087 0.17979485672403103
		endloop
	endfacet
	facet normal 0.8558221186351771 -0.31975006498773423 -0.40660594830269864
		outer loop
			vertex 0.27517107129096985 1.7607637121685533 0.2093645077867368
			vertex 0.26873672008514404 1.7846977177268346 0.1770001019815044
			vertex 0.2802748382091522 1.808648417668706 0.1824509293594318
		endloop
	endfacet
	facet normal 0.7631185305307303 0.2529205318699019 0.5947111171983123
		outer loop
			vertex 0.27517107129096985 1.7607637121685533 0.2093645077867368
			vertex 0.2802748382091522 1.808648417668706 0.1824509293594318
			vertex 0.2662302553653717 1.8001814604366368 0.20407344216648524
		endloop
	endfacet
	facet normal -0.5095283761036037 -0.00007310499154005522 0.8604538503608923
		outer loop
			vertex 0.27517107129096985 1.7607637121685533 0.2093645077867368
			vertex 0.2662302553653717 1.8001814604366368 0.20407344216648524
			vertex 0.2586134076118469 1.7752251109190655 0.19956091136779838
		endloop
	endfacet
	facet normal -0.7602599735500368 0.11647799026149454 0.6390912692271272
		outer loop
			vertex 0.2586134076118469 1.7752251109190655 0.19956091136779838
			vertex 0.2662302553653717 1.8001814604366368 0.20407344216648524
			vertex 0.24700474739074707 1.8079069354312087 0.17979485672403103
		endloop
	endfacet
	facet normal 0.08269497677410369 0.19070388934861676 -0.9781582527401387
		outer loop
			vertex -0.2978106737136841 1.9894871449223686 0.17387081529392193
			vertex -0.296874076128006 1.9074830614849618 0.15796229978040857
			vertex -0.3616572916507721 1.9489437006836499 0.16056868646673542
		endloop
	endfacet
	facet normal -0.8099591356735485 -0.17954700772726 0.5583270283222421
		outer loop
			vertex 0.41393089294433594 2.1021049906227427 0.026991882284467233
			vertex 0.40548175573349 2.142818544865519 0.02782748748013531
			vertex 0.38964933156967163 2.1390126653255814 0.0036356604874540673
		endloop
	endfacet
	facet normal -0.4732296227474826 0.8636160691141587 0.17384190899229227
		outer loop
			vertex 0.4176153540611267 2.1557417830754613 -0.0033430056152865236
			vertex 0.38964933156967163 2.1390126653255814 0.0036356604874540673
			vertex 0.40548175573349 2.142818544865519 0.02782748748013531
		endloop
	endfacet
	facet normal 0.8904238442138118 0.1761735005760537 0.4196525650467025
		outer loop
			vertex 0.41393089294433594 2.1021049906227427 0.026991882284467233
			vertex 0.4176153540611267 2.1557417830754613 -0.0033430056152865236
			vertex 0.40548175573349 2.142818544865519 0.02782748748013531
		endloop
	endfacet
	facet normal 0.9511399812398004 -0.19889957229384922 -0.23616031891170058
		outer loop
			vertex 0.41393089294433594 2.1021049906227427 0.026991882284467233
			vertex 0.4089340269565582 2.1214922335079853 -0.009461461695489129
			vertex 0.4176153540611267 2.1557417830754613 -0.0033430056152865236
		endloop
	endfacet
	facet normal -0.7363993121856907 -0.6339668317657474 -0.23622470072653756
		outer loop
			vertex 0.41393089294433594 2.1021049906227427 0.026991882284467233
			vertex 0.38964933156967163 2.1390126653255814 0.0036356604874540673
			vertex 0.4089340269565582 2.1214922335079853 -0.009461461695489129
		endloop
	endfacet
	facet normal -0.3745868689444997 0.25423585931898424 -0.8916550933240353
		outer loop
			vertex 0.4176153540611267 2.1557417830754613 -0.0033430056152865236
			vertex 0.4089340269565582 2.1214922335079853 -0.009461461695489129
			vertex 0.38964933156967163 2.1390126653255814 0.0036356604874540673
		endloop
	endfacet
	facet normal 0.2813403925662738 -0.7837794746527109 0.5536581243184058
		outer loop
			vertex 0.309309720993042 2.2342478000930974 0.09773151582003313
			vertex 0.2455439567565918 2.2215179171210435 0.11211306971513192
			vertex 0.2415059357881546 2.20313893842441 0.08814700242516886
		endloop
	endfacet
	facet normal -0.9353470570753608 0.33866958508022665 -0.10212147160146638
		outer loop
			vertex 0.2415059357881546 2.20313893842441 0.08814700242516886
			vertex 0.2455439567565918 2.2215179171210435 0.11211306971513192
			vertex 0.2640649974346161 2.258730049317129 0.0658839716877541
		endloop
	endfacet
	facet normal 0.32880201540581805 -0.4630563937110055 -0.8230844494390784
		outer loop
			vertex 0.2415059357881546 2.20313893842441 0.08814700242516886
			vertex 0.2640649974346161 2.258730049317129 0.0658839716877541
			vertex 0.309309720993042 2.2342478000930974 0.09773151582003313
		endloop
	endfacet
	facet normal 0.615818673184429 0.7190246824939738 -0.32213485952595977
		outer loop
			vertex 0.309309720993042 2.2342478000930974 0.09773151582003313
			vertex 0.2640649974346161 2.258730049317129 0.0658839716877541
			vertex 0.29553115367889404 2.2540735021086773 0.11564348617829401
		endloop
	endfacet
	facet normal 0.28565566583196095 -0.5255132166521227 0.8013967180504538
		outer loop
			vertex 0.309309720993042 2.2342478000930974 0.09773151582003313
			vertex 0.29553115367889404 2.2540735021086773 0.11564348617829401
			vertex 0.2455439567565918 2.2215179171210435 0.11211306971513192
		endloop
	endfacet
	facet normal -0.5199526396832768 0.7550386695359766 0.39945695636918743
		outer loop
			vertex 0.29553115367889404 2.2540735021086773 0.11564348617829401
			vertex 0.2640649974346161 2.258730049317129 0.0658839716877541
			vertex 0.2455439567565918 2.2215179171210435 0.11211306971513192
		endloop
	endfacet
	facet normal -0.2116735255154559 0.17370238846166777 0.9617805356933409
		outer loop
			vertex 0.2991841435432434 1.9782968729621742 0.3581738570306844
			vertex 0.3476250171661377 2.0450774489158503 0.3567740625898225
			vertex 0.22220377624034882 2.055713537610357 0.3272497904741047
		endloop
	endfacet
	facet normal -0.049303327717792736 -0.9851639123497096 -0.16438140916711316
		outer loop
			vertex -0.24378804862499237 2.2275481849332595 -0.2906831121164255
			vertex -0.27233579754829407 2.2258368186710147 -0.2718642242700372
			vertex -0.26643896102905273 2.2296114588454055 -0.29625489573122177
		endloop
	endfacet
	facet normal 0.22040587296273065 -0.17275839377782704 -0.959987389783242
		outer loop
			vertex -0.27572184801101685 2.2601638491628533 -0.3038843549971851
			vertex -0.24378804862499237 2.2275481849332595 -0.2906831121164255
			vertex -0.26643896102905273 2.2296114588454055 -0.29625489573122177
		endloop
	endfacet
	facet normal -0.9002930718537692 -0.34107518986457036 -0.2704442634461887
		outer loop
			vertex -0.27233579754829407 2.2258368186710147 -0.2718642242700372
			vertex -0.27572184801101685 2.2601638491628533 -0.3038843549971851
			vertex -0.26643896102905273 2.2296114588454055 -0.29625489573122177
		endloop
	endfacet
	facet normal -0.6930868221873303 0.45395910176002247 0.5599569544523059
		outer loop
			vertex -0.27233579754829407 2.2258368186710147 -0.2718642242700372
			vertex -0.25902873277664185 2.2515404901321148 -0.27623146063302195
			vertex -0.27572184801101685 2.2601638491628533 -0.3038843549971851
		endloop
	endfacet
	facet normal 0.550594228494913 -0.14538217464996786 0.8220158263939557
		outer loop
			vertex -0.24378804862499237 2.2275481849332595 -0.2906831121164255
			vertex -0.25902873277664185 2.2515404901321148 -0.27623146063302195
			vertex -0.27233579754829407 2.2258368186710147 -0.2718642242700372
		endloop
	endfacet
	facet normal 0.7404997159053641 0.6226833311015603 -0.2528352030717635
		outer loop
			vertex -0.27572184801101685 2.2601638491628533 -0.3038843549971851
			vertex -0.25902873277664185 2.2515404901321148 -0.27623146063302195
			vertex -0.24378804862499237 2.2275481849332595 -0.2906831121164255
		endloop
	endfacet
	facet normal 0.17751965473295658 0.8820952794728388 -0.4363424000887676
		outer loop
			vertex 0.3162074387073517 2.0229915331571195 0.2993441183326004
			vertex 0.22220377624034882 2.055713537610357 0.3272497904741047
			vertex 0.3476250171661377 2.0450774489158503 0.3567740625898225
		endloop
	endfacet
	facet normal -0.1051401767675416 0.5950903562244234 -0.7967515366524116
		outer loop
			vertex -0.28388747572898865 2.2933517189816524 -0.31021979760531204
			vertex -0.2388513684272766 2.3325496491362667 -0.2868860416210345
			vertex -0.24375489354133606 2.293724366596697 -0.3152374067337003
		endloop
	endfacet
	facet normal -0.08410758681745545 -0.6850749832551929 -0.7236008438066125
		outer loop
			vertex -0.2156558483839035 2.2549317557119073 -0.2817762733208609
			vertex -0.28388747572898865 2.2933517189816524 -0.31021979760531204
			vertex -0.24375489354133606 2.293724366596697 -0.3152374067337003
		endloop
	endfacet
	facet normal 0.8591551381527963 0.22654583370893439 -0.45883486551783914
		outer loop
			vertex -0.2388513684272766 2.3325496491362667 -0.2868860416210345
			vertex -0.2156558483839035 2.2549317557119073 -0.2817762733208609
			vertex -0.24375489354133606 2.293724366596697 -0.3152374067337003
		endloop
	endfacet
	facet normal 0.5479098682137744 0.2169261162231973 0.8079219247020621
		outer loop
			vertex -0.2388513684272766 2.3325496491362667 -0.2868860416210345
			vertex -0.2472245693206787 2.292218282257326 -0.27037864682299
			vertex -0.2156558483839035 2.2549317557119073 -0.2817762733208609
		endloop
	endfacet
	facet normal -0.6700259802265041 0.39607710898503634 0.6278440169019436
		outer loop
			vertex -0.28388747572898865 2.2933517189816524 -0.31021979760531204
			vertex -0.2472245693206787 2.292218282257326 -0.27037864682299
			vertex -0.2388513684272766 2.3325496491362667 -0.2868860416210345
		endloop
	endfacet
	facet normal -0.5735678896442957 -0.6413751348358205 0.509566298319779
		outer loop
			vertex -0.2156558483839035 2.2549317557119073 -0.2817762733208609
			vertex -0.2472245693206787 2.292218282257326 -0.27037864682299
			vertex -0.28388747572898865 2.2933517189816524 -0.31021979760531204
		endloop
	endfacet
	facet normal -0.41560344665336346 -0.662285800479188 -0.6234190353313623
		outer loop
			vertex 0.3162074387073517 2.0229915331571195 0.2993441183326004
			vertex 0.2991841435432434 1.9782968729621742 0.3581738570306844
			vertex 0.22220377624034882 2.055713537610357 0.3272497904741047
		endloop
	endfacet
	facet normal -0.29181526929919993 -0.6766637063628261 0.6759956191390286
		outer loop
			vertex -0.2976773679256439 0.879808590939749 -0.39810663841069127
			vertex -0.4392562210559845 1.0150942946254211 -0.3238043010900442
			vertex -0.4500213861465454 0.9804497405622306 -0.36313022444661375
		endloop
	endfacet
	facet normal -0.2918128582639597 -0.6766612670061644 0.6759991016898104
		outer loop
			vertex -0.2976773679256439 0.879808590939749 -0.39810663841069127
			vertex -0.4500213861465454 0.9804497405622306 -0.36313022444661375
			vertex -0.3644661009311676 0.8468019697060516 -0.459976710600444
		endloop
	endfacet
	facet normal -0.29181244158824826 -0.6766611879515263 0.6759993606907734
		outer loop
			vertex -0.3644661009311676 0.8468019697060516 -0.459976710600444
			vertex -0.4500213861465454 0.9804497405622306 -0.36313022444661375
			vertex -0.5223137736320496 1.0022542537785284 -0.3725112248639273
		endloop
	endfacet
	facet normal -0.9350732849368611 0.35049884800691533 -0.05280633809698613
		outer loop
			vertex -0.4392562210559845 1.0150942946254211 -0.3238043010900442
			vertex -0.4331025779247284 1.0196814581539133 -0.40232350757434293
			vertex -0.4500213861465454 0.9804497405622306 -0.36313022444661375
		endloop
	endfacet
	facet normal -0.9350743535307894 0.3504959591158398 -0.05280659061560358
		outer loop
			vertex -0.4392562210559845 1.0150942946254211 -0.3238043010900442
			vertex -0.4223373830318451 1.0543264294496653 -0.3629976438224823
			vertex -0.4331025779247284 1.0196814581539133 -0.40232350757434293
		endloop
	endfacet
	facet normal 0.1102929257921307 0.6782401990100191 0.7265161408854324
		outer loop
			vertex -0.5053950548171997 1.0414861501841657 -0.4117045377940069
			vertex -0.4500213861465454 0.9804497405622306 -0.36313022444661375
			vertex -0.4331025779247284 1.0196814581539133 -0.40232350757434293
		endloop
	endfacet
	facet normal 0.11029135312275395 0.6782394894271364 0.726517042062999
		outer loop
			vertex -0.5053950548171997 1.0414861501841657 -0.4117045377940069
			vertex -0.5223137736320496 1.0022542537785284 -0.3725112248639273
			vertex -0.4500213861465454 0.9804497405622306 -0.36313022444661375
		endloop
	endfacet
	facet normal 0.7893323827608945 -0.5769612896995929 -0.20992870149932139
		outer loop
			vertex 0.3162074387073517 2.0229915331571195 0.2993441183326004
			vertex 0.3476250171661377 2.0450774489158503 0.3567740625898225
			vertex 0.2991841435432434 1.9782968729621742 0.3581738570306844
		endloop
	endfacet
	facet normal -0.08620760861447295 -0.36586440282895305 0.9266668694625849
		outer loop
			vertex -0.5578997135162354 1.0574973972258883 -0.36115091329132926
			vertex -0.5007956624031067 1.0676199374495936 -0.35184197918891313
			vertex -0.5361886620521545 1.0878296108614527 -0.34715544686982924
		endloop
	endfacet
	facet normal -0.830318658646245 0.5482842385959772 0.09977634394549724
		outer loop
			vertex -0.5272493958473206 1.1083661503920288 -0.3856156796634344
			vertex -0.5578997135162354 1.0574973972258883 -0.36115091329132926
			vertex -0.5361886620521545 1.0878296108614527 -0.34715544686982924
		endloop
	endfacet
	facet normal 0.4788819981007192 0.7232888149585293 0.4975191675211613
		outer loop
			vertex -0.5007956624031067 1.0676199374495936 -0.35184197918891313
			vertex -0.5272493958473206 1.1083661503920288 -0.3856156796634344
			vertex -0.5361886620521545 1.0878296108614527 -0.34715544686982924
		endloop
	endfacet
	facet normal 0.83117860580058 0.08406384683545877 -0.5496138598276329
		outer loop
			vertex -0.5007956624031067 1.0676199374495936 -0.35184197918891313
			vertex -0.5256999135017395 1.076154245959565 -0.3881992390103943
			vertex -0.5272493958473206 1.1083661503920288 -0.3856156796634344
		endloop
	endfacet
	facet normal 0.21969569606094452 -0.9055024426237114 -0.36304149561006055
		outer loop
			vertex -0.5578997135162354 1.0574973972258883 -0.36115091329132926
			vertex -0.5256999135017395 1.076154245959565 -0.3881992390103943
			vertex -0.5007956624031067 1.0676199374495936 -0.35184197918891313
		endloop
	endfacet
	facet normal -0.6528243210164358 0.029307961631046837 -0.7569421703634055
		outer loop
			vertex -0.5272493958473206 1.1083661503920288 -0.3856156796634344
			vertex -0.5256999135017395 1.076154245959565 -0.3881992390103943
			vertex -0.5578997135162354 1.0574973972258883 -0.36115091329132926
		endloop
	endfacet
	facet normal 0.20656509099686332 0.8407151981665297 -0.5005285393993739
		outer loop
			vertex -0.34476643800735474 1.5858484449347532 -0.1569752014655535
			vertex -0.26438093185424805 1.4438542795786518 -0.3623017820354145
			vertex -0.3983522057533264 1.5899228977379753 -0.17224604816667147
		endloop
	endfacet
	facet normal 0.24561396363587593 0.8396148003965872 -0.4844798941360455
		outer loop
			vertex -0.34476643800735474 1.5858484449347532 -0.1569752014655535
			vertex -0.2280723601579666 1.4566034818322717 -0.32179997514689207
			vertex -0.26438093185424805 1.4438542795786518 -0.3623017820354145
		endloop
	endfacet
	facet normal -0.2460818406894841 -0.8392935441747084 0.48479900411359417
		outer loop
			vertex -0.3653008043766022 1.4942307355843416 -0.10936355875640359
			vertex -0.2934715449810028 1.3577807573588712 -0.3091282213036337
			vertex -0.25716301798820496 1.3705299596124791 -0.2686265038220904
		endloop
	endfacet
	facet normal -0.20647863073266176 -0.8409496147574417 0.5001702914908839
		outer loop
			vertex -0.3653008043766022 1.4942307355843416 -0.10936355875640359
			vertex -0.4188866913318634 1.498305069178256 -0.12463442035866877
			vertex -0.2934715449810028 1.3577807573588712 -0.3091282213036337
		endloop
	endfacet
	facet normal 0.7080048098646344 -0.5285956078090598 -0.4683117258979467
		outer loop
			vertex -0.25716301798820496 1.3705299596124791 -0.2686265038220904
			vertex -0.26438093185424805 1.4438542795786518 -0.3623017820354145
			vertex -0.2280723601579666 1.4566034818322717 -0.32179997514689207
		endloop
	endfacet
	facet normal 0.7080046641500498 -0.5285957289313816 -0.4683118094787666
		outer loop
			vertex -0.25716301798820496 1.3705299596124791 -0.2686265038220904
			vertex -0.2934715449810028 1.3577807573588712 -0.3091282213036337
			vertex -0.26438093185424805 1.4438542795786518 -0.3623017820354145
		endloop
	endfacet
	facet normal -0.8423652742890226 -0.046956324973515026 -0.5368573816359066
		outer loop
			vertex -0.4188866913318634 1.498305069178256 -0.12463442035866877
			vertex -0.26438093185424805 1.4438542795786518 -0.3623017820354145
			vertex -0.2934715449810028 1.3577807573588712 -0.3091282213036337
		endloop
	endfacet
	facet normal -0.8441841818691622 -0.08577606179316662 -0.52914604251109
		outer loop
			vertex -0.4188866913318634 1.498305069178256 -0.12463442035866877
			vertex -0.3983522057533264 1.5899228977379753 -0.17224604816667147
			vertex -0.26438093185424805 1.4438542795786518 -0.3623017820354145
		endloop
	endfacet
	facet normal 0.5878292977012722 0.2674570208293518 0.7634942427897653
		outer loop
			vertex -0.19238828122615814 1.386065187251262 -0.34196356405502887
			vertex -0.25940388441085815 1.4000644191148537 -0.2952709498753956
			vertex -0.20151986181735992 1.3607179531646665 -0.3260536781120663
		endloop
	endfacet
	facet normal 0.5877095624300431 0.27234208528452913 0.7618577680979317
		outer loop
			vertex -0.19238828122615814 1.386065187251262 -0.34196356405502887
			vertex -0.2507944107055664 1.4256660458751909 -0.3110642789540193
			vertex -0.25940388441085815 1.4000644191148537 -0.2952709498753956
		endloop
	endfacet
	facet normal 0.2847151844082475 0.8144295405557732 -0.5056103116407832
		outer loop
			vertex -0.20661833882331848 1.3772991279925364 -0.3640969162233578
			vertex -0.2507944107055664 1.4256660458751909 -0.3110642789540193
			vertex -0.19238828122615814 1.386065187251262 -0.34196356405502887
		endloop
	endfacet
	facet normal 0.2807191486332791 0.8139923515540265 -0.5085402749066716
		outer loop
			vertex -0.20661833882331848 1.3772991279925364 -0.3640969162233578
			vertex -0.26905515789985657 1.4195031605162103 -0.3310089784242128
			vertex -0.2507944107055664 1.4256660458751909 -0.3110642789540193
		endloop
	endfacet
	facet normal -0.5864350076075681 -0.26841987349962737 -0.7642282076466137
		outer loop
			vertex -0.21574977040290833 1.3519518939059252 -0.34818714948970086
			vertex -0.26905515789985657 1.4195031605162103 -0.3310089784242128
			vertex -0.20661833882331848 1.3772991279925364 -0.3640969162233578
		endloop
	endfacet
	facet normal -0.5891639118553527 -0.27137398358325693 -0.761079526725987
		outer loop
			vertex -0.21574977040290833 1.3519518939059252 -0.34818714948970086
			vertex -0.2776646018028259 1.3939016529651747 -0.3152156791479315
			vertex -0.26905515789985657 1.4195031605162103 -0.3310089784242128
		endloop
	endfacet
	facet normal -0.2833864599346659 -0.815229029877339 0.5050680579594703
		outer loop
			vertex -0.20151986181735992 1.3607179531646665 -0.3260536781120663
			vertex -0.2776646018028259 1.3939016529651747 -0.3152156791479315
			vertex -0.21574977040290833 1.3519518939059252 -0.34818714948970086
		endloop
	endfacet
	facet normal -0.28186186254226203 -0.813115956895322 0.5093096612930211
		outer loop
			vertex -0.20151986181735992 1.3607179531646665 -0.3260536781120663
			vertex -0.25940388441085815 1.4000644191148537 -0.2952709498753956
			vertex -0.2776646018028259 1.3939016529651747 -0.3152156791479315
		endloop
	endfacet
	facet normal -0.4971260059404933 -0.22284387158711969 -0.8385739938214852
		outer loop
			vertex 0.2995292842388153 1.2337401629824536 -0.11615815615128253
			vertex 0.3819536566734314 1.2911678068123589 -0.18028213083204483
			vertex 0.34349995851516724 1.2045394834960443 -0.13446515508625698
		endloop
	endfacet
	facet normal -0.49712618787836305 -0.22284357733557095 -0.8385739641592815
		outer loop
			vertex 0.2995292842388153 1.2337401629824536 -0.11615815615128253
			vertex 0.33798304200172424 1.3203684862987661 -0.16197514679823358
			vertex 0.3819536566734314 1.2911678068123589 -0.18028213083204483
		endloop
	endfacet
	facet normal 0.3697329898637629 0.824864684282667 -0.42766314878611983
		outer loop
			vertex 0.33798304200172424 1.3203684862987661 -0.16197514679823358
			vertex 0.4409720301628113 1.390314338011336 0.06197281242495323
			vertex 0.3819536566734314 1.2911678068123589 -0.18028213083204483
		endloop
	endfacet
	facet normal 0.3666923078241133 0.8266547698170785 -0.4268239015346947
		outer loop
			vertex 0.33798304200172424 1.3203684862987661 -0.16197514679823358
			vertex 0.38914889097213745 1.4064968802619109 0.04879226946780799
			vertex 0.4409720301628113 1.390314338011336 0.06197281242495323
		endloop
	endfacet
	facet normal -0.3666911174667147 -0.826664130770899 0.42680679383979636
		outer loop
			vertex 0.2995292842388153 1.2337401629824536 -0.11615815615128253
			vertex 0.40238359570503235 1.303194156958081 0.10673166036357283
			vertex 0.3505605161190033 1.3193766992086586 0.09355113975817239
		endloop
	endfacet
	facet normal -0.36973836950859607 -0.8248674715649811 0.42765312166184416
		outer loop
			vertex 0.2995292842388153 1.2337401629824536 -0.11615815615128253
			vertex 0.34349995851516724 1.2045394834960443 -0.13446515508625698
			vertex 0.40238359570503235 1.303194156958081 0.10673166036357283
		endloop
	endfacet
	facet normal -0.07208833052873989 0.4808667588393732 0.8738251729292854
		outer loop
			vertex 0.3505605161190033 1.3193766992086586 0.09355113975817239
			vertex 0.4409720301628113 1.390314338011336 0.06197281242495323
			vertex 0.38914889097213745 1.4064968802619109 0.04879226946780799
		endloop
	endfacet
	facet normal -0.07208813062743254 0.4808665600897973 0.8738252987926407
		outer loop
			vertex 0.3505605161190033 1.3193766992086586 0.09355113975817239
			vertex 0.40238359570503235 1.303194156958081 0.10673166036357283
			vertex 0.4409720301628113 1.390314338011336 0.06197281242495323
		endloop
	endfacet
	facet normal -0.904352437662078 0.4242827594584104 0.04616068154841402
		outer loop
			vertex 0.33798304200172424 1.3203684862987661 -0.16197514679823358
			vertex 0.3505605161190033 1.3193766992086586 0.09355113975817239
			vertex 0.38914889097213745 1.4064968802619109 0.04879226946780799
		endloop
	endfacet
	facet normal -0.903748987228264 0.42556931298622996 0.04613597217264754
		outer loop
			vertex 0.33798304200172424 1.3203684862987661 -0.16197514679823358
			vertex 0.2995292842388153 1.2337401629824536 -0.11615815615128253
			vertex 0.3505605161190033 1.3193766992086586 0.09355113975817239
		endloop
	endfacet
	facet normal 0.9041388666017641 -0.42464108021700253 -0.047041076648125575
		outer loop
			vertex 0.34349995851516724 1.2045394834960443 -0.13446515508625698
			vertex 0.4409720301628113 1.390314338011336 0.06197281242495323
			vertex 0.40238359570503235 1.303194156958081 0.10673166036357283
		endloop
	endfacet
	facet normal 0.9037762811242565 -0.42552315025298193 -0.04602697335245282
		outer loop
			vertex 0.34349995851516724 1.2045394834960443 -0.13446515508625698
			vertex 0.3819536566734314 1.2911678068123589 -0.18028213083204483
			vertex 0.4409720301628113 1.390314338011336 0.06197281242495323
		endloop
	endfacet
	facet normal -0.9357512116485419 0.17121316294441755 -0.30831108110616817
		outer loop
			vertex 0.07096774876117706 1.2290835848140365 -0.2968261017007179
			vertex 0.1129925400018692 1.2816254306538521 -0.3951971806796729
			vertex 0.07993639260530472 1.1971484786961208 -0.3417811186325545
		endloop
	endfacet
	facet normal -0.9357512283273847 0.17121043921748483 -0.30831254302533156
		outer loop
			vertex 0.07096774876117706 1.2290835848140365 -0.2968261017007179
			vertex 0.10402378439903259 1.3135606559810615 -0.3502422531548315
			vertex 0.1129925400018692 1.2816254306538521 -0.3951971806796729
		endloop
	endfacet
	facet normal 0.35207593807077614 0.7947704764442133 -0.49435050683115667
		outer loop
			vertex 0.10402378439903259 1.3135606559810615 -0.3502422531548315
			vertex 0.3396848738193512 1.2774804246868416 -0.2404110792038772
			vertex 0.1129925400018692 1.2816254306538521 -0.3951971806796729
		endloop
	endfacet
	facet normal 0.34274172753103616 0.8146834851928608 -0.4677808537799027
		outer loop
			vertex 0.10402378439903259 1.3135606559810615 -0.3502422531548315
			vertex 0.3013605773448944 1.3086126536037341 -0.21427153741424623
			vertex 0.3396848738193512 1.2774804246868416 -0.2404110792038772
		endloop
	endfacet
	facet normal -0.08333782076486727 0.5545267985661244 0.8279823894879456
		outer loop
			vertex 0.021739423274993896 1.2927251329173628 -0.36086520019080903
			vertex 0.08965186774730682 1.2498550872251892 -0.32531823120828746
			vertex 0.09952940791845322 1.2749728434095706 -0.34114622032749264
		endloop
	endfacet
	facet normal -0.0819155894922954 0.556050050660955 0.8271022774470395
		outer loop
			vertex 0.021739423274993896 1.2927251329173628 -0.36086520019080903
			vertex 0.011966276913881302 1.2676188208374315 -0.34495447981507754
			vertex 0.08965186774730682 1.2498550872251892 -0.32531823120828746
		endloop
	endfacet
	facet normal -0.3429974346256489 -0.8147465684099894 0.46748346399030033
		outer loop
			vertex 0.07096774876117706 1.2290835848140365 -0.2968261017007179
			vertex 0.301606684923172 1.1912510950579267 -0.19353972700627858
			vertex 0.26328244805336 1.2223833239748074 -0.16740027462362678
		endloop
	endfacet
	facet normal -0.351805024286608 -0.7948313132137368 0.494445556579919
		outer loop
			vertex 0.07096774876117706 1.2290835848140365 -0.2968261017007179
			vertex 0.07993639260530472 1.1971484786961208 -0.3417811186325545
			vertex 0.301606684923172 1.1912510950579267 -0.19353972700627858
		endloop
	endfacet
	facet normal 0.6313478864390244 0.1361860982197955 0.7634482254486188
		outer loop
			vertex 0.26328244805336 1.2223833239748074 -0.16740027462362678
			vertex 0.3396848738193512 1.2774804246868416 -0.2404110792038772
			vertex 0.3013605773448944 1.3086126536037341 -0.21427153741424623
		endloop
	endfacet
	facet normal 0.6313476156218342 0.13618664199325076 0.7634483524058632
		outer loop
			vertex 0.26328244805336 1.2223833239748074 -0.16740027462362678
			vertex 0.301606684923172 1.1912510950579267 -0.19353972700627858
			vertex 0.3396848738193512 1.2774804246868416 -0.2404110792038772
		endloop
	endfacet
	facet normal 0.4456555091290542 -0.5713882831436723 -0.6891346726649663
		outer loop
			vertex 0.07993639260530472 1.1971484786961208 -0.3417811186325545
			vertex 0.3396848738193512 1.2774804246868416 -0.2404110792038772
			vertex 0.301606684923172 1.1912510950579267 -0.19353972700627858
		endloop
	endfacet
	facet normal 0.4451239692925363 -0.5964897842166015 -0.6678806699452303
		outer loop
			vertex 0.07993639260530472 1.1971484786961208 -0.3417811186325545
			vertex 0.1129925400018692 1.2816254306538521 -0.3951971806796729
			vertex 0.3396848738193512 1.2774804246868416 -0.2404110792038772
		endloop
	endfacet
	facet normal -0.7397948502743542 0.5402219191391606 0.4010783683884586
		outer loop
			vertex 0.33786267042160034 1.283644154446874 -0.14651581089705015
			vertex 0.2833150625228882 1.2442200809909512 -0.19402844757246762
			vertex 0.3264286518096924 1.257889343434129 -0.13291626084587907
		endloop
	endfacet
	facet normal -0.7392858266351193 0.5431248614382382 0.39808523135645574
		outer loop
			vertex 0.33786267042160034 1.283644154446874 -0.14651581089705015
			vertex 0.2946212589740753 1.2698395893938486 -0.20798546160936726
			vertex 0.2833150625228882 1.2442200809909512 -0.19402844757246762
		endloop
	endfacet
	facet normal 0.3625661088099266 0.8217655879405446 -0.43959883441515146
		outer loop
			vertex 0.359862744808197 1.2692297216630959 -0.15531657005434107
			vertex 0.2946212589740753 1.2698395893938486 -0.20798546160936726
			vertex 0.33786267042160034 1.283644154446874 -0.14651581089705015
		endloop
	endfacet
	facet normal 0.3646265974468666 0.8194670460129128 -0.44217779787455563
		outer loop
			vertex 0.359862744808197 1.2692297216630959 -0.15531657005434107
			vertex 0.3134244382381439 1.2543315298450195 -0.22122041935659167
			vertex 0.2946212589740753 1.2698395893938486 -0.20798546160936726
		endloop
	endfacet
	facet normal 0.7406622948552679 -0.5399537954118997 -0.3998365463536478
		outer loop
			vertex 0.34842872619628906 1.2434750298596562 -0.141717020003186
			vertex 0.3134244382381439 1.2543315298450195 -0.22122041935659167
			vertex 0.359862744808197 1.2692297216630959 -0.15531657005434107
		endloop
	endfacet
	facet normal 0.7384123940219173 -0.5434082610364909 -0.3993176657651375
		outer loop
			vertex 0.34842872619628906 1.2434750298596562 -0.141717020003186
			vertex 0.30211833119392395 1.2287119022328385 -0.20726324140688082
			vertex 0.3134244382381439 1.2543315298450195 -0.22122041935659167
		endloop
	endfacet
	facet normal -0.3619101123921525 -0.8214548826891719 0.4407186701904272
		outer loop
			vertex 0.3264286518096924 1.257889343434129 -0.13291626084587907
			vertex 0.30211833119392395 1.2287119022328385 -0.20726324140688082
			vertex 0.34842872619628906 1.2434750298596562 -0.141717020003186
		endloop
	endfacet
	facet normal -0.3654785902255159 -0.819630847451497 0.44116966576670985
		outer loop
			vertex 0.3264286518096924 1.257889343434129 -0.13291626084587907
			vertex 0.2833150625228882 1.2442200809909512 -0.19402844757246762
			vertex 0.30211833119392395 1.2287119022328385 -0.20726324140688082
		endloop
	endfacet
	facet normal 0.7750880427792729 -0.4727589449297413 -0.41921057468713
		outer loop
			vertex 0.18166884779930115 1.5104924966336364 0.3524512473682377
			vertex 0.245124951004982 1.6113076876309151 0.35608374997975545
			vertex 0.2124023288488388 1.520465672470364 0.39802797358171516
		endloop
	endfacet
	facet normal 0.7750890651866423 -0.4727596867174927 -0.41920784778302445
		outer loop
			vertex 0.18166884779930115 1.5104924966336364 0.3524512473682377
			vertex 0.21439149975776672 1.6013342733755724 0.31050699396398357
			vertex 0.245124951004982 1.6113076876309151 0.35608374997975545
		endloop
	endfacet
	facet normal 0.30770446713498734 0.8648217519222499 -0.3967383247271481
		outer loop
			vertex 0.21439149975776672 1.6013342733755724 0.31050699396398357
			vertex 0.004028217867016792 1.7159517673498375 0.3971988465962078
			vertex 0.245124951004982 1.6113076876309151 0.35608374997975545
		endloop
	endfacet
	facet normal 0.30618618306717243 0.8641022610469256 -0.39947128025972933
		outer loop
			vertex 0.21439149975776672 1.6013342733755724 0.31050699396398357
			vertex 0.004733124747872353 1.6923043298135507 0.3465870191760764
			vertex 0.004028217867016792 1.7159517673498375 0.3971988465962078
		endloop
	endfacet
	facet normal -0.3061803584050458 -0.8641037507733822 0.39947252224193125
		outer loop
			vertex 0.18166884779930115 1.5104924966336364 0.3524512473682377
			vertex -0.02836078219115734 1.6250301203847517 0.43922928833911856
			vertex -0.027656029909849167 1.6013826828484565 0.38861740131433437
		endloop
	endfacet
	facet normal -0.3077042002972631 -0.8648236072353034 0.39673448739420114
		outer loop
			vertex 0.18166884779930115 1.5104924966336364 0.3524512473682377
			vertex 0.2124023288488388 1.520465672470364 0.39802797358171516
			vertex -0.02836078219115734 1.6250301203847517 0.43922928833911856
		endloop
	endfacet
	facet normal -0.9514098331281253 0.27368430519181836 -0.14112487562008436
		outer loop
			vertex -0.027656029909849167 1.6013826828484565 0.38861740131433437
			vertex 0.004028217867016792 1.7159517673498375 0.3971988465962078
			vertex 0.004733124747872353 1.6923043298135507 0.3465870191760764
		endloop
	endfacet
	facet normal -0.9514103227009397 0.27368420754978817 -0.14112176443036203
		outer loop
			vertex -0.027656029909849167 1.6013826828484565 0.38861740131433437
			vertex -0.02836078219115734 1.6250301203847517 0.43922928833911856
			vertex 0.004028217867016792 1.7159517673498375 0.3971988465962078
		endloop
	endfacet
	facet normal -0.2916556292892126 -0.3138032891228789 -0.9035842460111709
		outer loop
			vertex 0.21439149975776672 1.6013342733755724 0.31050699396398357
			vertex -0.027656029909849167 1.6013826828484565 0.38861740131433437
			vertex 0.004733124747872353 1.6923043298135507 0.3465870191760764
		endloop
	endfacet
	facet normal -0.2918061869806083 -0.31231337577304413 -0.9040517156408054
		outer loop
			vertex 0.21439149975776672 1.6013342733755724 0.31050699396398357
			vertex 0.18166884779930115 1.5104924966336364 0.3524512473682377
			vertex -0.027656029909849167 1.6013826828484565 0.38861740131433437
		endloop
	endfacet
	facet normal 0.291047780718896 0.3140688583412483 0.9036879669215644
		outer loop
			vertex 0.2124023288488388 1.520465672470364 0.39802797358171516
			vertex 0.004028217867016792 1.7159517673498375 0.3971988465962078
			vertex -0.02836078219115734 1.6250301203847517 0.43922928833911856
		endloop
	endfacet
	facet normal 0.29009979578741685 0.31306114947917907 0.9043422057887569
		outer loop
			vertex 0.2124023288488388 1.520465672470364 0.39802797358171516
			vertex 0.245124951004982 1.6113076876309151 0.35608374997975545
			vertex 0.004028217867016792 1.7159517673498375 0.3971988465962078
		endloop
	endfacet
	facet normal 0.23002604632093687 -0.518700245769345 -0.8234306728879971
		outer loop
			vertex 0.3401011526584625 1.354401950858174 0.15274173666487958
			vertex 0.4287280738353729 1.4306140065046828 0.12949179911839082
			vertex 0.3905561864376068 1.3431454958170912 0.1739271242243735
		endloop
	endfacet
	facet normal 0.23002661093850085 -0.5187007561622937 -0.8234301936514183
		outer loop
			vertex 0.3401011526584625 1.354401950858174 0.15274173666487958
			vertex 0.3782730996608734 1.4418704615457607 0.10830637430598891
			vertex 0.4287280738353729 1.4306140065046828 0.12949179911839082
		endloop
	endfacet
	facet normal 0.35576908638931853 0.8455863155281811 -0.39801022620177157
		outer loop
			vertex 0.3782730996608734 1.4418704615457607 0.10830637430598891
			vertex 0.2998332977294922 1.5746313902370275 0.3202465766305838
			vertex 0.4287280738353729 1.4306140065046828 0.12949179911839082
		endloop
	endfacet
	facet normal 0.33084635417138236 0.8499735843336329 -0.409982433607272
		outer loop
			vertex 0.3782730996608734 1.4418704615457607 0.10830637430598891
			vertex 0.2628565728664398 1.569006493577811 0.2787457053972122
			vertex 0.2998332977294922 1.5746313902370275 0.3202465766305838
		endloop
	endfacet
	facet normal -0.9193782163273455 0.24263937971035798 -0.30962853026896897
		outer loop
			vertex 0.3889721632003784 1.369390959311144 0.06341985601828047
			vertex 0.36506620049476624 1.3848795971330345 0.14654131386061367
			vertex 0.37637364864349365 1.4109076359307322 0.13336296005162876
		endloop
	endfacet
	facet normal -0.9179756262821644 0.24730889149762894 -0.31009524623586543
		outer loop
			vertex 0.3889721632003784 1.369390959311144 0.06341985601828047
			vertex 0.37750324606895447 1.3434952428588316 0.07671881982439473
			vertex 0.36506620049476624 1.3848795971330345 0.14654131386061367
		endloop
	endfacet
	facet normal -0.3306693325787907 -0.8501086316616739 0.4098452230613571
		outer loop
			vertex 0.3401011526584625 1.354401950858174 0.15274173666487958
			vertex 0.266411691904068 1.484093239610511 0.3622960620085328
			vertex 0.22943492233753204 1.478468223741981 0.32079513117052455
		endloop
	endfacet
	facet normal -0.3558096770006106 -0.8455017746435187 0.39815351665831306
		outer loop
			vertex 0.3401011526584625 1.354401950858174 0.15274173666487958
			vertex 0.3905561864376068 1.3431454958170912 0.1739271242243735
			vertex 0.266411691904068 1.484093239610511 0.3622960620085328
		endloop
	endfacet
	facet normal -0.679082156479767 0.5002018684883347 0.5372574015419126
		outer loop
			vertex 0.22943492233753204 1.478468223741981 0.32079513117052455
			vertex 0.2998332977294922 1.5746313902370275 0.3202465766305838
			vertex 0.2628565728664398 1.569006493577811 0.2787457053972122
		endloop
	endfacet
	facet normal -0.6790826977728656 0.5002022587782423 0.5372563539863174
		outer loop
			vertex 0.22943492233753204 1.478468223741981 0.32079513117052455
			vertex 0.266411691904068 1.484093239610511 0.3622960620085328
			vertex 0.2998332977294922 1.5746313902370275 0.3202465766305838
		endloop
	endfacet
	facet normal 0.8209103438545374 -0.03841334779556546 0.5697636545654365
		outer loop
			vertex 0.3905561864376068 1.3431454958170912 0.1739271242243735
			vertex 0.2998332977294922 1.5746313902370275 0.3202465766305838
			vertex 0.266411691904068 1.484093239610511 0.3622960620085328
		endloop
	endfacet
	facet normal 0.807823509199456 -0.054380591787339796 0.5869104950684858
		outer loop
			vertex 0.3905561864376068 1.3431454958170912 0.1739271242243735
			vertex 0.4287280738353729 1.4306140065046828 0.12949179911839082
			vertex 0.2998332977294922 1.5746313902370275 0.3202465766305838
		endloop
	endfacet
	facet normal -0.6093167117976996 -0.14101287337239696 -0.7802874561770806
		outer loop
			vertex 0.20690229535102844 1.5741836425654487 0.33870560121601156
			vertex 0.25374019145965576 1.5092838282992922 0.3138591123996828
			vertex 0.19718821346759796 1.547179279459416 0.35117141133447033
		endloop
	endfacet
	facet normal -0.6073431002861451 -0.13885200490401087 -0.7822112753399494
		outer loop
			vertex 0.20690229535102844 1.5741836425654487 0.33870560121601156
			vertex 0.26369133591651917 1.5361849561418703 0.3013573308871396
			vertex 0.25374019145965576 1.5092838282992922 0.3138591123996828
		endloop
	endfacet
	facet normal 0.31332874349199485 0.8613345381350566 -0.39990987974467007
		outer loop
			vertex 0.22191989421844482 1.579284492598392 0.36145818661456475
			vertex 0.26369133591651917 1.5361849561418703 0.3013573308871396
			vertex 0.20690229535102844 1.5741836425654487 0.33870560121601156
		endloop
	endfacet
	facet normal 0.3160573548294187 0.8612455291472338 -0.39794960357076925
		outer loop
			vertex 0.22191989421844482 1.579284492598392 0.36145818661456475
			vertex 0.28224530816078186 1.5388231800304202 0.32180282912359204
			vertex 0.26369133591651917 1.5361849561418703 0.3013573308871396
		endloop
	endfacet
	facet normal 0.6083524847751479 0.1416483198980771 0.7809244571262675
		outer loop
			vertex 0.21220572292804718 1.5522801294923432 0.37392387752371786
			vertex 0.28224530816078186 1.5388231800304202 0.32180282912359204
			vertex 0.22191989421844482 1.579284492598392 0.36145818661456475
		endloop
	endfacet
	facet normal 0.6082260725492393 0.13825456101054237 0.7816308086501643
		outer loop
			vertex 0.21220572292804718 1.5522801294923432 0.37392387752371786
			vertex 0.27229419350624084 1.511922052187834 0.3343045510314825
			vertex 0.28224530816078186 1.5388231800304202 0.32180282912359204
		endloop
	endfacet
	facet normal -0.314184356651715 -0.8608141538533243 0.4003588172641307
		outer loop
			vertex 0.19718821346759796 1.547179279459416 0.35117141133447033
			vertex 0.27229419350624084 1.511922052187834 0.3343045510314825
			vertex 0.21220572292804718 1.5522801294923432 0.37392387752371786
		endloop
	endfacet
	facet normal -0.31531882965617225 -0.8617921867029648 0.3973515604625008
		outer loop
			vertex 0.19718821346759796 1.547179279459416 0.35117141133447033
			vertex 0.25374019145965576 1.5092838282992922 0.3138591123996828
			vertex 0.27229419350624084 1.511922052187834 0.3343045510314825
		endloop
	endfacet
	facet normal 0.4578319834105354 0.22858908313370094 0.8591489428722294
		outer loop
			vertex -0.3270013630390167 1.6069628402402725 0.16383275770714367
			vertex -0.3420664370059967 1.7229594519548082 0.14099819964049848
			vertex -0.3737395703792572 1.631422565656547 0.18223122061880395
		endloop
	endfacet
	facet normal 0.4578301420424272 0.2285890394376623 0.8591499357425209
		outer loop
			vertex -0.3270013630390167 1.6069628402402725 0.16383275770714367
			vertex -0.29532819986343384 1.6984997265385477 0.12259984103698057
			vertex -0.3420664370059967 1.7229594519548082 0.14099819964049848
		endloop
	endfacet
	facet normal 0.2962060720835753 0.8671567389200326 -0.40037626428947337
		outer loop
			vertex -0.29532819986343384 1.6984997265385477 0.12259984103698057
			vertex -0.4013448655605316 1.6296244931076684 -0.10500706542520179
			vertex -0.3420664370059967 1.7229594519548082 0.14099819964049848
		endloop
	endfacet
	facet normal 0.29501602753749284 0.8677370028614615 -0.399997546693733
		outer loop
			vertex -0.29532819986343384 1.6984997265385477 0.12259984103698057
			vertex -0.34802818298339844 1.6158260172497971 -0.09561743831007966
			vertex -0.4013448655605316 1.6296244931076684 -0.10500706542520179
		endloop
	endfacet
	facet normal -0.2950159885633866 -0.8677425120280053 0.39998562388077796
		outer loop
			vertex -0.3270013630390167 1.6069628402402725 0.16383275770714367
			vertex -0.43246331810951233 1.5388678319956888 -0.06168008839594186
			vertex -0.379146546125412 1.5250692369284975 -0.05229056931423687
		endloop
	endfacet
	facet normal -0.2962099883188756 -0.8671592683764741 0.40036788843376275
		outer loop
			vertex -0.3270013630390167 1.6069628402402725 0.16383275770714367
			vertex -0.3737395703792572 1.631422565656547 0.18223122061880395
			vertex -0.43246331810951233 1.5388678319956888 -0.06168008839594186
		endloop
	endfacet
	facet normal 0.043242843827370814 -0.4424531362995502 -0.8957484460697733
		outer loop
			vertex -0.379146546125412 1.5250692369284975 -0.05229056931423687
			vertex -0.4013448655605316 1.6296244931076684 -0.10500706542520179
			vertex -0.34802818298339844 1.6158260172497971 -0.09561743831007966
		endloop
	endfacet
	facet normal 0.043239793095313867 -0.44245371430812885 -0.8957483078343017
		outer loop
			vertex -0.379146546125412 1.5250692369284975 -0.05229056931423687
			vertex -0.43246331810951233 1.5388678319956888 -0.06168008839594186
			vertex -0.4013448655605316 1.6296244931076684 -0.10500706542520179
		endloop
	endfacet
	facet normal 0.9286885689703892 -0.3603253604444424 -0.08776774170680952
		outer loop
			vertex -0.29532819986343384 1.6984997265385477 0.12259984103698057
			vertex -0.379146546125412 1.5250692369284975 -0.05229056931423687
			vertex -0.34802818298339844 1.6158260172497971 -0.09561743831007966
		endloop
	endfacet
	facet normal 0.9285919271372264 -0.3606681361996966 -0.08738151054890911
		outer loop
			vertex -0.29532819986343384 1.6984997265385477 0.12259984103698057
			vertex -0.3270013630390167 1.6069628402402725 0.16383275770714367
			vertex -0.379146546125412 1.5250692369284975 -0.05229056931423687
		endloop
	endfacet
	facet normal -0.9288732178685668 0.36003150162476827 0.08701645226225076
		outer loop
			vertex -0.3737395703792572 1.631422565656547 0.18223122061880395
			vertex -0.4013448655605316 1.6296244931076684 -0.10500706542520179
			vertex -0.43246331810951233 1.5388678319956888 -0.06168008839594186
		endloop
	endfacet
	facet normal -0.9286835544286769 0.3605255924636559 0.08699513154452312
		outer loop
			vertex -0.3737395703792572 1.631422565656547 0.18223122061880395
			vertex -0.3420664370059967 1.7229594519548082 0.14099819964049848
			vertex -0.4013448655605316 1.6296244931076684 -0.10500706542520179
		endloop
	endfacet
	facet normal 0.9702580080813684 -0.10622841134366169 0.21751993558609148
		outer loop
			vertex -0.3643656373023987 1.5521644262800602 -0.14845249155104695
			vertex -0.38181978464126587 1.5625820194283804 -0.06550988423863348
			vertex -0.3705281615257263 1.5249793421014137 -0.13424041409337326
		endloop
	endfacet
	facet normal 0.9493585091064266 -0.2171722408188089 0.2270564665561418
		outer loop
			vertex -0.3643656373023987 1.5521644262800602 -0.14845249155104695
			vertex -0.3725714385509491 1.5895646863877402 -0.07837060498119622
			vertex -0.38181978464126587 1.5625820194283804 -0.06550988423863348
		endloop
	endfacet
	facet normal 0.19433584970546663 0.8746819512514336 -0.444032725904566
		outer loop
			vertex -0.39088594913482666 1.554048289875053 -0.1563484542688999
			vertex -0.3725714385509491 1.5895646863877402 -0.07837060498119622
			vertex -0.3643656373023987 1.5521644262800602 -0.14845249155104695
		endloop
	endfacet
	facet normal 0.29675903895624495 0.8408436953598954 -0.4526764327544357
		outer loop
			vertex -0.39088594913482666 1.554048289875053 -0.1563484542688999
			vertex -0.3990522027015686 1.596558695758439 -0.08273915013273374
			vertex -0.3725714385509491 1.5895646863877402 -0.07837060498119622
		endloop
	endfacet
	facet normal -0.9752970780436744 0.126369772704357 -0.18118026963806075
		outer loop
			vertex -0.3970485031604767 1.526863205696406 -0.1421363768112262
			vertex -0.3990522027015686 1.596558695758439 -0.08273915013273374
			vertex -0.39088594913482666 1.554048289875053 -0.1563484542688999
		endloop
	endfacet
	facet normal -0.944050502745434 0.19777928363649222 -0.2639166596301367
		outer loop
			vertex -0.3970485031604767 1.526863205696406 -0.1421363768112262
			vertex -0.40830039978027344 1.5695760287990763 -0.06987845174191577
			vertex -0.3990522027015686 1.596558695758439 -0.08273915013273374
		endloop
	endfacet
	facet normal -0.20221391216713552 -0.8565351202054483 0.4748232529907315
		outer loop
			vertex -0.3705281615257263 1.5249793421014137 -0.13424041409337326
			vertex -0.40830039978027344 1.5695760287990763 -0.06987845174191577
			vertex -0.3970485031604767 1.526863205696406 -0.1421363768112262
		endloop
	endfacet
	facet normal -0.2959040632343921 -0.8576339540674224 0.42060050664740706
		outer loop
			vertex -0.3705281615257263 1.5249793421014137 -0.13424041409337326
			vertex -0.38181978464126587 1.5625820194283804 -0.06550988423863348
			vertex -0.40830039978027344 1.5695760287990763 -0.06987845174191577
		endloop
	endfacet
	facet normal 0.904385409195782 -0.18811348576883893 0.38301481447285407
		outer loop
			vertex -0.1145847961306572 1.620958754757324 0.36320617686512346
			vertex -0.09339112043380737 1.7385990284842638 0.3709407886299296
			vertex -0.12895633280277252 1.6475530458414198 0.4102021472328424
		endloop
	endfacet
	facet normal 0.9043366041434879 -0.1881123067224965 0.38313061280164723
		outer loop
			vertex -0.1145847961306572 1.620958754757324 0.36320617686512346
			vertex -0.07901963591575623 1.712001161122947 0.3239593021933177
			vertex -0.09339112043380737 1.7385990284842638 0.3709407886299296
		endloop
	endfacet
	facet normal 0.31060813219950006 0.8647772526894664 -0.394566713550949
		outer loop
			vertex -0.07901963591575623 1.712001161122947 0.3239593021933177
			vertex -0.3027419447898865 1.7375640308457054 0.203868634091562
			vertex -0.09339112043380737 1.7385990284842638 0.3709407886299296
		endloop
	endfacet
	facet normal 0.3063157695217471 0.8704392127988471 -0.3853650557126627
		outer loop
			vertex -0.07901963591575623 1.712001161122947 0.3239593021933177
			vertex -0.2604684829711914 1.7114023532209732 0.17837820120407236
			vertex -0.3027419447898865 1.7375640308457054 0.203868634091562
		endloop
	endfacet
	facet normal 0.12839110548220506 -0.4489789320698543 -0.8842701185669855
		outer loop
			vertex -0.00031579183996655047 1.664410667431475 0.3750063127548693
			vertex -0.1116698831319809 1.660422160585574 0.36086344048752506
			vertex -0.1019301563501358 1.6874817176189965 0.3485383867491995
		endloop
	endfacet
	facet normal 0.12826567999016117 -0.45337374672976494 -0.8820431741773623
		outer loop
			vertex -0.00031579183996655047 1.664410667431475 0.3750063127548693
			vertex -0.009932365268468857 1.6373841313983026 0.3874996304235669
			vertex -0.1116698831319809 1.660422160585574 0.36086344048752506
		endloop
	endfacet
	facet normal -0.30630039088270405 -0.8704338622122145 0.38538936422718056
		outer loop
			vertex -0.1145847961306572 1.620958754757324 0.36320617686512346
			vertex -0.3347069025039673 1.6460055676262977 0.24482747366996105
			vertex -0.2924334406852722 1.6198437707922624 0.2193370556836506
		endloop
	endfacet
	facet normal -0.31053666329944635 -0.8648578041083592 0.39444639612970683
		outer loop
			vertex -0.1145847961306572 1.620958754757324 0.36320617686512346
			vertex -0.12895633280277252 1.6475530458414198 0.4102021472328424
			vertex -0.3347069025039673 1.6460055676262977 0.24482747366996105
		endloop
	endfacet
	facet normal -0.5790164753689049 -0.15585981456576173 -0.8002797257552491
		outer loop
			vertex -0.2924334406852722 1.6198437707922624 0.2193370556836506
			vertex -0.3027419447898865 1.7375640308457054 0.203868634091562
			vertex -0.2604684829711914 1.7114023532209732 0.17837820120407236
		endloop
	endfacet
	facet normal -0.5790165846951256 -0.1558598137660294 -0.8002796468115451
		outer loop
			vertex -0.2924334406852722 1.6198437707922624 0.2193370556836506
			vertex -0.3347069025039673 1.6460055676262977 0.24482747366996105
			vertex -0.3027419447898865 1.7375640308457054 0.203868634091562
		endloop
	endfacet
	facet normal -0.5471404673673913 0.49347532012376055 0.6761060696353383
		outer loop
			vertex -0.12895633280277252 1.6475530458414198 0.4102021472328424
			vertex -0.3027419447898865 1.7375640308457054 0.203868634091562
			vertex -0.3347069025039673 1.6460055676262977 0.24482747366996105
		endloop
	endfacet
	facet normal -0.5409058986565674 0.5022304264309667 0.6746742973950473
		outer loop
			vertex -0.12895633280277252 1.6475530458414198 0.4102021472328424
			vertex -0.09339112043380737 1.7385990284842638 0.3709407886299296
			vertex -0.3027419447898865 1.7375640308457054 0.203868634091562
		endloop
	endfacet
	facet normal 0.7995187374554401 -0.4538347293404877 -0.3934511747372289
		outer loop
			vertex -0.32044073939323425 1.6713651872003994 0.1375185167454519
			vertex -0.2890222668647766 1.6593466346630636 0.21522598336312398
			vertex -0.3298487365245819 1.6441601948057816 0.14978103032138457
		endloop
	endfacet
	facet normal 0.7988822089846229 -0.4550184939514764 -0.3933769011139059
		outer loop
			vertex -0.32044073939323425 1.6713651872003994 0.1375185167454519
			vertex -0.27951547503471375 1.686558898837792 0.20305628913176185
			vertex -0.2890222668647766 1.6593466346630636 0.21522598336312398
		endloop
	endfacet
	facet normal 0.30164910840162845 0.8699801044544822 -0.3900543978137804
		outer loop
			vertex -0.3437768518924713 1.6834385876523001 0.14640010012645605
			vertex -0.27951547503471375 1.686558898837792 0.20305628913176185
			vertex -0.32044073939323425 1.6713651872003994 0.1375185167454519
		endloop
	endfacet
	facet normal 0.30240870652230817 0.8693451702124628 -0.39088099115685954
		outer loop
			vertex -0.3437768518924713 1.6834385876523001 0.14640010012645605
			vertex -0.3003217279911041 1.699595868646255 0.2159544213181177
			vertex -0.27951547503471375 1.686558898837792 0.20305628913176185
		endloop
	endfacet
	facet normal -0.7992433748447064 0.4539383551399399 0.3938908446507611
		outer loop
			vertex -0.35318490862846375 1.6562335952576726 0.15866253919657275
			vertex -0.3003217279911041 1.699595868646255 0.2159544213181177
			vertex -0.3437768518924713 1.6834385876523001 0.14640010012645605
		endloop
	endfacet
	facet normal -0.7991089166667629 0.4549359409473027 0.39301174147608475
		outer loop
			vertex -0.35318490862846375 1.6562335952576726 0.15866253919657275
			vertex -0.30982860922813416 1.6723836044715163 0.22812404104366388
			vertex -0.3003217279911041 1.699595868646255 0.2159544213181177
		endloop
	endfacet
	facet normal -0.30146167583579064 -0.8698828842496554 0.39041596495504305
		outer loop
			vertex -0.3298487365245819 1.6441601948057816 0.14978103032138457
			vertex -0.30982860922813416 1.6723836044715163 0.22812404104366388
			vertex -0.35318490862846375 1.6562335952576726 0.15866253919657275
		endloop
	endfacet
	facet normal -0.30265391176570444 -0.8694086851552809 0.390549802034879
		outer loop
			vertex -0.3298487365245819 1.6441601948057816 0.14978103032138457
			vertex -0.2890222668647766 1.6593466346630636 0.21522598336312398
			vertex -0.30982860922813416 1.6723836044715163 0.22812404104366388
		endloop
	endfacet
	facet normal -0.3857272083873171 -0.3473654531061659 0.8547232082364884
		outer loop
			vertex 0.029228148981928825 1.1337912644955073 -0.13105324114479475
			vertex -0.06729048490524292 1.0960938170943477 -0.1899315465647897
			vertex 0.0298288706690073 1.0819430815930529 -0.15185360397096584
		endloop
	endfacet
	facet normal -0.38572738971983095 -0.34736509091840884 0.8547232735986376
		outer loop
			vertex 0.029228148981928825 1.1337912644955073 -0.13105324114479475
			vertex -0.0678911954164505 1.1479421192061117 -0.16913115393630823
			vertex -0.06729048490524292 1.0960938170943477 -0.1899315465647897
		endloop
	endfacet
	facet normal -0.9180503093608259 0.13840888008731858 -0.3715193284278306
		outer loop
			vertex -0.0678911954164505 1.1479421192061117 -0.16913115393630823
			vertex 0.028578924015164375 1.2475397980338914 -0.37041064084447495
			vertex -0.06729048490524292 1.0960938170943477 -0.1899315465647897
		endloop
	endfacet
	facet normal -0.9181830737928687 0.1417645432274999 -0.369922501726751
		outer loop
			vertex -0.0678911954164505 1.1479421192061117 -0.16913115393630823
			vertex 0.01601864956319332 1.2800763149223426 -0.32676594287791594
			vertex 0.028578924015164375 1.2475397980338914 -0.37041064084447495
		endloop
	endfacet
	facet normal -0.11810490811032626 0.7915351213448257 0.5996026870836084
		outer loop
			vertex 0.01601864956319332 1.2800763149223426 -0.32676594287791594
			vertex 0.029228148981928825 1.1337912644955073 -0.13105324114479475
			vertex 0.112542524933815 1.2648213437676927 -0.28761536970539414
		endloop
	endfacet
	facet normal -0.11976949790761943 0.7913210616380988 0.5995550389905079
		outer loop
			vertex 0.01601864956319332 1.2800763149223426 -0.32676594287791594
			vertex -0.0678911954164505 1.1479421192061117 -0.16913115393630823
			vertex 0.029228148981928825 1.1337912644955073 -0.13105324114479475
		endloop
	endfacet
	facet normal 0.9181728763284691 -0.14178937804885458 0.36993829410757817
		outer loop
			vertex 0.029228148981928825 1.1337912644955073 -0.13105324114479475
			vertex 0.12510280311107635 1.232284707669932 -0.3312600974742635
			vertex 0.112542524933815 1.2648213437676927 -0.28761536970539414
		endloop
	endfacet
	facet normal 0.9180426654295231 -0.13841546831212703 0.37153576218581114
		outer loop
			vertex 0.029228148981928825 1.1337912644955073 -0.13105324114479475
			vertex 0.0298288706690073 1.0819430815930529 -0.15185360397096584
			vertex 0.12510280311107635 1.232284707669932 -0.3312600974742635
		endloop
	endfacet
	facet normal 0.32978994179060284 0.7998960549877153 -0.5014029273038212
		outer loop
			vertex 0.112542524933815 1.2648213437676927 -0.28761536970539414
			vertex 0.028578924015164375 1.2475397980338914 -0.37041064084447495
			vertex 0.01601864956319332 1.2800763149223426 -0.32676594287791594
		endloop
	endfacet
	facet normal 0.3297909500987963 0.7998951205649527 -0.50140375480177
		outer loop
			vertex 0.112542524933815 1.2648213437676927 -0.28761536970539414
			vertex 0.12510280311107635 1.232284707669932 -0.3312600974742635
			vertex 0.028578924015164375 1.2475397980338914 -0.37041064084447495
		endloop
	endfacet
	facet normal 0.11836902945180548 -0.7911219123357837 -0.600095736269481
		outer loop
			vertex 0.0298288706690073 1.0819430815930529 -0.15185360397096584
			vertex 0.028578924015164375 1.2475397980338914 -0.37041064084447495
			vertex 0.12510280311107635 1.232284707669932 -0.3312600974742635
		endloop
	endfacet
	facet normal 0.11999111999774864 -0.790962250837291 -0.5999840405144896
		outer loop
			vertex 0.0298288706690073 1.0819430815930529 -0.15185360397096584
			vertex -0.06729048490524292 1.0960938170943477 -0.1899315465647897
			vertex 0.028578924015164375 1.2475397980338914 -0.37041064084447495
		endloop
	endfacet
	facet normal -0.21448346266933327 0.35653480264586823 0.9093293015974163
		outer loop
			vertex -0.061719126999378204 1.1353995521232478 0.12859717294477713
			vertex -0.17314797639846802 1.0943725953583967 0.11840052854898851
			vertex -0.0722629576921463 1.0835216912972063 0.14645075527848048
		endloop
	endfacet
	facet normal -0.21448354939386102 0.35653506925296796 0.9093291766088849
		outer loop
			vertex -0.061719126999378204 1.1353995521232478 0.12859717294477713
			vertex -0.16260413825511932 1.1462504561844358 0.10054693131412196
			vertex -0.17314797639846802 1.0943725953583967 0.11840052854898851
		endloop
	endfacet
	facet normal -0.9466433455166531 0.08545662560593463 -0.3107467482196489
		outer loop
			vertex -0.16260413825511932 1.1462504561844358 0.10054693131412196
			vertex -0.09428919851779938 1.0762156738699877 -0.12682413428236244
			vertex -0.17314797639846802 1.0943725953583967 0.11840052854898851
		endloop
	endfacet
	facet normal -0.9399126244414325 0.12039017086357662 -0.3194846869179456
		outer loop
			vertex -0.16260413825511932 1.1462504561844358 0.10054693131412196
			vertex -0.09179466962814331 1.1304677113852417 -0.11371936575299536
			vertex -0.09428919851779938 1.0762156738699877 -0.12682413428236244
		endloop
	endfacet
	facet normal 0.9397223351288835 -0.12050578492617843 0.3200004510297511
		outer loop
			vertex -0.061719126999378204 1.1353995521232478 0.12859717294477713
			vertex 0.003344951430335641 1.0627871081980527 -0.08981622941350652
			vertex 0.005839472636580467 1.1170391457133046 -0.07671147578530263
		endloop
	endfacet
	facet normal 0.9467238061968546 -0.08556786686027953 0.3104708922606468
		outer loop
			vertex -0.061719126999378204 1.1353995521232478 0.12859717294477713
			vertex -0.0722629576921463 1.0835216912972063 0.14645075527848048
			vertex 0.003344951430335641 1.0627871081980527 -0.08981622941350652
		endloop
	endfacet
	facet normal 0.37129572708879627 0.2018497968077831 -0.9063090767361093
		outer loop
			vertex 0.005839472636580467 1.1170391457133046 -0.07671147578530263
			vertex -0.09428919851779938 1.0762156738699877 -0.12682413428236244
			vertex -0.09179466962814331 1.1304677113852417 -0.11371936575299536
		endloop
	endfacet
	facet normal 0.3712958124205718 0.20184959874773115 -0.906309085888654
		outer loop
			vertex 0.005839472636580467 1.1170391457133046 -0.07671147578530263
			vertex 0.003344951430335641 1.0627871081980527 -0.08981622941350652
			vertex -0.09428919851779938 1.0762156738699877 -0.12682413428236244
		endloop
	endfacet
	facet normal -0.15047833341518085 -0.9878618313362951 0.03853924443331592
		outer loop
			vertex -0.0722629576921463 1.0835216912972063 0.14645075527848048
			vertex -0.09428919851779938 1.0762156738699877 -0.12682413428236244
			vertex 0.003344951430335641 1.0627871081980527 -0.08981622941350652
		endloop
	endfacet
	facet normal -0.11674577201763721 -0.9925111615396229 0.0359446649069736
		outer loop
			vertex -0.0722629576921463 1.0835216912972063 0.14645075527848048
			vertex -0.17314797639846802 1.0943725953583967 0.11840052854898851
			vertex -0.09428919851779938 1.0762156738699877 -0.12682413428236244
		endloop
	endfacet
	facet normal 0.019654783734203585 0.9523182005426878 0.3044728795664713
		outer loop
			vertex -0.031859010457992554 1.131519965053854 -0.1648632499742416
			vertex -0.030769217759370804 1.1072143899464522 -0.08891158576507832
			vertex -0.0030023371800780296 1.127300433996925 -0.15352836669788314
		endloop
	endfacet
	facet normal 0.015300924974695686 0.9523725662553909 0.3045527486972334
		outer loop
			vertex -0.031859010457992554 1.131519965053854 -0.1648632499742416
			vertex -0.0598004050552845 1.1111894227664385 -0.09988343942022493
			vertex -0.030769217759370804 1.1072143899464522 -0.08891158576507832
		endloop
	endfacet
	facet normal -0.9249436353321298 0.13235773812599771 -0.3563154509935743
		outer loop
			vertex -0.03144882619380951 1.1058880555855979 -0.17544931598687225
			vertex -0.0598004050552845 1.1111894227664385 -0.09988343942022493
			vertex -0.031859010457992554 1.131519965053854 -0.1648632499742416
		endloop
	endfacet
	facet normal -0.9255509568806665 0.1282162103438121 -0.35625276086278185
		outer loop
			vertex -0.03144882619380951 1.1058880555855979 -0.17544931598687225
			vertex -0.06114265322685242 1.0841960244048658 -0.1061112428407022
			vertex -0.0598004050552845 1.1111894227664385 -0.09988343942022493
		endloop
	endfacet
	facet normal -0.01901366845606206 -0.9518647239203011 -0.30592814151034264
		outer loop
			vertex -0.0025920954067260027 1.1016686437379644 -0.1641145072163458
			vertex -0.06114265322685242 1.0841960244048658 -0.1061112428407022
			vertex -0.03144882619380951 1.1058880555855979 -0.17544931598687225
		endloop
	endfacet
	facet normal -0.015916145630036568 -0.9528284704033082 -0.30309170608443825
		outer loop
			vertex -0.0025920954067260027 1.1016686437379644 -0.1641145072163458
			vertex -0.03211146220564842 1.0802209915848715 -0.09513944879020837
			vertex -0.06114265322685242 1.0841960244048658 -0.1061112428407022
		endloop
	endfacet
	facet normal 0.9254894792874827 -0.13184138865555423 0.35508741454120757
		outer loop
			vertex -0.0030023371800780296 1.127300433996925 -0.15352836669788314
			vertex -0.03211146220564842 1.0802209915848715 -0.09513944879020837
			vertex -0.0025920954067260027 1.1016686437379644 -0.1641145072163458
		endloop
	endfacet
	facet normal 0.9250119474077569 -0.12848977407608192 0.3575517796218988
		outer loop
			vertex -0.0030023371800780296 1.127300433996925 -0.15352836669788314
			vertex -0.030769217759370804 1.1072143899464522 -0.08891158576507832
			vertex -0.03211146220564842 1.0802209915848715 -0.09513944879020837
		endloop
	endfacet
	facet normal -0.07967999120676282 -0.9150636220097936 -0.3953601733553947
		outer loop
			vertex 0.1906178891658783 1.5872376893419662 -0.3120812752483949
			vertex 0.11732828617095947 1.6298174538944792 -0.39586178953856177
			vertex 0.2132282257080078 1.6058286125702936 -0.3596669205171369
		endloop
	endfacet
	facet normal -0.07968345008394022 -0.9150644469686405 -0.39535756686409396
		outer loop
			vertex 0.1906178891658783 1.5872376893419662 -0.3120812752483949
			vertex 0.09471794217824936 1.611226769084763 -0.3482761442698518
			vertex 0.11732828617095947 1.6298174538944792 -0.39586178953856177
		endloop
	endfacet
	facet normal -0.910502124363149 0.23304037801408228 -0.3415817087392806
		outer loop
			vertex 0.09471794217824936 1.611226769084763 -0.3482761442698518
			vertex 0.10574007779359818 1.824426309594671 -0.23220311516533898
			vertex 0.11732828617095947 1.6298174538944792 -0.39586178953856177
		endloop
	endfacet
	facet normal -0.9118375508848902 0.23167142846968508 -0.33894045203702255
		outer loop
			vertex 0.09471794217824936 1.611226769084763 -0.3482761442698518
			vertex 0.08478675037622452 1.7794035809255693 -0.2066070234665359
			vertex 0.10574007779359818 1.824426309594671 -0.23220311516533898
		endloop
	endfacet
	facet normal 0.9118393889098224 -0.23167631166429886 0.3389321693881958
		outer loop
			vertex 0.1906178891658783 1.5872376893419662 -0.3120812752483949
			vertex 0.2017120122909546 1.8001016556006464 -0.196425448865955
			vertex 0.18075872957706451 1.7550789269315408 -0.17082938696947828
		endloop
	endfacet
	facet normal 0.910502149935804 -0.23304459610512826 0.34157876278901805
		outer loop
			vertex 0.1906178891658783 1.5872376893419662 -0.3120812752483949
			vertex 0.2132282257080078 1.6058286125702936 -0.3596669205171369
			vertex 0.2017120122909546 1.8001016556006464 -0.196425448865955
		endloop
	endfacet
	facet normal -0.16801990701692965 0.5451377379116675 0.8213368112720703
		outer loop
			vertex 0.18075872957706451 1.7550789269315408 -0.17082938696947828
			vertex 0.10574007779359818 1.824426309594671 -0.23220311516533898
			vertex 0.08478675037622452 1.7794035809255693 -0.2066070234665359
		endloop
	endfacet
	facet normal -0.16802039878190253 0.5451373466978056 0.821336970328529
		outer loop
			vertex 0.18075872957706451 1.7550789269315408 -0.17082938696947828
			vertex 0.2017120122909546 1.8001016556006464 -0.196425448865955
			vertex 0.10574007779359818 1.824426309594671 -0.23220311516533898
		endloop
	endfacet
	facet normal -0.40837332006160143 -0.6020755032325928 0.6861022663343161
		outer loop
			vertex 0.09471794217824936 1.611226769084763 -0.3482761442698518
			vertex 0.18075872957706451 1.7550789269315408 -0.17082938696947828
			vertex 0.08478675037622452 1.7794035809255693 -0.2066070234665359
		endloop
	endfacet
	facet normal -0.4093834176068172 -0.6014286365783758 0.686067644253858
		outer loop
			vertex 0.09471794217824936 1.611226769084763 -0.3482761442698518
			vertex 0.1906178891658783 1.5872376893419662 -0.3120812752483949
			vertex 0.18075872957706451 1.7550789269315408 -0.17082938696947828
		endloop
	endfacet
	facet normal 0.40842129412403816 0.6012814246961927 -0.6867697538632309
		outer loop
			vertex 0.2132282257080078 1.6058286125702936 -0.3596669205171369
			vertex 0.10574007779359818 1.824426309594671 -0.23220311516533898
			vertex 0.2017120122909546 1.8001016556006464 -0.196425448865955
		endloop
	endfacet
	facet normal 0.40938584788804633 0.6013735988430735 -0.6861144380958001
		outer loop
			vertex 0.2132282257080078 1.6058286125702936 -0.3596669205171369
			vertex 0.11732828617095947 1.6298174538944792 -0.39586178953856177
			vertex 0.10574007779359818 1.824426309594671 -0.23220311516533898
		endloop
	endfacet
	facet normal -0.29201313577006555 -0.8879278707086506 0.3554045933250371
		outer loop
			vertex 0.13262198865413666 1.319611844192104 -0.31562506372408466
			vertex 0.051590774208307266 1.3114339549303733 -0.4026345042474426
			vertex 0.14800970256328583 1.2953689565355981 -0.3635493768748432
		endloop
	endfacet
	facet normal -0.2920127065655921 -0.8879281609337396 0.3554042208880821
		outer loop
			vertex 0.13262198865413666 1.319611844192104 -0.31562506372408466
			vertex 0.03620309755206108 1.3356768425868952 -0.3547100718873786
			vertex 0.051590774208307266 1.3114339549303733 -0.4026345042474426
		endloop
	endfacet
	facet normal -0.9047473662336759 0.18458909036493873 -0.38387376963198644
		outer loop
			vertex 0.03620309755206108 1.3356768425868952 -0.3547100718873786
			vertex 0.10968713462352753 1.5632676639314143 -0.41846463979311377
			vertex 0.051590774208307266 1.3114339549303733 -0.4026345042474426
		endloop
	endfacet
	facet normal -0.914018256862815 0.19555025924245747 -0.35543033386539896
		outer loop
			vertex 0.03620309755206108 1.3356768425868952 -0.3547100718873786
			vertex 0.08799217641353607 1.5538665864767296 -0.36784654944408
			vertex 0.10968713462352753 1.5632676639314143 -0.41846463979311377
		endloop
	endfacet
	facet normal -0.2485509627937152 0.507522934669998 0.8250108421580108
		outer loop
			vertex 0.05155625566840172 1.2628151657927296 -0.32164041725654313
			vertex 0.10401741415262222 1.323433810042874 -0.3431262934041298
			vertex 0.0753675177693367 1.328273229452002 -0.3547347174165638
		endloop
	endfacet
	facet normal -0.252820186583557 0.510175999784127 0.822072017830629
		outer loop
			vertex 0.05155625566840172 1.2628151657927296 -0.32164041725654313
			vertex 0.08024368435144424 1.2582785380237111 -0.3100024591793375
			vertex 0.10401741415262222 1.323433810042874 -0.3431262934041298
		endloop
	endfacet
	facet normal 0.913974675937196 -0.1959039189882424 0.3553476414309599
		outer loop
			vertex 0.13262198865413666 1.319611844192104 -0.31562506372408466
			vertex 0.20555807650089264 1.5400683459168736 -0.3816827544548271
			vertex 0.1838630884885788 1.5306675068807958 -0.33106469390815174
		endloop
	endfacet
	facet normal 0.9048318849434112 -0.18435793397258482 0.3837856330962815
		outer loop
			vertex 0.13262198865413666 1.319611844192104 -0.31562506372408466
			vertex 0.14800970256328583 1.2953689565355981 -0.3635493768748432
			vertex 0.20555807650089264 1.5400683459168736 -0.3816827544548271
		endloop
	endfacet
	facet normal 0.14086894170103573 0.9607917783600715 0.23882022506421363
		outer loop
			vertex 0.1838630884885788 1.5306675068807958 -0.33106469390815174
			vertex 0.10968713462352753 1.5632676639314143 -0.41846463979311377
			vertex 0.08799217641353607 1.5538665864767296 -0.36784654944408
		endloop
	endfacet
	facet normal 0.14087233901779045 0.9607919783857833 0.23881741638580137
		outer loop
			vertex 0.1838630884885788 1.5306675068807958 -0.33106469390815174
			vertex 0.20555807650089264 1.5400683459168736 -0.3816827544548271
			vertex 0.10968713462352753 1.5632676639314143 -0.41846463979311377
		endloop
	endfacet
	facet normal 0.32353655493455347 -0.1453758062454735 -0.9349812685714936
		outer loop
			vertex 0.14800970256328583 1.2953689565355981 -0.3635493768748432
			vertex 0.10968713462352753 1.5632676639314143 -0.41846463979311377
			vertex 0.20555807650089264 1.5400683459168736 -0.3816827544548271
		endloop
	endfacet
	facet normal 0.3519749201287043 -0.13937936381293126 -0.9255739022592927
		outer loop
			vertex 0.14800970256328583 1.2953689565355981 -0.3635493768748432
			vertex 0.051590774208307266 1.3114339549303733 -0.4026345042474426
			vertex 0.10968713462352753 1.5632676639314143 -0.41846463979311377
		endloop
	endfacet
	facet normal -0.39595648644920944 -0.25120114140932215 0.8832420095270892
		outer loop
			vertex 0.13445179164409637 1.6115383825483247 -0.34575448006872184
			vertex 0.1550031453371048 1.5369203889985417 -0.3577632876604253
			vertex 0.1629558950662613 1.6043965544957464 -0.3350073131773384
		endloop
	endfacet
	facet normal -0.39938429463975206 -0.25186610076478744 0.8815076020549396
		outer loop
			vertex 0.13445179164409637 1.6115383825483247 -0.34575448006872184
			vertex 0.12650878727436066 1.5437942345055002 -0.36870920623051046
			vertex 0.1550031453371048 1.5369203889985417 -0.3577632876604253
		endloop
	endfacet
	facet normal -0.9113474801002357 0.22389915232226584 -0.34541994746152316
		outer loop
			vertex 0.14569847285747528 1.6210794153728425 -0.36924300608246297
			vertex 0.12650878727436066 1.5437942345055002 -0.36870920623051046
			vertex 0.13445179164409637 1.6115383825483247 -0.34575448006872184
		endloop
	endfacet
	facet normal -0.910097291849317 0.22356459315410906 -0.3489151645549059
		outer loop
			vertex 0.14569847285747528 1.6210794153728425 -0.36924300608246297
			vertex 0.13723766803741455 1.5481322577485561 -0.3939144647546604
			vertex 0.12650878727436066 1.5437942345055002 -0.36870920623051046
		endloop
	endfacet
	facet normal 0.39613193305281363 0.2526129347916887 -0.8827605546192984
		outer loop
			vertex 0.174202561378479 1.613937348901657 -0.3584958093887211
			vertex 0.13723766803741455 1.5481322577485561 -0.3939144647546604
			vertex 0.14569847285747528 1.6210794153728425 -0.36924300608246297
		endloop
	endfacet
	facet normal 0.39922766138316707 0.25045421752571123 -0.8819807023456414
		outer loop
			vertex 0.174202561378479 1.613937348901657 -0.3584958093887211
			vertex 0.16573205590248108 1.5412585314509193 -0.38296842697528566
			vertex 0.13723766803741455 1.5481322577485561 -0.3939144647546604
		endloop
	endfacet
	facet normal 0.9114380431636306 -0.22271370366093998 0.3459469607839889
		outer loop
			vertex 0.1629558950662613 1.6043965544957464 -0.3350073131773384
			vertex 0.16573205590248108 1.5412585314509193 -0.38296842697528566
			vertex 0.174202561378479 1.613937348901657 -0.3584958093887211
		endloop
	endfacet
	facet normal 0.9099033624613925 -0.2248114464655639 0.34861968464146303
		outer loop
			vertex 0.1629558950662613 1.6043965544957464 -0.3350073131773384
			vertex 0.1550031453371048 1.5369203889985417 -0.3577632876604253
			vertex 0.16573205590248108 1.5412585314509193 -0.38296842697528566
		endloop
	endfacet
	facet normal 0.33520447129987224 0.3463687016788416 -0.8761659003395914
		outer loop
			vertex 0.0859072133898735 1.7926444446509369 0.14869049854504396
			vertex -0.00800780113786459 1.8656769518747878 0.14163183752888556
			vertex 0.09075319021940231 1.8437455430040282 0.1707459268429346
		endloop
	endfacet
	facet normal 0.3352046981485484 0.34636901370138523 -0.8761656902017279
		outer loop
			vertex 0.0859072133898735 1.7926444446509369 0.14869049854504396
			vertex -0.012853797525167465 1.8145759727310042 0.11957642413214209
			vertex -0.00800780113786459 1.8656769518747878 0.14163183752888556
		endloop
	endfacet
	facet normal -0.9426377715682412 0.20357627246850915 -0.2645576173552514
		outer loop
			vertex -0.012853797525167465 1.8145759727310042 0.11957642413214209
			vertex -0.09029248356819153 1.7194941810149105 0.3223308722701843
			vertex -0.00800780113786459 1.8656769518747878 0.14163183752888556
		endloop
	endfacet
	facet normal -0.9388302535852009 0.2418712733412105 -0.2451449409746184
		outer loop
			vertex -0.012853797525167465 1.8145759727310042 0.11957642413214209
			vertex -0.08714902400970459 1.6861992543572826 0.27744207629029444
			vertex -0.09029248356819153 1.7194941810149105 0.3223308722701843
		endloop
	endfacet
	facet normal 0.9372278903277897 -0.16373305374530292 0.3078885653981945
		outer loop
			vertex 0.0859072133898735 1.7926444446509369 0.14869049854504396
			vertex 0.0018228754634037614 1.696167904314558 0.35334177553834833
			vertex 0.009861232712864876 1.6613486485223217 0.31035597751269406
		endloop
	endfacet
	facet normal 0.9350635775102698 -0.21146367217106216 0.2844981922009795
		outer loop
			vertex 0.0859072133898735 1.7926444446509369 0.14869049854504396
			vertex 0.09075319021940231 1.8437455430040282 0.1707459268429346
			vertex 0.0018228754634037614 1.696167904314558 0.35334177553834833
		endloop
	endfacet
	facet normal -0.375407866056545 -0.7568215210514868 0.5350608557689353
		outer loop
			vertex 0.009861232712864876 1.6613486485223217 0.31035597751269406
			vertex -0.09029248356819153 1.7194941810149105 0.3223308722701843
			vertex -0.08714902400970459 1.6861992543572826 0.27744207629029444
		endloop
	endfacet
	facet normal -0.3729933757308024 -0.7538637763874426 0.5408931024812615
		outer loop
			vertex 0.009861232712864876 1.6613486485223217 0.31035597751269406
			vertex 0.0018228754634037614 1.696167904314558 0.35334177553834833
			vertex -0.09029248356819153 1.7194941810149105 0.3223308722701843
		endloop
	endfacet
	facet normal -0.012650066912681762 0.7806812948042203 0.6248013218215138
		outer loop
			vertex 0.09075319021940231 1.8437455430040282 0.1707459268429346
			vertex -0.09029248356819153 1.7194941810149105 0.3223308722701843
			vertex 0.0018228754634037614 1.696167904314558 0.35334177553834833
		endloop
	endfacet
	facet normal -0.011289002081705834 0.7799076600819259 0.6257927773452922
		outer loop
			vertex 0.09075319021940231 1.8437455430040282 0.1707459268429346
			vertex -0.00800780113786459 1.8656769518747878 0.14163183752888556
			vertex -0.09029248356819153 1.7194941810149105 0.3223308722701843
		endloop
	endfacet
	facet normal 0.2248818558494104 -0.39490160301394295 -0.8907754345775053
		outer loop
			vertex 0.16776864230632782 1.7863157064446455 -0.11465661782768995
			vertex 0.09029804915189743 1.8602329790521916 -0.16698381320838596
			vertex 0.1865653544664383 1.8360067918459002 -0.1319404911456915
		endloop
	endfacet
	facet normal 0.22488160222711256 -0.3949018398328319 -0.8907753936186221
		outer loop
			vertex 0.16776864230632782 1.7863157064446455 -0.11465661782768995
			vertex 0.07150132209062576 1.8105420128602376 -0.1496999771433084
			vertex 0.09029804915189743 1.8602329790521916 -0.16698381320838596
		endloop
	endfacet
	facet normal -0.9207782152070001 0.24184643847841247 -0.30606825806594024
		outer loop
			vertex 0.07150132209062576 1.8105420128602376 -0.1496999771433084
			vertex 0.015549581497907639 1.8851075832344908 0.07754528477414276
			vertex 0.09029804915189743 1.8602329790521916 -0.16698381320838596
		endloop
	endfacet
	facet normal -0.9291339896087086 0.216424585329922 -0.2997839692488172
		outer loop
			vertex 0.07150132209062576 1.8105420128602376 -0.1496999771433084
			vertex 0.007633773609995842 1.8316248032373992 0.06346800662659859
			vertex 0.015549581497907639 1.8851075832344908 0.07754528477414276
		endloop
	endfacet
	facet normal -0.35382932874749723 -0.8518237024579018 0.3862656935957521
		outer loop
			vertex 0.12457861751317978 1.779560222250075 -0.20439659984025788
			vertex 0.13761307299137115 1.8091789766916335 -0.12713907943962774
			vertex 0.10898026823997498 1.8163731376809382 -0.13750233276946203
		endloop
	endfacet
	facet normal -0.3593525318049269 -0.8494913062178966 0.3863033504198497
		outer loop
			vertex 0.12457861751317978 1.779560222250075 -0.20439659984025788
			vertex 0.15310443937778473 1.772325887760257 -0.193769402201336
			vertex 0.13761307299137115 1.8091789766916335 -0.12713907943962774
		endloop
	endfacet
	facet normal 0.9292294273504563 -0.2163707028389078 0.2995269441952428
		outer loop
			vertex 0.16776864230632782 1.7863157064446455 -0.11465661782768995
			vertex 0.11405825614929199 1.8627299740016126 0.10717010406610239
			vertex 0.10614246875047684 1.8092471940045212 0.0930928259185582
		endloop
	endfacet
	facet normal 0.9207441616586349 -0.24177806188797832 0.3062246847679506
		outer loop
			vertex 0.16776864230632782 1.7863157064446455 -0.11465661782768995
			vertex 0.1865653544664383 1.8360067918459002 -0.1319404911456915
			vertex 0.11405825614929199 1.8627299740016126 0.10717010406610239
		endloop
	endfacet
	facet normal -0.3229570361334451 -0.19591144234180466 0.9259143910596996
		outer loop
			vertex 0.10614246875047684 1.8092471940045212 0.0930928259185582
			vertex 0.015549581497907639 1.8851075832344908 0.07754528477414276
			vertex 0.007633773609995842 1.8316248032373992 0.06346800662659859
		endloop
	endfacet
	facet normal -0.3229571117332438 -0.1959115423652986 0.9259143435269651
		outer loop
			vertex 0.10614246875047684 1.8092471940045212 0.0930928259185582
			vertex 0.11405825614929199 1.8627299740016126 0.10717010406610239
			vertex 0.015549581497907639 1.8851075832344908 0.07754528477414276
		endloop
	endfacet
	facet normal 0.23226578715724938 0.9719023617938282 -0.03818904628034256
		outer loop
			vertex 0.1865653544664383 1.8360067918459002 -0.1319404911456915
			vertex 0.015549581497907639 1.8851075832344908 0.07754528477414276
			vertex 0.11405825614929199 1.8627299740016126 0.10717010406610239
		endloop
	endfacet
	facet normal 0.25137430829512286 0.9676490647413536 -0.02159269863477896
		outer loop
			vertex 0.1865653544664383 1.8360067918459002 -0.1319404911456915
			vertex 0.09029804915189743 1.8602329790521916 -0.16698381320838596
			vertex 0.015549581497907639 1.8851075832344908 0.07754528477414276
		endloop
	endfacet
	facet normal -0.11307672294176375 -0.9394546833885209 -0.3234788286551772
		outer loop
			vertex 0.02155175991356373 1.8181440291075635 0.13931174770690752
			vertex 0.07497230172157288 1.8314298985198132 0.08205269268728613
			vertex 0.05090908706188202 1.8116334140456547 0.14795774619471042
		endloop
	endfacet
	facet normal -0.1154999587839315 -0.9384583217588748 -0.325508429756322
		outer loop
			vertex 0.02155175991356373 1.8181440291075635 0.13931174770690752
			vertex 0.04570060968399048 1.8380915517485714 0.07323324463958907
			vertex 0.07497230172157288 1.8314298985198132 0.08205269268728613
		endloop
	endfacet
	facet normal -0.9371179166195777 0.20929441082933814 -0.2792952916649021
		outer loop
			vertex 0.023850124329328537 1.8434047208831634 0.15052956348427007
			vertex 0.04570060968399048 1.8380915517485714 0.07323324463958907
			vertex 0.02155175991356373 1.8181440291075635 0.13931174770690752
		endloop
	endfacet
	facet normal -0.9364157849970327 0.21239456955381297 -0.27930990750856244
		outer loop
			vertex 0.023850124329328537 1.8434047208831634 0.15052956348427007
			vertex 0.049737513065338135 1.8647005001631323 0.07993324362165545
			vertex 0.04570060968399048 1.8380915517485714 0.07323324463958907
		endloop
	endfacet
	facet normal 0.11267043125019834 0.9391149456005721 0.3246051337726024
		outer loop
			vertex 0.05320746824145317 1.8368941058212447 0.159175487466257
			vertex 0.049737513065338135 1.8647005001631323 0.07993324362165545
			vertex 0.023850124329328537 1.8434047208831634 0.15052956348427007
		endloop
	endfacet
	facet normal 0.1159277903116246 0.9388052724840514 0.32435383116222
		outer loop
			vertex 0.05320746824145317 1.8368941058212447 0.159175487466257
			vertex 0.0790092870593071 1.8580388469343578 0.08875257246004697
			vertex 0.049737513065338135 1.8647005001631323 0.07993324362165545
		endloop
	endfacet
	facet normal 0.9367456613040309 -0.2096843022006053 0.2802499945383037
		outer loop
			vertex 0.05090908706188202 1.8116334140456547 0.14795774619471042
			vertex 0.0790092870593071 1.8580388469343578 0.08875257246004697
			vertex 0.05320746824145317 1.8368941058212447 0.159175487466257
		endloop
	endfacet
	facet normal 0.9367643268064498 -0.21219292710630494 0.2782925757344551
		outer loop
			vertex 0.05090908706188202 1.8116334140456547 0.14795774619471042
			vertex 0.07497230172157288 1.8314298985198132 0.08205269268728613
			vertex 0.0790092870593071 1.8580388469343578 0.08875257246004697
		endloop
	endfacet
	facet normal 0.09885969566612225 0.9025533628464717 0.4190753963039671
		outer loop
			vertex -0.07922685146331787 1.3197639233751408 0.33426473113923943
			vertex -0.19640249013900757 1.3225802461181324 0.3558409594173979
			vertex -0.09740131348371506 1.2991661116303728 0.3829131276367599
		endloop
	endfacet
	facet normal 0.09885985334552784 0.9025529211987218 0.4190763102731467
		outer loop
			vertex -0.07922685146331787 1.3197639233751408 0.33426473113923943
			vertex -0.17822802066802979 1.3431780578629167 0.30719268212918305
			vertex -0.19640249013900757 1.3225802461181324 0.3558409594173979
		endloop
	endfacet
	facet normal -0.9419012000108118 0.20778723856117673 -0.2639064093752056
		outer loop
			vertex -0.17822802066802979 1.3431780578629167 0.30719268212918305
			vertex -0.1898641437292099 1.1326558380514733 0.18296776272231882
			vertex -0.19640249013900757 1.3225802461181324 0.3558409594173979
		endloop
	endfacet
	facet normal -0.9424728569648039 0.20698452488482103 -0.2624925148319572
		outer loop
			vertex -0.17822802066802979 1.3431780578629167 0.30719268212918305
			vertex -0.1726011335849762 1.1795303641506372 0.15794755602874427
			vertex -0.1898641437292099 1.1326558380514733 0.18296776272231882
		endloop
	endfacet
	facet normal 0.9424769332389977 -0.207001529265327 0.2624644684414062
		outer loop
			vertex -0.07922685146331787 1.3197639233751408 0.33426473113923943
			vertex -0.0909363180398941 1.1119310658140793 0.2123975032142254
			vertex -0.07367328554391861 1.1588055919132454 0.18737731142181405
		endloop
	endfacet
	facet normal 0.9418994465979685 -0.20780840350754978 0.2638960021108392
		outer loop
			vertex -0.07922685146331787 1.3197639233751408 0.33426473113923943
			vertex -0.09740131348371506 1.2991661116303728 0.3829131276367599
			vertex -0.0909363180398941 1.1119310658140793 0.2123975032142254
		endloop
	endfacet
	facet normal 0.14638858530285292 -0.5072344264813123 -0.8492841801689255
		outer loop
			vertex -0.07367328554391861 1.1588055919132454 0.18737731142181405
			vertex -0.1898641437292099 1.1326558380514733 0.18296776272231882
			vertex -0.1726011335849762 1.1795303641506372 0.15794755602874427
		endloop
	endfacet
	facet normal 0.14638855343926868 -0.5072342680168198 -0.8492842803039508
		outer loop
			vertex -0.07367328554391861 1.1588055919132454 0.18737731142181405
			vertex -0.0909363180398941 1.1119310658140793 0.2123975032142254
			vertex -0.1898641437292099 1.1326558380514733 0.18296776272231882
		endloop
	endfacet
	facet normal 0.33916745321718456 0.6402435117545187 -0.689241383213755
		outer loop
			vertex -0.17822802066802979 1.3431780578629167 0.30719268212918305
			vertex -0.07367328554391861 1.1588055919132454 0.18737731142181405
			vertex -0.1726011335849762 1.1795303641506372 0.15794755602874427
		endloop
	endfacet
	facet normal 0.33980639473811663 0.6403418709557755 -0.6888351779605482
		outer loop
			vertex -0.17822802066802979 1.3431780578629167 0.30719268212918305
			vertex -0.07922685146331787 1.3197639233751408 0.33426473113923943
			vertex -0.07367328554391861 1.1588055919132454 0.18737731142181405
		endloop
	endfacet
	facet normal -0.33919418121654354 -0.6397834813449462 0.6896552794164484
		outer loop
			vertex -0.09740131348371506 1.2991661116303728 0.3829131276367599
			vertex -0.1898641437292099 1.1326558380514733 0.18296776272231882
			vertex -0.0909363180398941 1.1119310658140793 0.2123975032142254
		endloop
	endfacet
	facet normal -0.33982085105053494 -0.6394435813496474 0.689662015382917
		outer loop
			vertex -0.09740131348371506 1.2991661116303728 0.3829131276367599
			vertex -0.19640249013900757 1.3225802461181324 0.3558409594173979
			vertex -0.1898641437292099 1.1326558380514733 0.18296776272231882
		endloop
	endfacet
	facet normal 0.20446225491045739 0.9015459489291778 -0.3813267474047937
		outer loop
			vertex -0.1287892758846283 1.1277402326130828 0.1105995416152233
			vertex -0.11348044872283936 1.1567692585638762 0.1874393601389614
			vertex -0.09882861375808716 1.1245068005401562 0.11901945176411713
		endloop
	endfacet
	facet normal 0.29833301674061363 0.8717036415211915 -0.3887546430348309
		outer loop
			vertex -0.1287892758846283 1.1277402326130828 0.1105995416152233
			vertex -0.14288756251335144 1.1629433457458105 0.17871627797916131
			vertex -0.11348044872283936 1.1567692585638762 0.1874393601389614
		endloop
	endfacet
	facet normal -0.9608139185220899 0.10865041372671821 -0.25501313999721636
		outer loop
			vertex -0.13398341834545135 1.1018718144534838 0.11914808164603502
			vertex -0.14288756251335144 1.1629433457458105 0.17871627797916131
			vertex -0.1287892758846283 1.1277402326130828 0.1105995416152233
		endloop
	endfacet
	facet normal -0.9323795213627086 0.1734190176782716 -0.31716600141085377
		outer loop
			vertex -0.13398341834545135 1.1018718144534838 0.11914808164603502
			vertex -0.1515069454908371 1.139848809476731 0.19142730111385284
			vertex -0.14288756251335144 1.1629433457458105 0.17871627797916131
		endloop
	endfacet
	facet normal -0.2118466082343965 -0.8853630900889639 0.41382751634914683
		outer loop
			vertex -0.10402271151542664 1.098638501589872 0.12756805885014721
			vertex -0.1515069454908371 1.139848809476731 0.19142730111385284
			vertex -0.13398341834545135 1.1018718144534838 0.11914808164603502
		endloop
	endfacet
	facet normal -0.29194781611320675 -0.887780498275859 0.35582616478808415
		outer loop
			vertex -0.10402271151542664 1.098638501589872 0.12756805885014721
			vertex -0.1220998540520668 1.1336744838761812 0.20015035347135854
			vertex -0.1515069454908371 1.139848809476731 0.19142730111385284
		endloop
	endfacet
	facet normal 0.9536907262777898 -0.09745256730082363 0.28456457217689696
		outer loop
			vertex -0.09882861375808716 1.1245068005401562 0.11901945176411713
			vertex -0.1220998540520668 1.1336744838761812 0.20015035347135854
			vertex -0.10402271151542664 1.098638501589872 0.12756805885014721
		endloop
	endfacet
	facet normal 0.9378018035509296 -0.19013006207012373 0.29047949454967503
		outer loop
			vertex -0.09882861375808716 1.1245068005401562 0.11901945176411713
			vertex -0.11348044872283936 1.1567692585638762 0.1874393601389614
			vertex -0.1220998540520668 1.1336744838761812 0.20015035347135854
		endloop
	endfacet
	facet normal 0.23797811156014548 0.9176652787522592 -0.3182088223019679
		outer loop
			vertex -0.01673218607902527 1.5900251297126853 0.3457685418261638
			vertex -0.122956283390522 1.6258511055227391 0.36964356811542287
			vertex -0.028901079669594765 1.6106762413323124 0.3962224471213273
		endloop
	endfacet
	facet normal 0.24200249089595566 0.9209931291003403 -0.30529731500640006
		outer loop
			vertex -0.01673218607902527 1.5900251297126853 0.3457685418261638
			vertex -0.11518862843513489 1.6065662515438655 0.3176240272220183
			vertex -0.122956283390522 1.6258511055227391 0.36964356811542287
		endloop
	endfacet
	facet normal -0.9414403023238824 0.24517674433239256 -0.2314703462625089
		outer loop
			vertex -0.11518862843513489 1.6065662515438655 0.3176240272220183
			vertex -0.18733149766921997 1.3880987565395653 0.3796408500523686
			vertex -0.122956283390522 1.6258511055227391 0.36964356811542287
		endloop
	endfacet
	facet normal -0.937456597232005 0.23726136721111357 -0.25471979101613557
		outer loop
			vertex -0.11518862843513489 1.6065662515438655 0.3176240272220183
			vertex -0.17034022510051727 1.3993988380451736 0.3276326895382894
			vertex -0.18733149766921997 1.3880987565395653 0.3796408500523686
		endloop
	endfacet
	facet normal 0.12477262083491393 -0.5247796407581365 -0.8420440141321284
		outer loop
			vertex -0.052663687616586685 1.6910285452736202 0.29782397606783734
			vertex -0.05529630184173584 1.5934978176657482 0.35821709230278037
			vertex -0.08460398763418198 1.6003055023252657 0.34963163720112866
		endloop
	endfacet
	facet normal 0.13254994471102344 -0.5243998866785387 -0.8410917137914514
		outer loop
			vertex -0.052663687616586685 1.6910285452736202 0.29782397606783734
			vertex -0.0233001708984375 1.684562991330908 0.30648256603248647
			vertex -0.05529630184173584 1.5934978176657482 0.35821709230278037
		endloop
	endfacet
	facet normal 0.9389255642474422 -0.22880115745140744 0.25703854798749287
		outer loop
			vertex -0.01673218607902527 1.5900251297126853 0.3457685418261638
			vertex -0.0884585976600647 1.364188472926734 0.4067480062695767
			vertex -0.0714673101902008 1.375488435223033 0.3547398159531871
		endloop
	endfacet
	facet normal 0.9271156290729579 -0.21078127992903986 0.3098836271249736
		outer loop
			vertex -0.01673218607902527 1.5900251297126853 0.3457685418261638
			vertex -0.028901079669594765 1.6106762413323124 0.3962224471213273
			vertex -0.0884585976600647 1.364188472926734 0.4067480062695767
		endloop
	endfacet
	facet normal -0.15935407250354522 -0.9526291761911165 -0.2590442669621736
		outer loop
			vertex -0.0714673101902008 1.375488435223033 0.3547398159531871
			vertex -0.18733149766921997 1.3880987565395653 0.3796408500523686
			vertex -0.17034022510051727 1.3993988380451736 0.3276326895382894
		endloop
	endfacet
	facet normal -0.15935365895477865 -0.9526298632250843 -0.2590419947990704
		outer loop
			vertex -0.0714673101902008 1.375488435223033 0.3547398159531871
			vertex -0.0884585976600647 1.364188472926734 0.4067480062695767
			vertex -0.18733149766921997 1.3880987565395653 0.3796408500523686
		endloop
	endfacet
	facet normal 0.2379769446094261 -0.10997585203421192 -0.9650245001054177
		outer loop
			vertex -0.11518862843513489 1.6065662515438655 0.3176240272220183
			vertex -0.0714673101902008 1.375488435223033 0.3547398159531871
			vertex -0.17034022510051727 1.3993988380451736 0.3276326895382894
		endloop
	endfacet
	facet normal 0.25685140628833664 -0.10570254991182164 -0.9606530726697555
		outer loop
			vertex -0.11518862843513489 1.6065662515438655 0.3176240272220183
			vertex -0.01673218607902527 1.5900251297126853 0.3457685418261638
			vertex -0.0714673101902008 1.375488435223033 0.3547398159531871
		endloop
	endfacet
	facet normal 0.315184796411889 0.2871237313945159 -0.9045543140026949
		outer loop
			vertex -0.14844314754009247 1.325782800247739 0.3270786741816293
			vertex -0.10977688431739807 1.385261572351736 0.35943138626767207
			vertex -0.11901596188545227 1.3188365943030482 0.3351274788105535
		endloop
	endfacet
	facet normal 0.3172275125404451 0.2856595221966122 -0.9043037889259367
		outer loop
			vertex -0.14844314754009247 1.325782800247739 0.3270786741816293
			vertex -0.13916084170341492 1.392375505787775 0.35137077989496096
			vertex -0.10977688431739807 1.385261572351736 0.35943138626767207
		endloop
	endfacet
	facet normal -0.9402384363863187 0.2244662029772839 -0.2560597712698573
		outer loop
			vertex -0.1574966162443161 1.3152410053720736 0.3510814394717239
			vertex -0.13916084170341492 1.392375505787775 0.35137077989496096
			vertex -0.14844314754009247 1.325782800247739 0.3270786741816293
		endloop
	endfacet
	facet normal -0.9396296709853929 0.224330281274629 -0.2584027985667499
		outer loop
			vertex -0.1574966162443161 1.3152410053720736 0.3510814394717239
			vertex -0.1475449949502945 1.3870973980550476 0.37727591637840696
			vertex -0.13916084170341492 1.392375505787775 0.35137077989496096
		endloop
	endfacet
	facet normal -0.3150616963924562 -0.2862304795618003 0.9048802351892375
		outer loop
			vertex -0.12806938588619232 1.3082947994273788 0.3591302142983217
			vertex -0.1475449949502945 1.3870973980550476 0.37727591637840696
			vertex -0.1574966162443161 1.3152410053720736 0.3510814394717239
		endloop
	endfacet
	facet normal -0.3173578214837621 -0.28658709361985846 0.903964518614311
		outer loop
			vertex -0.12806938588619232 1.3082947994273788 0.3591302142983217
			vertex -0.11816109716892242 1.3799834646190008 0.3853364631464653
			vertex -0.1475449949502945 1.3870973980550476 0.37727591637840696
		endloop
	endfacet
	facet normal 0.9403209793200299 -0.22370216869973095 0.25642502914040466
		outer loop
			vertex -0.11901596188545227 1.3188365943030482 0.3351274788105535
			vertex -0.11816109716892242 1.3799834646190008 0.3853364631464653
			vertex -0.12806938588619232 1.3082947994273788 0.3591302142983217
		endloop
	endfacet
	facet normal 0.9394920780174255 -0.2251441104910472 0.25819520687591163
		outer loop
			vertex -0.11901596188545227 1.3188365943030482 0.3351274788105535
			vertex -0.10977688431739807 1.385261572351736 0.35943138626767207
			vertex -0.11816109716892242 1.3799834646190008 0.3853364631464653
		endloop
	endfacet
	facet normal 0.2783452666258719 0.047649610806060956 0.9592984035934822
		outer loop
			vertex -0.29762616753578186 1.2903547712004757 -0.3897801619959129
			vertex -0.5372956395149231 1.150265369994589 -0.31328043234898534
			vertex -0.45311179757118225 1.0745249004606479 -0.33394466983922155
		endloop
	endfacet
	facet normal 0.27834639926711724 0.04764754949323297 0.9592981773371201
		outer loop
			vertex -0.29762616753578186 1.2903547712004757 -0.3897801619959129
			vertex -0.3803880214691162 1.3520076810875776 -0.36882853877949145
			vertex -0.5372956395149231 1.150265369994589 -0.31328043234898534
		endloop
	endfacet
	facet normal 0.0033896087842197227 -0.017862813978890793 0.9998347015527346
		outer loop
			vertex -0.35773277282714844 1.319823191696087 -0.3944794861877099
			vertex -0.29986417293548584 1.3467879790259307 -0.39419392391918023
			vertex -0.32534778118133545 1.3673259542965535 -0.39374060349189155
		endloop
	endfacet
	facet normal 0.0732298057785535 -0.16756865446907201 0.9831368885282762
		outer loop
			vertex -0.35773277282714844 1.319823191696087 -0.3944794861877099
			vertex -0.3350799083709717 1.2987202828773132 -0.3997636444379165
			vertex -0.29986417293548584 1.3467879790259307 -0.39419392391918023
		endloop
	endfacet
	facet normal 0.8012705032640279 -0.5638461675032618 -0.20010767099463098
		outer loop
			vertex -0.3350799083709717 1.2987202828773132 -0.3997636444379165
			vertex -0.30898088216781616 1.3442254518588006 -0.4234785537550302
			vertex -0.29986417293548584 1.3467879790259307 -0.39419392391918023
		endloop
	endfacet
	facet normal 0.8280651946132254 -0.5445039553847545 -0.13350459183308452
		outer loop
			vertex -0.3350799083709717 1.2987202828773132 -0.3997636444379165
			vertex -0.34083524346351624 1.2969839954968987 -0.42837971879682957
			vertex -0.30898088216781616 1.3442254518588006 -0.4234785537550302
		endloop
	endfacet
	facet normal -0.6226423852794486 -0.7515284046890579 0.2179943049692772
		outer loop
			vertex -0.5372956395149231 1.150265369994589 -0.31328043234898534
			vertex -0.4706551730632782 1.0715216523019384 -0.39440622851025864
			vertex -0.45311179757118225 1.0745249004606479 -0.33394466983922155
		endloop
	endfacet
	facet normal -0.6226453941705598 -0.7515270189120065 0.21799048824070605
		outer loop
			vertex -0.5372956395149231 1.150265369994589 -0.31328043234898534
			vertex -0.5548388957977295 1.1472623602544745 -0.37374211022936
			vertex -0.4706551730632782 1.0715216523019384 -0.39440622851025864
		endloop
	endfacet
	facet normal 0.7523099443075426 0.6522646816527461 -0.0926311651898213
		outer loop
			vertex -0.32534778118133545 1.3673259542965535 -0.39374060349189155
			vertex -0.30898088216781616 1.3442254518588006 -0.4234785537550302
			vertex -0.3308838903903961 1.3694816121675575 -0.42352335004498554
		endloop
	endfacet
	facet normal 0.6041534573578434 0.7552462985375193 -0.2541685041619842
		outer loop
			vertex -0.32534778118133545 1.3673259542965535 -0.39374060349189155
			vertex -0.29986417293548584 1.3467879790259307 -0.39419392391918023
			vertex -0.30898088216781616 1.3442254518588006 -0.4234785537550302
		endloop
	endfacet
	facet normal -0.2783441911005899 -0.04764924708841721 -0.9592987337281674
		outer loop
			vertex -0.3979313373565674 1.3490045521381655 -0.4292901570551973
			vertex -0.4706551730632782 1.0715216523019384 -0.39440622851025864
			vertex -0.5548388957977295 1.1472623602544745 -0.37374211022936
		endloop
	endfacet
	facet normal -0.2783474136632885 -0.04764829092710867 -0.959297846176402
		outer loop
			vertex -0.3979313373565674 1.3490045521381655 -0.4292901570551973
			vertex -0.3151695430278778 1.2873516422510596 -0.45024181007394515
			vertex -0.4706551730632782 1.0715216523019384 -0.39440622851025864
		endloop
	endfacet
	facet normal -0.6896778501807617 -0.3408345024240351 -0.6388867700362904
		outer loop
			vertex -0.5223137736320496 1.0022542537785284 -0.3725112248639273
			vertex -0.34754735231399536 0.8860338661116928 -0.4991699937281972
			vertex -0.3644661009311676 0.8468019697060516 -0.459976710600444
		endloop
	endfacet
	facet normal -0.6896779392980634 -0.34083507301939253 -0.6388863694315619
		outer loop
			vertex -0.5223137736320496 1.0022542537785284 -0.3725112248639273
			vertex -0.5053950548171997 1.0414861501841657 -0.4117045377940069
			vertex -0.34754735231399536 0.8860338661116928 -0.4991699937281972
		endloop
	endfacet
	facet normal 0.2918114901394179 0.676660646259823 -0.6760003136285153
		outer loop
			vertex -0.2807586193084717 0.9190404277407292 -0.4372999811430892
			vertex -0.4331025779247284 1.0196814581539133 -0.40232350757434293
			vertex -0.4223373830318451 1.0543264294496653 -0.3629976438224823
		endloop
	endfacet
	facet normal 0.2918124760911222 0.6766616437954172 -0.675998889506227
		outer loop
			vertex -0.34754735231399536 0.8860338661116928 -0.4991699937281972
			vertex -0.4331025779247284 1.0196814581539133 -0.40232350757434293
			vertex -0.2807586193084717 0.9190404277407292 -0.4372999811430892
		endloop
	endfacet
	facet normal 0.2918140720238073 0.6766619465855386 -0.6759978974907792
		outer loop
			vertex -0.34754735231399536 0.8860338661116928 -0.4991699937281972
			vertex -0.5053950548171997 1.0414861501841657 -0.4117045377940069
			vertex -0.4331025779247284 1.0196814581539133 -0.40232350757434293
		endloop
	endfacet
	facet normal 0.801075267633127 -0.4846138859335038 0.3513229243117263
		outer loop
			vertex 0.37225937843322754 1.8560291024509328 0.12744849446268386
			vertex 0.5026717782020569 2.0519362410641317 0.10032009587978706
			vertex 0.3672104775905609 1.8872187940683323 0.18198381204010383
		endloop
	endfacet
	facet normal 0.8010752562851727 -0.48461387216658675 0.35132296917701256
		outer loop
			vertex 0.37225937843322754 1.8560291024509328 0.12744849446268386
			vertex 0.5077207088470459 2.0207465494467245 0.04578471869771431
			vertex 0.5026717782020569 2.0519362410641317 0.10032009587978706
		endloop
	endfacet
	facet normal -0.08010734164117403 0.4948634610913591 0.8652704598516381
		outer loop
			vertex 0.5026717782020569 2.0519362410641317 0.10032009587978706
			vertex 0.39751937985420227 2.033602803643065 0.10107023034891219
			vertex 0.3672104775905609 1.8872187940683323 0.18198381204010383
		endloop
	endfacet
	facet normal -0.08010822826162585 0.49486356609892534 0.8652703177115448
		outer loop
			vertex 0.37798503041267395 2.0632589769045033 0.0823008106097026
			vertex 0.3672104775905609 1.8872187940683323 0.18198381204010383
			vertex 0.39751937985420227 2.033602803643065 0.10107023034891219
		endloop
	endfacet
	facet normal -0.0801068529871145 0.4948635569768339 0.8652704502528311
		outer loop
			vertex 0.37798503041267395 2.0632589769045033 0.0823008106097026
			vertex 0.2926231920719147 1.945080243802831 0.14198651924790473
			vertex 0.3672104775905609 1.8872187940683323 0.18198381204010383
		endloop
	endfacet
	facet normal -0.6813973113370244 -0.6607508271281334 0.3148111315569416
		outer loop
			vertex 0.37225937843322754 1.8560291024509328 0.12744849446268386
			vertex 0.2926231920719147 1.945080243802831 0.14198651924790473
			vertex 0.2976720631122589 1.9138905521854306 0.08745119421990315
		endloop
	endfacet
	facet normal -0.6813974159661328 -0.6607508692801471 0.314810816618818
		outer loop
			vertex 0.37225937843322754 1.8560291024509328 0.12744849446268386
			vertex 0.3672104775905609 1.8872187940683323 0.18198381204010383
			vertex 0.2926231920719147 1.945080243802831 0.14198651924790473
		endloop
	endfacet
	facet normal -0.8366284292717995 0.4385229285606272 -0.32825373183074835
		outer loop
			vertex 0.37798503041267395 2.0632589769045033 0.0823008106097026
			vertex 0.2976720631122589 1.9138905521854306 0.08745119421990315
			vertex 0.2926231920719147 1.945080243802831 0.14198651924790473
		endloop
	endfacet
	facet normal -0.8366286785905414 0.43852309205746376 -0.3282528779648486
		outer loop
			vertex 0.37798503041267395 2.0632589769045033 0.0823008106097026
			vertex 0.3830338418483734 2.0320692852871023 0.027765476268474046
			vertex 0.2976720631122589 1.9138905521854306 0.08745119421990315
		endloop
	endfacet
	facet normal 0.8700942232792858 0.4582416536202014 -0.18152308256373373
		outer loop
			vertex 0.3830338418483734 2.0320692852871023 0.027765476268474046
			vertex 0.39751937985420227 2.033602803643065 0.10107023034891219
			vertex 0.4025682508945465 2.002413112025663 0.046534894145038225
		endloop
	endfacet
	facet normal 0.8700949216496279 0.4582402842557065 -0.18152319191986824
		outer loop
			vertex 0.3830338418483734 2.0320692852871023 0.027765476268474046
			vertex 0.37798503041267395 2.0632589769045033 0.0823008106097026
			vertex 0.39751937985420227 2.033602803643065 0.10107023034891219
		endloop
	endfacet
	facet normal 0.08010687221298499 -0.49486358861303237 -0.8652704303795918
		outer loop
			vertex 0.3830338418483734 2.0320692852871023 0.027765476268474046
			vertex 0.37225937843322754 1.8560291024509328 0.12744849446268386
			vertex 0.2976720631122589 1.9138905521854306 0.08745119421990315
		endloop
	endfacet
	facet normal 0.08010787268343973 -0.4948635952487692 -0.8652703339602001
		outer loop
			vertex 0.3830338418483734 2.0320692852871023 0.027765476268474046
			vertex 0.4025682508945465 2.002413112025663 0.046534894145038225
			vertex 0.37225937843322754 1.8560291024509328 0.12744849446268386
		endloop
	endfacet
	facet normal 0.08010696350971235 -0.49486348757008175 -0.8652704797155796
		outer loop
			vertex 0.4025682508945465 2.002413112025663 0.046534894145038225
			vertex 0.5077207088470459 2.0207465494467245 0.04578471869771431
			vertex 0.37225937843322754 1.8560291024509328 0.12744849446268386
		endloop
	endfacet
	facet normal 0.9773856080523027 -0.12993458860589968 0.16683637449922742
		outer loop
			vertex -0.3900299668312073 1.7887547071130478 -0.2763394020845059
			vertex -0.37182876467704773 1.9278903251761925 -0.27460754798731973
			vertex -0.39574146270751953 1.8130099931320034 -0.22398910073946238
		endloop
	endfacet
	facet normal 0.9773856766014207 -0.1299345925365103 0.16683596985288968
		outer loop
			vertex -0.3900299668312073 1.7887547071130478 -0.2763394020845059
			vertex -0.36611729860305786 1.9036350391572432 -0.32695780462887375
			vertex -0.37182876467704773 1.9278903251761925 -0.27460754798731973
		endloop
	endfacet
	facet normal -0.03890091007790585 -0.9082663909700704 0.4165799829916384
		outer loop
			vertex -0.3900299668312073 1.7887547071130478 -0.2763394020845059
			vertex -0.4916851222515106 1.8124394560246486 -0.23419243374262189
			vertex -0.4859735369682312 1.788184170005697 -0.2865427052853391
		endloop
	endfacet
	facet normal -0.038900986996800155 -0.9082664560040759 0.41657983401560733
		outer loop
			vertex -0.3900299668312073 1.7887547071130478 -0.2763394020845059
			vertex -0.39574146270751953 1.8130099931320034 -0.22398910073946238
			vertex -0.4916851222515106 1.8124394560246486 -0.23419243374262189
		endloop
	endfacet
	facet normal -0.38364713539766104 -0.9032803234930892 -0.19209251076340522
		outer loop
			vertex -0.17673170566558838 2.0195174908940956 -0.03319948525323481
			vertex -0.1303473562002182 2.0274804166095954 -0.163282520852152
			vertex -0.11457609385251999 2.0168541015929016 -0.1448125574453579
		endloop
	endfacet
	facet normal -0.13031998299650988 -0.9034149427763646 -0.40848273305020794
		outer loop
			vertex -0.11457609385251999 2.0168541015929016 -0.1448125574453579
			vertex -0.1303473562002182 2.0274804166095954 -0.163282520852152
			vertex 0.006075331009924412 2.0289726724054944 -0.2101063567563071
		endloop
	endfacet
	facet normal -0.11245167892925102 -0.9188174926156671 -0.37832398175300924
		outer loop
			vertex -0.11457609385251999 2.0168541015929016 -0.1448125574453579
			vertex 0.006075331009924412 2.0289726724054944 -0.2101063567563071
			vertex 0.005223033484071493 2.0191901215981964 -0.18609460616681642
		endloop
	endfacet
	facet normal -0.4554965275613588 0.7140801658405453 0.5316130454876776
		outer loop
			vertex -0.17584767937660217 2.163995611661659 0.10597103404125745
			vertex -0.19415713846683502 2.14447437403442 0.11650469872965236
			vertex -0.07389357686042786 2.145749211962981 0.2178364825932637
		endloop
	endfacet
	facet normal -0.6885984844714029 0.7140458422259411 0.12637508608714612
		outer loop
			vertex -0.17584767937660217 2.163995611661659 0.10597103404125745
			vertex -0.21975719928741455 2.147437657960803 -0.03972928901046634
			vertex -0.19415713846683502 2.14447437403442 0.11650469872965236
		endloop
	endfacet
	facet normal -0.7058002257940665 0.6956903162199133 0.13364514651449855
		outer loop
			vertex -0.19991347193717957 2.1669698646790128 -0.03660654054550389
			vertex -0.21975719928741455 2.147437657960803 -0.03972928901046634
			vertex -0.17584767937660217 2.163995611661659 0.10597103404125745
		endloop
	endfacet
	facet normal -0.6198934557051443 0.6896308408262167 -0.3743546539783627
		outer loop
			vertex -0.12806211411952972 2.1639989136444804 -0.1610581680585431
			vertex -0.21975719928741455 2.147437657960803 -0.03972928901046634
			vertex -0.19991347193717957 2.1669698646790128 -0.03660654054550389
		endloop
	endfacet
	facet normal -0.6272605382659274 0.6790458492797359 -0.3813672137327765
		outer loop
			vertex -0.12806211411952972 2.1639989136444804 -0.1610581680585431
			vertex -0.13962292671203613 2.145126648101397 -0.17564644899521295
			vertex -0.21975719928741455 2.147437657960803 -0.03972928901046634
		endloop
	endfacet
	facet normal -0.23340858741939519 0.6801541336275896 -0.6949178266731871
		outer loop
			vertex 0.027412893250584602 2.165092294522598 -0.21220886956747728
			vertex -0.13962292671203613 2.145126648101397 -0.17564644899521295
			vertex -0.12806211411952972 2.1639989136444804 -0.1610581680585431
		endloop
	endfacet
	facet normal -0.23382756732120777 0.6753317317997782 -0.6994653106373171
		outer loop
			vertex 0.027412893250584602 2.165092294522598 -0.21220886956747728
			vertex 0.030030973255634308 2.1446765060850987 -0.23279546452965927
			vertex -0.13962292671203613 2.145126648101397 -0.17564644899521295
		endloop
	endfacet
	facet normal -0.29177653387952357 -0.41258597799700697 -0.8629248316264312
		outer loop
			vertex 0.030030973255634308 2.1446765060850987 -0.23279546452965927
			vertex -0.1199231743812561 2.0797701496275174 -0.15105885038832692
			vertex -0.13962292671203613 2.145126648101397 -0.17564644899521295
		endloop
	endfacet
	facet normal -0.31486810947123545 -0.3721130295170178 -0.8731494527866791
		outer loop
			vertex 0.006938734091818333 2.081566150775723 -0.19757217589461568
			vertex -0.1199231743812561 2.0797701496275174 -0.15105885038832692
			vertex 0.030030973255634308 2.1446765060850987 -0.23279546452965927
		endloop
	endfacet
	facet normal -0.3383227195990086 0.2234102899903403 -0.9141255820343082
		outer loop
			vertex 0.006938734091818333 2.081566150775723 -0.19757217589461568
			vertex 0.006075331009924412 2.0289726724054944 -0.2101063567563071
			vertex -0.1199231743812561 2.0797701496275174 -0.15105885038832692
		endloop
	endfacet
	facet normal -0.3148001884419588 0.2751145515583292 -0.9084122549139058
		outer loop
			vertex -0.1199231743812561 2.0797701496275174 -0.15105885038832692
			vertex 0.006075331009924412 2.0289726724054944 -0.2101063567563071
			vertex -0.1303473562002182 2.0274804166095954 -0.163282520852152
		endloop
	endfacet
	facet normal -0.8343932641967488 0.27764429006375335 -0.4761318397860926
		outer loop
			vertex -0.1199231743812561 2.0797701496275174 -0.15105885038832692
			vertex -0.1303473562002182 2.0274804166095954 -0.163282520852152
			vertex -0.20110942423343658 2.030364345017192 -0.03759443578361929
		endloop
	endfacet
	facet normal -0.3708082856226684 -0.9095034459272782 -0.187895442094758
		outer loop
			vertex -0.17673170566558838 2.0195174908940956 -0.03319948525323481
			vertex -0.20110942423343658 2.030364345017192 -0.03759443578361929
			vertex -0.1303473562002182 2.0274804166095954 -0.163282520852152
		endloop
	endfacet
	facet normal -0.41734716376118647 -0.9051256370887121 0.08104891106762
		outer loop
			vertex -0.17673170566558838 2.0195174908940956 -0.03319948525323481
			vertex -0.1586880087852478 2.025655838150465 0.12826426565332139
			vertex -0.20110942423343658 2.030364345017192 -0.03759443578361929
		endloop
	endfacet
	facet normal -0.3731337802844683 -0.9245894058652783 0.07684798352796149
		outer loop
			vertex -0.13940709829330444 2.016495077624624 0.11166548122051934
			vertex -0.1586880087852478 2.025655838150465 0.12826426565332139
			vertex -0.17673170566558838 2.0195174908940956 -0.03319948525323481
		endloop
	endfacet
	facet normal -0.1788441130180867 -0.9344363944424159 0.30796656958220586
		outer loop
			vertex -0.03261270746588707 2.0174623506570306 0.1766186456331919
			vertex -0.1586880087852478 2.025655838150465 0.12826426565332139
			vertex -0.13940709829330444 2.016495077624624 0.11166548122051934
		endloop
	endfacet
	facet normal -0.19319611407175635 -0.9172590359339328 0.3482974626739696
		outer loop
			vertex -0.03261270746588707 2.0174623506570306 0.1766186456331919
			vertex -0.04240104928612709 2.0282245698422905 0.19953202872313758
			vertex -0.1586880087852478 2.025655838150465 0.12826426565332139
		endloop
	endfacet
	facet normal -0.48601841616891384 0.39668574218484454 0.778733921883412
		outer loop
			vertex -0.16354794800281525 2.080084418753782 0.09750528472186026
			vertex -0.1586880087852478 2.025655838150465 0.12826426565332139
			vertex -0.04240104928612709 2.0282245698422905 0.19953202872313758
		endloop
	endfacet
	facet normal -0.8787668929976414 -0.45766744493067846 0.13531170541344942
		outer loop
			vertex -0.21975719928741455 2.147437657960803 -0.03972928901046634
			vertex -0.16354794800281525 2.080084418753782 0.09750528472186026
			vertex -0.19415713846683502 2.14447437403442 0.11650469872965236
		endloop
	endfacet
	facet normal -0.887629408647515 -0.43551020829695536 0.1498161919593662
		outer loop
			vertex -0.18738994002342224 2.082591849287068 -0.036464491320987946
			vertex -0.16354794800281525 2.080084418753782 0.09750528472186026
			vertex -0.21975719928741455 2.147437657960803 -0.03972928901046634
		endloop
	endfacet
	facet normal -0.7865797557458875 -0.41560773546458896 -0.4566864329851898
		outer loop
			vertex -0.13962292671203613 2.145126648101397 -0.17564644899521295
			vertex -0.18738994002342224 2.082591849287068 -0.036464491320987946
			vertex -0.21975719928741455 2.147437657960803 -0.03972928901046634
		endloop
	endfacet
	facet normal -0.7905202807899988 -0.4095767519695233 -0.4553290786956148
		outer loop
			vertex -0.1199231743812561 2.0797701496275174 -0.15105885038832692
			vertex -0.18738994002342224 2.082591849287068 -0.036464491320987946
			vertex -0.13962292671203613 2.145126648101397 -0.17564644899521295
		endloop
	endfacet
	facet normal -0.8360680452061079 0.23039633339896182 -0.49790335743149217
		outer loop
			vertex -0.1199231743812561 2.0797701496275174 -0.15105885038832692
			vertex -0.20110942423343658 2.030364345017192 -0.03759443578361929
			vertex -0.18738994002342224 2.082591849287068 -0.036464491320987946
		endloop
	endfacet
	facet normal -0.9385433704154652 0.2412014719914596 0.24689712788595206
		outer loop
			vertex -0.18738994002342224 2.082591849287068 -0.036464491320987946
			vertex -0.20110942423343658 2.030364345017192 -0.03759443578361929
			vertex -0.1586880087852478 2.025655838150465 0.12826426565332139
		endloop
	endfacet
	facet normal -0.9844323492530243 0.011225707995937124 0.17540505472808265
		outer loop
			vertex -0.18738994002342224 2.082591849287068 -0.036464491320987946
			vertex -0.1586880087852478 2.025655838150465 0.12826426565332139
			vertex -0.16354794800281525 2.080084418753782 0.09750528472186026
		endloop
	endfacet
	facet normal 0.1457664970489256 -0.9179980811871765 -0.36882468907971394
		outer loop
			vertex 0.005223033484071493 2.0191901215981964 -0.18609460616681642
			vertex 0.006075331009924412 2.0289726724054944 -0.2101063567563071
			vertex 0.12411722540855408 2.019816691812143 -0.1406648935736311
		endloop
	endfacet
	facet normal 0.14351871187362483 -0.9197840479824468 -0.36523921533586695
		outer loop
			vertex 0.12411722540855408 2.019816691812143 -0.1406648935736311
			vertex 0.006075331009924412 2.0289726724054944 -0.2101063567563071
			vertex 0.13978777825832367 2.0295870840179226 -0.1591120729868978
		endloop
	endfacet
	facet normal 0.32765173808607034 -0.9212555698717799 -0.2096008432936266
		outer loop
			vertex 0.12411722540855408 2.019816691812143 -0.1406648935736311
			vertex 0.13978777825832367 2.0295870840179226 -0.1591120729868978
			vertex 0.18894816935062408 2.0178082682345853 -0.030492422370749034
		endloop
	endfacet
	facet normal 0.3553839726181265 -0.9086910262695138 -0.21904988195252878
		outer loop
			vertex 0.18894816935062408 2.0178082682345853 -0.030492422370749034
			vertex 0.13978777825832367 2.0295870840179226 -0.1591120729868978
			vertex 0.21278536319732666 2.0281232104736393 -0.03460901351322989
		endloop
	endfacet
	facet normal 0.4048635727921306 -0.9125486534020452 0.05779656218240885
		outer loop
			vertex 0.18894816935062408 2.0178082682345853 -0.030492422370749034
			vertex 0.21278536319732666 2.0281232104736393 -0.03460901351322989
			vertex 0.16954852640628815 2.017150488149622 0.09501594955756411
		endloop
	endfacet
	facet normal 0.4119915131086228 -0.9091796669891784 0.060459294239302096
		outer loop
			vertex 0.16954852640628815 2.017150488149622 0.09501594955756411
			vertex 0.21278536319732666 2.0281232104736393 -0.03460901351322989
			vertex 0.19058392941951752 2.0275028643210344 0.1073509000922095
		endloop
	endfacet
	facet normal 0.282546358231074 -0.9154730079208566 0.286490361476084
		outer loop
			vertex 0.16954852640628815 2.017150488149622 0.09501594955756411
			vertex 0.19058392941951752 2.0275028643210344 0.1073509000922095
			vertex 0.1044091284275055 2.018635606947573 0.16400425948714387
		endloop
	endfacet
	facet normal 0.2767439274983544 -0.9201758141538747 0.27692827526101343
		outer loop
			vertex 0.1044091284275055 2.018635606947573 0.16400425948714387
			vertex 0.19058392941951752 2.0275028643210344 0.1073509000922095
			vertex 0.11496158689260483 2.0285264060293606 0.18632392074779308
		endloop
	endfacet
	facet normal 0.043556261604866024 -0.9208504793805368 0.3874754788365891
		outer loop
			vertex 0.1044091284275055 2.018635606947573 0.16400425948714387
			vertex 0.11496158689260483 2.0285264060293606 0.18632392074779308
			vertex -0.03261270746588707 2.0174623506570306 0.1766186456331919
		endloop
	endfacet
	facet normal 0.03850636342164196 -0.8980297349844569 0.4382463406119745
		outer loop
			vertex -0.03261270746588707 2.0174623506570306 0.1766186456331919
			vertex 0.11496158689260483 2.0285264060293606 0.18632392074779308
			vertex -0.04240104928612709 2.0282245698422905 0.19953202872313758
		endloop
	endfacet
	facet normal 0.08296160816809303 0.10649625019983731 0.9908460628490874
		outer loop
			vertex -0.009701688773930073 2.0807317378651033 0.1911506985159777
			vertex -0.04240104928612709 2.0282245698422905 0.19953202872313758
			vertex 0.11496158689260483 2.0285264060293606 0.18632392074779308
		endloop
	endfacet
	facet normal -0.4734902929492502 0.4185758415619458 0.7749846497470398
		outer loop
			vertex -0.16354794800281525 2.080084418753782 0.09750528472186026
			vertex -0.04240104928612709 2.0282245698422905 0.19953202872313758
			vertex -0.009701688773930073 2.0807317378651033 0.1911506985159777
		endloop
	endfacet
	facet normal -0.39182239333274566 -0.6529035525975091 0.6482223099281225
		outer loop
			vertex -0.16354794800281525 2.080084418753782 0.09750528472186026
			vertex -0.009701688773930073 2.0807317378651033 0.1911506985159777
			vertex -0.07389357686042786 2.145749211962981 0.2178364825932637
		endloop
	endfacet
	facet normal -0.5661322619768246 -0.4691218985707368 0.6778044749265023
		outer loop
			vertex -0.16354794800281525 2.080084418753782 0.09750528472186026
			vertex -0.07389357686042786 2.145749211962981 0.2178364825932637
			vertex -0.19415713846683502 2.14447437403442 0.11650469872965236
		endloop
	endfacet
	facet normal 0.347388745519974 0.21199096624136202 -0.913444519233715
		outer loop
			vertex 0.006938734091818333 2.081566150775723 -0.19757217589461568
			vertex 0.13978777825832367 2.0295870840179226 -0.1591120729868978
			vertex 0.006075331009924412 2.0289726724054944 -0.2101063567563071
		endloop
	endfacet
	facet normal 0.6305907809446185 -0.4267295212145093 0.6482724602446812
		outer loop
			vertex 0.1032930240035057 2.086556063995536 0.17536468856573836
			vertex 0.17768703401088715 2.079865550615269 0.09859570717045724
			vertex 0.20665551722049713 2.1451176270260808 0.11336994094169343
		endloop
	endfacet
	facet normal 0.8901413708185418 -0.4295893691378584 0.15199116382548034
		outer loop
			vertex 0.17768703401088715 2.079865550615269 0.09859570717045724
			vertex 0.20071643590927124 2.0806930838074686 -0.033937812581458594
			vertex 0.20665551722049713 2.1451176270260808 0.11336994094169343
		endloop
	endfacet
	facet normal 0.8760874700193293 -0.45372345938932496 0.1631127440604028
		outer loop
			vertex 0.20665551722049713 2.1451176270260808 0.11336994094169343
			vertex 0.20071643590927124 2.0806930838074686 -0.033937812581458594
			vertex 0.23602540791034698 2.145664299910985 -0.042856692749695
		endloop
	endfacet
	facet normal 0.7603878640038226 -0.4741627336636301 -0.4438242876188027
		outer loop
			vertex 0.20071643590927124 2.0806930838074686 -0.033937812581458594
			vertex 0.13335469365119934 2.0825179240890153 -0.1512957941534935
			vertex 0.23602540791034698 2.145664299910985 -0.042856692749695
		endloop
	endfacet
	facet normal 0.7587384147809096 -0.48290416493453925 -0.43717226058457526
		outer loop
			vertex 0.23602540791034698 2.145664299910985 -0.042856692749695
			vertex 0.13335469365119934 2.0825179240890153 -0.1512957941534935
			vertex 0.15786194801330566 2.1461728285063026 -0.17907574322903988
		endloop
	endfacet
	facet normal 0.5997551778021841 0.7236787754326542 -0.3414421718062441
		outer loop
			vertex 0.2157866656780243 2.1645196363655907 -0.03844330602060736
			vertex 0.23602540791034698 2.145664299910985 -0.042856692749695
			vertex 0.15786194801330566 2.1461728285063026 -0.17907574322903988
		endloop
	endfacet
	facet normal 0.6111123575869276 0.7125618921970659 -0.3446697494603844
		outer loop
			vertex 0.2157866656780243 2.1645196363655907 -0.03844330602060736
			vertex 0.15786194801330566 2.1461728285063026 -0.17907574322903988
			vertex 0.14326691627502441 2.1664303063700654 -0.16307346130049538
		endloop
	endfacet
	facet normal 0.27182393605401406 0.7003724630872606 -0.6599925459709276
		outer loop
			vertex 0.14326691627502441 2.1664303063700654 -0.16307346130049538
			vertex 0.030030973255634308 2.1446765060850987 -0.23279546452965927
			vertex 0.027412893250584602 2.165092294522598 -0.21220886956747728
		endloop
	endfacet
	facet normal 0.2664139738022352 0.7083206226744408 -0.65368607913661
		outer loop
			vertex 0.14326691627502441 2.1664303063700654 -0.16307346130049538
			vertex 0.15786194801330566 2.1461728285063026 -0.17907574322903988
			vertex 0.030030973255634308 2.1446765060850987 -0.23279546452965927
		endloop
	endfacet
	facet normal 0.32922614967373615 -0.549173299823963 -0.7681268314096744
		outer loop
			vertex 0.15786194801330566 2.1461728285063026 -0.17907574322903988
			vertex 0.006938734091818333 2.081566150775723 -0.19757217589461568
			vertex 0.030030973255634308 2.1446765060850987 -0.23279546452965927
		endloop
	endfacet
	facet normal 0.3052622031704307 -0.4771712125393717 -0.8240889643959812
		outer loop
			vertex 0.13335469365119934 2.0825179240890153 -0.1512957941534935
			vertex 0.006938734091818333 2.081566150775723 -0.19757217589461568
			vertex 0.15786194801330566 2.1461728285063026 -0.17907574322903988
		endloop
	endfacet
	facet normal 0.33711843623138144 0.17750456697572273 -0.9245773567720925
		outer loop
			vertex 0.13335469365119934 2.0825179240890153 -0.1512957941534935
			vertex 0.13978777825832367 2.0295870840179226 -0.1591120729868978
			vertex 0.006938734091818333 2.081566150775723 -0.19757217589461568
		endloop
	endfacet
	facet normal 0.8549322160978434 0.1759665377690378 -0.4879822573245959
		outer loop
			vertex 0.20071643590927124 2.0806930838074686 -0.033937812581458594
			vertex 0.13978777825832367 2.0295870840179226 -0.1591120729868978
			vertex 0.13335469365119934 2.0825179240890153 -0.1512957941534935
		endloop
	endfacet
	facet normal 0.8461569977084398 0.20056382863202757 -0.4937534666951742
		outer loop
			vertex 0.20071643590927124 2.0806930838074686 -0.033937812581458594
			vertex 0.21278536319732666 2.0281232104736393 -0.03460901351322989
			vertex 0.13978777825832367 2.0295870840179226 -0.1591120729868978
		endloop
	endfacet
	facet normal 0.9611949221841739 0.21852005974159366 0.1683843967174231
		outer loop
			vertex 0.17768703401088715 2.079865550615269 0.09859570717045724
			vertex 0.21278536319732666 2.0281232104736393 -0.03460901351322989
			vertex 0.20071643590927124 2.0806930838074686 -0.033937812581458594
		endloop
	endfacet
	facet normal 0.9538227478709705 0.2600576731907255 0.15030692684802366
		outer loop
			vertex 0.17768703401088715 2.079865550615269 0.09859570717045724
			vertex 0.19058392941951752 2.0275028643210344 0.1073509000922095
			vertex 0.21278536319732666 2.0281232104736393 -0.03460901351322989
		endloop
	endfacet
	facet normal 0.6948198868296853 0.281769844363341 0.6616880531439584
		outer loop
			vertex 0.17768703401088715 2.079865550615269 0.09859570717045724
			vertex 0.11496158689260483 2.0285264060293606 0.18632392074779308
			vertex 0.19058392941951752 2.0275028643210344 0.1073509000922095
		endloop
	endfacet
	facet normal 0.7037491425410863 0.26592782494858686 0.6588015909898819
		outer loop
			vertex 0.1032930240035057 2.086556063995536 0.17536468856573836
			vertex 0.11496158689260483 2.0285264060293606 0.18632392074779308
			vertex 0.17768703401088715 2.079865550615269 0.09859570717045724
		endloop
	endfacet
	facet normal 0.12478805595059446 0.20829602907002354 0.9700725258276989
		outer loop
			vertex -0.009701688773930073 2.0807317378651033 0.1911506985159777
			vertex 0.11496158689260483 2.0285264060293606 0.18632392074779308
			vertex 0.1032930240035057 2.086556063995536 0.17536468856573836
		endloop
	endfacet
	facet normal 0.14424086229794217 -0.5251163860201389 0.8387176847883289
		outer loop
			vertex -0.009701688773930073 2.0807317378651033 0.1911506985159777
			vertex 0.1032930240035057 2.086556063995536 0.17536468856573836
			vertex 0.08423948287963867 2.1460040811929337 0.2158615419936812
		endloop
	endfacet
	facet normal 0.6105131243837657 -0.30285003272328875 0.7318166318379732
		outer loop
			vertex 0.1032930240035057 2.086556063995536 0.17536468856573836
			vertex 0.20665551722049713 2.1451176270260808 0.11336994094169343
			vertex 0.08423948287963867 2.1460040811929337 0.2158615419936812
		endloop
	endfacet
	facet normal 0.4618209728154133 0.699353997134127 0.545550525396452
		outer loop
			vertex 0.07763388007879257 2.1650282149058793 0.19706585293226567
			vertex 0.08423948287963867 2.1460040811929337 0.2158615419936812
			vertex 0.20665551722049713 2.1451176270260808 0.11336994094169343
		endloop
	endfacet
	facet normal 0.4674342247027545 0.6862134283331717 0.5573296837167118
		outer loop
			vertex 0.07763388007879257 2.1650282149058793 0.19706585293226567
			vertex 0.20665551722049713 2.1451176270260808 0.11336994094169343
			vertex 0.18971285223960876 2.1641200659364346 0.10418301365032737
		endloop
	endfacet
	facet normal 0.7075642589394046 0.6943443281602996 0.1312965095619592
		outer loop
			vertex 0.18971285223960876 2.1641200659364346 0.10418301365032737
			vertex 0.20665551722049713 2.1451176270260808 0.11336994094169343
			vertex 0.2157866656780243 2.1645196363655907 -0.03844330602060736
		endloop
	endfacet
	facet normal 0.6909595172804165 0.710668290271657 0.132384012184153
		outer loop
			vertex 0.2157866656780243 2.1645196363655907 -0.03844330602060736
			vertex 0.20665551722049713 2.1451176270260808 0.11336994094169343
			vertex 0.23602540791034698 2.145664299910985 -0.042856692749695
		endloop
	endfacet
	facet normal 0.0025570083786374156 0.7032696432772947 0.7109186103575981
		outer loop
			vertex -0.06673725694417953 2.1645981078583265 0.19801060163784082
			vertex 0.08423948287963867 2.1460040811929337 0.2158615419936812
			vertex 0.07763388007879257 2.1650282149058793 0.19706585293226567
		endloop
	endfacet
	facet normal 0.007456811381235863 0.7233725799554499 0.690417631968232
		outer loop
			vertex -0.06673725694417953 2.1645981078583265 0.19801060163784082
			vertex -0.07389357686042786 2.145749211962981 0.2178364825932637
			vertex 0.08423948287963867 2.1460040811929337 0.2158615419936812
		endloop
	endfacet
	facet normal 0.01220033105747266 -0.3693412506610947 0.9292137496196375
		outer loop
			vertex -0.07389357686042786 2.145749211962981 0.2178364825932637
			vertex -0.009701688773930073 2.0807317378651033 0.1911506985159777
			vertex 0.08423948287963867 2.1460040811929337 0.2158615419936812
		endloop
	endfacet
	facet normal -0.4476565972801803 0.723173039032328 0.525950878436644
		outer loop
			vertex -0.17584767937660217 2.163995611661659 0.10597103404125745
			vertex -0.07389357686042786 2.145749211962981 0.2178364825932637
			vertex -0.06673725694417953 2.1645981078583265 0.19801060163784082
		endloop
	endfacet
	facet normal 0.09851250752253715 -0.4183530057383442 -0.9029263804160975
		outer loop
			vertex -0.40684083104133606 1.9202956108599334 -0.33912025547720953
			vertex -0.4859735369682312 1.788184170005697 -0.2865427052853391
			vertex -0.4539760649204254 1.8920413375780747 -0.331171822220646
		endloop
	endfacet
	facet normal 0.09851125373139098 -0.4183524176230279 -0.9029267896996066
		outer loop
			vertex -0.40684083104133606 1.9202956108599334 -0.33912025547720953
			vertex -0.3900299668312073 1.7887547071130478 -0.2763394020845059
			vertex -0.4859735369682312 1.788184170005697 -0.2865427052853391
		endloop
	endfacet
	facet normal 0.09851347245170898 -0.41835209080827196 -0.9029266990525054
		outer loop
			vertex -0.40684083104133606 1.9202956108599334 -0.33912025547720953
			vertex -0.36611729860305786 1.9036350391572432 -0.32695780462887375
			vertex -0.3900299668312073 1.7887547071130478 -0.2763394020845059
		endloop
	endfacet
	facet normal 0.4409976212804384 0.8317345415891134 -0.3372517610814544
		outer loop
			vertex -0.40684083104133606 1.9202956108599334 -0.33912025547720953
			vertex -0.37182876467704773 1.9278903251761925 -0.27460754798731973
			vertex -0.36611729860305786 1.9036350391572432 -0.32695780462887375
		endloop
	endfacet
	facet normal 0.4410020468762971 0.8317313724348259 -0.33725378983578147
		outer loop
			vertex -0.40684083104133606 1.9202956108599334 -0.33912025547720953
			vertex -0.4125522971153259 1.9445511352974902 -0.28677002863801393
			vertex -0.37182876467704773 1.9278903251761925 -0.27460754798731973
		endloop
	endfacet
	facet normal -0.0071515346806354406 0.506067226579762 -0.8624643863566654
		outer loop
			vertex 0.07763388007879257 2.1650282149058793 0.19706585293226567
			vertex -0.06560545414686203 2.083672864392545 0.15051680560875205
			vertex -0.06673725694417953 2.1645981078583265 0.19801060163784082
		endloop
	endfacet
	facet normal 0.7462827748317842 0.34464374838014755 -0.5694582571987644
		outer loop
			vertex -0.06560545414686203 2.083672864392545 0.15051680560875205
			vertex -0.15296433866024017 2.084080544868665 0.03627853547912017
			vertex -0.06673725694417953 2.1645981078583265 0.19801060163784082
		endloop
	endfacet
	facet normal 0.48859242769700617 0.6487311809336825 -0.583459762521406
		outer loop
			vertex -0.06673725694417953 2.1645981078583265 0.19801060163784082
			vertex -0.15296433866024017 2.084080544868665 0.03627853547912017
			vertex -0.17584767937660217 2.163995611661659 0.10597103404125745
		endloop
	endfacet
	facet normal 0.9102669113224128 0.38759079022419207 -0.14555936756162818
		outer loop
			vertex -0.17584767937660217 2.163995611661659 0.10597103404125745
			vertex -0.15296433866024017 2.084080544868665 0.03627853547912017
			vertex -0.19991347193717957 2.1669698646790128 -0.03660654054550389
		endloop
	endfacet
	facet normal 0.7702357106731679 0.6073543146737077 0.19457051793895005
		outer loop
			vertex -0.15296433866024017 2.084080544868665 0.03627853547912017
			vertex -0.11811603605747223 2.084584781484657 -0.10324752269714384
			vertex -0.19991347193717957 2.1669698646790128 -0.03660654054550389
		endloop
	endfacet
	facet normal 0.7890346630775293 0.42308852676952496 0.44544404696675755
		outer loop
			vertex -0.19991347193717957 2.1669698646790128 -0.03660654054550389
			vertex -0.11811603605747223 2.084584781484657 -0.10324752269714384
			vertex -0.12806211411952972 2.1639989136444804 -0.1610581680585431
		endloop
	endfacet
	facet normal 0.24852804588862393 0.590224310478557 0.7680293443136755
		outer loop
			vertex -0.11811603605747223 2.084584781484657 -0.10324752269714384
			vertex 0.027412893250584602 2.165092294522598 -0.21220886956747728
			vertex -0.12806211411952972 2.1639989136444804 -0.1610581680585431
		endloop
	endfacet
	facet normal 0.37368331772640634 0.43400034951784056 0.819758790542302
		outer loop
			vertex -0.11811603605747223 2.084584781484657 -0.10324752269714384
			vertex 0.012697910889983177 2.0848053106723263 -0.16299521922667703
			vertex 0.027412893250584602 2.165092294522598 -0.21220886956747728
		endloop
	endfacet
	facet normal -0.7098556380269344 -0.38238009882511137 -0.5915153702008698
		outer loop
			vertex 0.17011338472366333 2.0840705321706263 0.042855167582289196
			vertex 0.1044091284275055 2.018635606947573 0.16400425948714387
			vertex 0.07817771285772324 2.0836683348321943 0.15344375168896207
		endloop
	endfacet
	facet normal -0.648934194331648 -0.4643231658467032 -0.6027341114332505
		outer loop
			vertex 0.17011338472366333 2.0840705321706263 0.042855167582289196
			vertex 0.16954852640628815 2.017150488149622 0.09501594955756411
			vertex 0.1044091284275055 2.018635606947573 0.16400425948714387
		endloop
	endfacet
	facet normal -0.9821260809231939 -0.11048632040310169 -0.1523848226505237
		outer loop
			vertex 0.17011338472366333 2.0840705321706263 0.042855167582289196
			vertex 0.18894816935062408 2.0178082682345853 -0.030492422370749034
			vertex 0.16954852640628815 2.017150488149622 0.09501594955756411
		endloop
	endfacet
	facet normal -0.8758949647764147 -0.44781522652354616 0.17963722769233686
		outer loop
			vertex 0.1409720778465271 2.084576675960495 -0.09797346459913271
			vertex 0.18894816935062408 2.0178082682345853 -0.030492422370749034
			vertex 0.17011338472366333 2.0840705321706263 0.042855167582289196
		endloop
	endfacet
	facet normal -0.8576559987848473 -0.10818351224071458 0.5027151434238172
		outer loop
			vertex 0.1409720778465271 2.084576675960495 -0.09797346459913271
			vertex 0.12411722540855408 2.019816691812143 -0.1406648935736311
			vertex 0.18894816935062408 2.0178082682345853 -0.030492422370749034
		endloop
	endfacet
	facet normal 0.39043341163935774 -0.3449671326169597 0.8535569275037751
		outer loop
			vertex -0.11811603605747223 2.084584781484657 -0.10324752269714384
			vertex 0.005223033484071493 2.0191901215981964 -0.18609460616681642
			vertex 0.012697910889983177 2.0848053106723263 -0.16299521922667703
		endloop
	endfacet
	facet normal 0.29269570238113635 -0.48897836130391054 0.8217234254809558
		outer loop
			vertex -0.11811603605747223 2.084584781484657 -0.10324752269714384
			vertex -0.11457609385251999 2.0168541015929016 -0.1448125574453579
			vertex 0.005223033484071493 2.0191901215981964 -0.18609460616681642
		endloop
	endfacet
	facet normal 0.8438627586096037 -0.247915783054116 0.47585019611686
		outer loop
			vertex -0.11811603605747223 2.084584781484657 -0.10324752269714384
			vertex -0.17673170566558838 2.0195174908940956 -0.03319948525323481
			vertex -0.11457609385251999 2.0168541015929016 -0.1448125574453579
		endloop
	endfacet
	facet normal 0.8265455776668242 -0.5243891081692481 0.2045445459377414
		outer loop
			vertex -0.15296433866024017 2.084080544868665 0.03627853547912017
			vertex -0.17673170566558838 2.0195174908940956 -0.03319948525323481
			vertex -0.11811603605747223 2.084584781484657 -0.10324752269714384
		endloop
	endfacet
	facet normal 0.9643779635097958 -0.08570050201152793 -0.250260998662739
		outer loop
			vertex -0.13940709829330444 2.016495077624624 0.11166548122051934
			vertex -0.17673170566558838 2.0195174908940956 -0.03319948525323481
			vertex -0.15296433866024017 2.084080544868665 0.03627853547912017
		endloop
	endfacet
	facet normal 0.7040555024340854 -0.46115083649938154 -0.5400423645309769
		outer loop
			vertex -0.06560545414686203 2.083672864392545 0.15051680560875205
			vertex -0.13940709829330444 2.016495077624624 0.11166548122051934
			vertex -0.15296433866024017 2.084080544868665 0.03627853547912017
		endloop
	endfacet
	facet normal 0.5185998053824449 -0.07727114762256643 -0.8515182978670405
		outer loop
			vertex -0.06560545414686203 2.083672864392545 0.15051680560875205
			vertex -0.03261270746588707 2.0174623506570306 0.1766186456331919
			vertex -0.13940709829330444 2.016495077624624 0.11166548122051934
		endloop
	endfacet
	facet normal -0.08061977687572223 -0.40007292454842847 -0.9129305048139077
		outer loop
			vertex -0.06560545414686203 2.083672864392545 0.15051680560875205
			vertex 0.1044091284275055 2.018635606947573 0.16400425948714387
			vertex -0.03261270746588707 2.0174623506570306 0.1766186456331919
		endloop
	endfacet
	facet normal 0.02011007967239734 -0.15234726983139338 -0.9881224084446677
		outer loop
			vertex 0.07817771285772324 2.0836683348321943 0.15344375168896207
			vertex 0.1044091284275055 2.018635606947573 0.16400425948714387
			vertex -0.06560545414686203 2.083672864392545 0.15051680560875205
		endloop
	endfacet
	facet normal 0.01795162562462442 0.47254523951918626 -0.881123564402399
		outer loop
			vertex 0.07817771285772324 2.0836683348321943 0.15344375168896207
			vertex -0.06560545414686203 2.083672864392545 0.15051680560875205
			vertex 0.07763388007879257 2.1650282149058793 0.19706585293226567
		endloop
	endfacet
	facet normal -0.7292331639096524 0.31954223309042395 -0.6050716932115594
		outer loop
			vertex 0.07817771285772324 2.0836683348321943 0.15344375168896207
			vertex 0.07763388007879257 2.1650282149058793 0.19706585293226567
			vertex 0.17011338472366333 2.0840705321706263 0.042855167582289196
		endloop
	endfacet
	facet normal -0.5081995664294915 0.598722864893216 -0.6190832995122197
		outer loop
			vertex 0.17011338472366333 2.0840705321706263 0.042855167582289196
			vertex 0.07763388007879257 2.1650282149058793 0.19706585293226567
			vertex 0.18971285223960876 2.1641200659364346 0.10418301365032737
		endloop
	endfacet
	facet normal -0.9203637016905821 0.3534878311716661 -0.1672632949094358
		outer loop
			vertex 0.2157866656780243 2.1645196363655907 -0.03844330602060736
			vertex 0.17011338472366333 2.0840705321706263 0.042855167582289196
			vertex 0.18971285223960876 2.1641200659364346 0.10418301365032737
		endloop
	endfacet
	facet normal -0.778056716154081 0.606629652601488 0.1631815278520395
		outer loop
			vertex 0.1409720778465271 2.084576675960495 -0.09797346459913271
			vertex 0.17011338472366333 2.0840705321706263 0.042855167582289196
			vertex 0.2157866656780243 2.1645196363655907 -0.03844330602060736
		endloop
	endfacet
	facet normal -0.7919584136733054 0.39350506430025667 0.46685718949386734
		outer loop
			vertex 0.14326691627502441 2.1664303063700654 -0.16307346130049538
			vertex 0.1409720778465271 2.084576675960495 -0.09797346459913271
			vertex 0.2157866656780243 2.1645196363655907 -0.03844330602060736
		endloop
	endfacet
	facet normal -0.3656606289294794 0.585611636504433 0.7234302424156026
		outer loop
			vertex 0.012697910889983177 2.0848053106723263 -0.16299521922667703
			vertex 0.1409720778465271 2.084576675960495 -0.09797346459913271
			vertex 0.14326691627502441 2.1664303063700654 -0.16307346130049538
		endloop
	endfacet
	facet normal -0.40980092773355453 -0.4253078485556872 0.8069550381437932
		outer loop
			vertex 0.012697910889983177 2.0848053106723263 -0.16299521922667703
			vertex 0.12411722540855408 2.019816691812143 -0.1406648935736311
			vertex 0.1409720778465271 2.084576675960495 -0.09797346459913271
		endloop
	endfacet
	facet normal -0.3416689838920395 -0.2772140597364614 0.8980059412557418
		outer loop
			vertex 0.012697910889983177 2.0848053106723263 -0.16299521922667703
			vertex 0.005223033484071493 2.0191901215981964 -0.18609460616681642
			vertex 0.12411722540855408 2.019816691812143 -0.1406648935736311
		endloop
	endfacet
	facet normal -0.33479553109905463 0.5362884330332218 0.7747945979102291
		outer loop
			vertex 0.012697910889983177 2.0848053106723263 -0.16299521922667703
			vertex 0.14326691627502441 2.1664303063700654 -0.16307346130049538
			vertex 0.027412893250584602 2.165092294522598 -0.21220886956747728
		endloop
	endfacet
	facet normal -0.6180516923462248 -0.4457096397802949 0.6475762677823264
		outer loop
			vertex -0.3798518776893616 1.9729039901436254 -0.3284447712087671
			vertex -0.39875516295433044 2.005841998731114 -0.32381584849676315
			vertex -0.4146959185600281 1.9984803445501862 -0.3440966584429393
		endloop
	endfacet
	facet normal -0.6877401077501369 0.6607403118834785 0.3007254303246629
		outer loop
			vertex -0.3963792026042938 2.0214877393609676 -0.35275829046742285
			vertex -0.4146959185600281 1.9984803445501862 -0.3440966584429393
			vertex -0.39875516295433044 2.005841998731114 -0.32381584849676315
		endloop
	endfacet
	facet normal 0.8433092687518817 0.4407651819041252 0.3074988319623178
		outer loop
			vertex -0.3798518776893616 1.9729039901436254 -0.3284447712087671
			vertex -0.3963792026042938 2.0214877393609676 -0.35275829046742285
			vertex -0.39875516295433044 2.005841998731114 -0.32381584849676315
		endloop
	endfacet
	facet normal 0.9179756006528652 0.12368076011863328 -0.376860539434004
		outer loop
			vertex -0.3798518776893616 1.9729039901436254 -0.3284447712087671
			vertex -0.39484989643096924 1.9892572377032687 -0.3596107648465865
			vertex -0.3963792026042938 2.0214877393609676 -0.35275829046742285
		endloop
	endfacet
	facet normal -0.5275920410556871 -0.8298707883003391 -0.1815519565867251
		outer loop
			vertex -0.3798518776893616 1.9729039901436254 -0.3284447712087671
			vertex -0.4146959185600281 1.9984803445501862 -0.3440966584429393
			vertex -0.39484989643096924 1.9892572377032687 -0.3596107648465865
		endloop
	endfacet
	facet normal -0.5664359964942519 0.14557946222134194 -0.8111454136311865
		outer loop
			vertex -0.3963792026042938 2.0214877393609676 -0.35275829046742285
			vertex -0.39484989643096924 1.9892572377032687 -0.3596107648465865
			vertex -0.4146959185600281 1.9984803445501862 -0.3440966584429393
		endloop
	endfacet
	facet normal -0.801480776723311 0.4966547209256826 0.33311057132014127
		outer loop
			vertex -0.20874343812465668 1.337450327512927 -0.2945197440236047
			vertex -0.20730166137218475 1.40542667904764 -0.3924008152257863
			vertex -0.23793242871761322 1.3201026257779231 -0.338885183492377
		endloop
	endfacet
	facet normal -0.8014790282670756 0.4966566340905306 0.33311192572756826
		outer loop
			vertex -0.20874343812465668 1.337450327512927 -0.2945197440236047
			vertex -0.17811262607574463 1.4227741423640368 -0.3480353459546556
			vertex -0.20730166137218475 1.40542667904764 -0.3924008152257863
		endloop
	endfacet
	facet normal 0.30356667367687035 0.8025734803604768 -0.5135397582026457
		outer loop
			vertex -0.17811262607574463 1.4227741423640368 -0.3480353459546556
			vertex 0.03818425536155701 1.2986685441081613 -0.41413215064731346
			vertex -0.20730166137218475 1.40542667904764 -0.3924008152257863
		endloop
	endfacet
	facet normal 0.3056932604512442 0.8042245560195356 -0.5096807765747782
		outer loop
			vertex -0.17811262607574463 1.4227741423640368 -0.3480353459546556
			vertex 0.03798994794487953 1.3286275178633613 -0.3669764700645352
			vertex 0.03818425536155701 1.2986685441081613 -0.41413215064731346
		endloop
	endfacet
	facet normal 0.26754573511037705 0.43931654436994017 0.8575664717484601
		outer loop
			vertex 0.03798994794487953 1.3286275178633613 -0.3669764700645352
			vertex -0.20874343812465668 1.337450327512927 -0.2945197440236047
			vertex 0.005108771845698357 1.2441556919213217 -0.31344465578239933
		endloop
	endfacet
	facet normal 0.26733658364626117 0.44130011156960225 0.8566127261329957
		outer loop
			vertex 0.03798994794487953 1.3286275178633613 -0.3669764700645352
			vertex -0.17811262607574463 1.4227741423640368 -0.3480353459546556
			vertex -0.20874343812465668 1.337450327512927 -0.2945197440236047
		endloop
	endfacet
	facet normal -0.30573888199730187 -0.8042103021337639 0.5096759028804091
		outer loop
			vertex -0.20874343812465668 1.337450327512927 -0.2945197440236047
			vertex 0.0053030820563435555 1.2141964797475144 -0.36060030656281916
			vertex 0.005108771845698357 1.2441556919213217 -0.31344465578239933
		endloop
	endfacet
	facet normal -0.30358974668485716 -0.8025565023758949 0.5135526518303596
		outer loop
			vertex -0.20874343812465668 1.337450327512927 -0.2945197440236047
			vertex -0.23793242871761322 1.3201026257779231 -0.338885183492377
			vertex 0.0053030820563435555 1.2141964797475144 -0.36060030656281916
		endloop
	endfacet
	facet normal 0.9499629633847941 -0.2618662550643894 0.17028338925371578
		outer loop
			vertex 0.005108771845698357 1.2441556919213217 -0.31344465578239933
			vertex 0.03818425536155701 1.2986685441081613 -0.41413215064731346
			vertex 0.03798994794487953 1.3286275178633613 -0.3669764700645352
		endloop
	endfacet
	facet normal 0.9499631671897852 -0.26186504681294764 0.1702841103579698
		outer loop
			vertex 0.005108771845698357 1.2441556919213217 -0.31344465578239933
			vertex 0.0053030820563435555 1.2141964797475144 -0.36060030656281916
			vertex 0.03818425536155701 1.2986685441081613 -0.41413215064731346
		endloop
	endfacet
	facet normal -0.2677915861282825 -0.4392068836776826 -0.8575459053187984
		outer loop
			vertex -0.23793242871761322 1.3201026257779231 -0.338885183492377
			vertex 0.03818425536155701 1.2986685441081613 -0.41413215064731346
			vertex 0.0053030820563435555 1.2141964797475144 -0.36060030656281916
		endloop
	endfacet
	facet normal -0.2676796372220626 -0.44115564295720106 -0.8565800082325548
		outer loop
			vertex -0.23793242871761322 1.3201026257779231 -0.338885183492377
			vertex -0.20730166137218475 1.40542667904764 -0.3924008152257863
			vertex 0.03818425536155701 1.2986685441081613 -0.41413215064731346
		endloop
	endfacet
	facet normal 0.9001742464381115 -0.07301436264176012 0.42936607795399456
		outer loop
			vertex -0.2978106737136841 1.9894871449223686 0.17387081529392193
			vertex -0.3139207363128662 1.9141918085294747 0.19484178371921584
			vertex -0.296874076128006 1.9074830614849618 0.15796229978040857
		endloop
	endfacet
	facet normal 0.687036041697063 0.05480286274901517 0.7245537410321916
		outer loop
			vertex -0.2978106737136841 1.9894871449223686 0.17387081529392193
			vertex -0.33104854822158813 1.9874028936795667 0.2055452645051478
			vertex -0.3139207363128662 1.9141918085294747 0.19484178371921584
		endloop
	endfacet
	facet normal 0.08010493521106402 -0.494864449599465 -0.8652701172913865
		outer loop
			vertex 0.633301317691803 2.0860036296750577 0.03842931696236909
			vertex 0.6358221769332886 2.1699818106534874 -0.009366027191545029
			vertex 0.6818094253540039 2.1370304543497927 0.013736885941104374
		endloop
	endfacet
	facet normal -1.0129673526445127e-7 -0.07984573378393946 -0.996807232516144
		outer loop
			vertex -0.20962776243686676 1.6405015133861918 -0.06324860593991263
			vertex 0.20962777733802795 1.6405016325954902 -0.06324865809399983
			vertex 0 1.2094397154185108 -0.028719939606436408
		endloop
	endfacet
	facet normal -0.8992991021110073 -0.43733411134074934 3.6496156152616724e-7
		outer loop
			vertex -0.20962777733802795 1.6405016495915217 0.06324864993053114
			vertex -0.20962776243686676 1.6405015133861918 -0.06324860593991263
			vertex 0 1.2094397231360832 0.02872006590337997
		endloop
	endfacet
	facet normal -0.8992990764174205 -0.4373341641751434 5.8759709841749475e-8
		outer loop
			vertex 0 1.2094397154185108 -0.028719939606436408
			vertex 0 1.2094397231360832 0.02872006590337997
			vertex -0.20962776243686676 1.6405015133861918 -0.06324860593991263
		endloop
	endfacet
	facet normal 0.8992991117574471 -0.437334091504725 5.875970031544065e-8
		outer loop
			vertex 0 1.2094397154185108 -0.028719939606436408
			vertex 0.20962777733802795 1.6405016325954902 -0.06324865809399983
			vertex 0 1.2094397231360832 0.02872006590337997
		endloop
	endfacet
	facet normal 0.8992991206466058 -0.4373340732257377 1.64695602213785e-7
		outer loop
			vertex 0.20962776243686676 1.6405016495915146 0.06324859777645996
			vertex 0 1.2094397231360832 0.02872006590337997
			vertex 0.20962777733802795 1.6405016325954902 -0.06324865809399983
		endloop
	endfacet
	facet normal -2.843356715189246e-7 0.9999999999999507 -1.343588719426706e-7
		outer loop
			vertex 0.20962777733802795 1.6405016325954902 -0.06324865809399983
			vertex -0.20962776243686676 1.6405015133861918 -0.06324860593991263
			vertex 0.20962776243686676 1.6405016495915146 0.06324859777645996
		endloop
	endfacet
	facet normal -1.1699601016417804e-13 0.9999999999994205 -0.0000010767453330614713
		outer loop
			vertex -0.20962777733802795 1.6405016495915217 0.06324864993053114
			vertex 0.20962776243686676 1.6405016495915146 0.06324859777645996
			vertex -0.20962776243686676 1.6405015133861918 -0.06324860593991263
		endloop
	endfacet
	facet normal 1.2399968803829548e-7 -0.07984541215596891 0.9968072582789655
		outer loop
			vertex 0.20962776243686676 1.6405016495915146 0.06324859777645996
			vertex -0.20962777733802795 1.6405016495915217 0.06324864993053114
			vertex 0 1.2094397231360832 0.02872006590337997
		endloop
	endfacet
	facet normal 0.2930916375463863 0.0987513511526559 -0.9509708001016134
		outer loop
			vertex 0.0627468004822731 1.5342368756182303 -0.3034511104507002
			vertex 0.12198568880558014 1.5315352375415245 -0.28547407858717855
			vertex 0.06404389441013336 1.4714901031365335 -0.3095671354422629
		endloop
	endfacet
	facet normal 0.29716517076626414 0.09448695413511896 -0.9501395038528422
		outer loop
			vertex 0.06404389441013336 1.4714901031365335 -0.3095671354422629
			vertex 0.12198568880558014 1.5315352375415245 -0.28547407858717855
			vertex 0.12429078668355942 1.4714901056682288 -0.29072434636004574
		endloop
	endfacet
	facet normal 0.4723917416469707 0.09475566079726873 -0.8762804386556936
		outer loop
			vertex 0.12198568880558014 1.5315352375415245 -0.28547407858717855
			vertex 0.1750764697790146 1.528811189505849 -0.2571480696717525
			vertex 0.12429078668355942 1.4714901056682288 -0.29072434636004574
		endloop
	endfacet
	facet normal 0.4764682655394339 0.09013561094316969 -0.8745590680873107
		outer loop
			vertex 0.12429078668355942 1.4714901056682288 -0.29072434636004574
			vertex 0.1750764697790146 1.528811189505849 -0.2571480696717525
			vertex 0.17803707718849182 1.4714901096024573 -0.26144284542416935
		endloop
	endfacet
	facet normal 0.6337414180850884 0.09029402521365182 -0.7682569908658285
		outer loop
			vertex 0.1750764697790146 1.528811189505849 -0.2571480696717525
			vertex 0.22045034170150757 1.5274401682898195 -0.21987993250888016
			vertex 0.17803707718849182 1.4714901096024573 -0.26144284542416935
		endloop
	endfacet
	facet normal 0.6353211810738641 0.08829891743650854 -0.767183353611411
		outer loop
			vertex 0.17803707718849182 1.4714901096024573 -0.26144284542416935
			vertex 0.22045034170150757 1.5274401682898195 -0.21987993250888016
			vertex 0.22397370636463165 1.471490114713618 -0.22340172550587978
		endloop
	endfacet
	facet normal 0.7685860883725124 0.0882842236262707 -0.6336255365899859
		outer loop
			vertex 0.2577107548713684 1.528811200611406 -0.1744921220866269
			vertex 0.22397370636463165 1.471490114713618 -0.22340172550587978
			vertex 0.22045034170150757 1.5274401682898195 -0.21987993250888016
		endloop
	endfacet
	facet normal 0.7672437938535009 0.09022750579589238 -0.6349771318647145
		outer loop
			vertex 0.2620040476322174 1.4714901208876912 -0.17744960784918637
			vertex 0.22397370636463165 1.471490114713618 -0.22340172550587978
			vertex 0.2577107548713684 1.528811200611406 -0.1744921220866269
		endloop
	endfacet
	facet normal 0.877104422530983 0.09003606190055213 -0.47178526845804675
		outer loop
			vertex 0.28594404458999634 1.5315352595751424 -0.12148324604006443
			vertex 0.2620040476322174 1.4714901208876912 -0.17744960784918637
			vertex 0.2577107548713684 1.528811200611406 -0.1744921220866269
		endloop
	endfacet
	facet normal 0.8745565184049479 0.09461160923501964 -0.4756043939172305
		outer loop
			vertex 0.29119428992271423 1.4714901280995292 -0.12377365851441192
			vertex 0.2620040476322174 1.4714901208876912 -0.17744960784918637
			vertex 0.28594404458999634 1.5315352595751424 -0.12148324604006443
		endloop
	endfacet
	facet normal 0.9514416712884468 0.09436917440696864 -0.2930071757783322
		outer loop
			vertex 0.3039303123950958 1.5342369080312666 -0.062208803395673425
			vertex 0.29119428992271423 1.4714901280995292 -0.12377365851441192
			vertex 0.28594404458999634 1.5315352595751424 -0.12148324604006443
		endloop
	endfacet
	facet normal 0.9495585941928535 0.0991590932898126 -0.29749949649105967
		outer loop
			vertex 0.31007418036460876 1.4714901361961028 -0.06351284045985729
			vertex 0.29119428992271423 1.4714901280995292 -0.12377365851441192
			vertex 0.3039303123950958 1.5342369080312666 -0.062208803395673425
		endloop
	endfacet
	facet normal 0.9896776079294742 0.09905693200733526 -0.1035661942155269
		outer loop
			vertex 0.31053799390792847 1.5332602345490525 -8.29935752214569e-9
			vertex 0.31007418036460876 1.4714901361961028 -0.06351284045985729
			vertex 0.3039303123950958 1.5342369080312666 -0.062208803395673425
		endloop
	endfacet
	facet normal 0.989984195863405 0.09752535268396627 -0.10207887893465332
		outer loop
			vertex 0.31662309169769287 1.4714901447296143 0
			vertex 0.31007418036460876 1.4714901361961028 -0.06351284045985729
			vertex 0.31053799390792847 1.5332602345490525 -8.29935752214569e-9
		endloop
	endfacet
	facet normal 0.9883336659845023 0.09736278506363392 0.11711982226031102
		outer loop
			vertex 0.31053799390792847 1.5332602345490525 -8.29935752214569e-9
			vertex 0.3030521869659424 1.5340247322277338 0.06253459304571451
			vertex 0.31662309169769287 1.4714901447296143 0
		endloop
	endfacet
	facet normal 0.9883645453467345 0.09909929621464163 0.11539001252840717
		outer loop
			vertex 0.31662309169769287 1.4714901447296143 0
			vertex 0.3030521869659424 1.5340247322277338 0.06253459304571451
			vertex 0.30917128920555115 1.4714901533054503 0.0638278510498197
		endloop
	endfacet
	facet normal 0.95091035473041 0.09911088493854378 0.2931663857832013
		outer loop
			vertex 0.3030521869659424 1.5340247322277338 0.06253459304571451
			vertex 0.2851276993751526 1.5313366895301594 0.12158295596624917
			vertex 0.30917128920555115 1.4714901533054503 0.0638278510498197
		endloop
	endfacet
	facet normal 0.95005011815385 0.09469417884686819 0.29738491133272615
		outer loop
			vertex 0.30917128920555115 1.4714901533054503 0.0638278510498197
			vertex 0.2851276993751526 1.5313366895301594 0.12158295596624917
			vertex 0.29037800431251526 1.4714901613721614 0.12386641080472512
		endloop
	endfacet
	facet normal 0.4556229010980282 0.2769088686331281 -0.8460078312092255
		outer loop
			vertex 0.11687611788511276 1.5883662495422346 -0.26962437458257493
			vertex 0.16758450865745544 1.5825972378241395 -0.24420331722075536
			vertex 0.12198568880558014 1.5315352375415245 -0.28547407858717855
		endloop
	endfacet
	facet normal 0.46419153188661566 0.26784839758846 -0.8442650399217366
		outer loop
			vertex 0.12198568880558014 1.5315352375415245 -0.28547407858717855
			vertex 0.16758450865745544 1.5825972378241395 -0.24420331722075536
			vertex 0.1750764697790146 1.528811189505849 -0.2571480696717525
		endloop
	endfacet
	facet normal 0.6123463018549271 0.2645944062707501 -0.7449978568927725
		outer loop
			vertex 0.16758450865745544 1.5825972378241395 -0.24420331722075536
			vertex 0.21053732931613922 1.5795934063426191 -0.20996536117672354
			vertex 0.1750764697790146 1.528811189505849 -0.2571480696717525
		endloop
	endfacet
	facet normal 0.6177707592166516 0.25859831962659297 -0.7426211673142535
		outer loop
			vertex 0.1750764697790146 1.528811189505849 -0.2571480696717525
			vertex 0.21053732931613922 1.5795934063426191 -0.20996536117672354
			vertex 0.22045034170150757 1.5274401682898195 -0.21987993250888016
		endloop
	endfacet
	facet normal 0.7466547977078885 0.25844557395462864 -0.6129539121035569
		outer loop
			vertex 0.24475519359111786 1.5825972481947808 -0.16701716941229375
			vertex 0.22045034170150757 1.5274401682898195 -0.21987993250888016
			vertex 0.21053732931613922 1.5795934063426191 -0.20996536117672354
		endloop
	endfacet
	facet normal 0.7414956902839219 0.2643124410367002 -0.6167033928912593
		outer loop
			vertex 0.2577107548713684 1.528811200611406 -0.1744921220866269
			vertex 0.22045034170150757 1.5274401682898195 -0.21987993250888016
			vertex 0.24475519359111786 1.5825972481947808 -0.16701716941229375
		endloop
	endfacet
	facet normal 0.8492474453853083 0.2677996672064875 -0.4550407836124388
		outer loop
			vertex 0.2700819671154022 1.5883662701354144 -0.11635437016132746
			vertex 0.2577107548713684 1.528811200611406 -0.1744921220866269
			vertex 0.24475519359111786 1.5825972481947808 -0.16701716941229375
		endloop
	endfacet
	facet normal 0.8421515382703216 0.2768162772109867 -0.4627672581978777
		outer loop
			vertex 0.28594404458999634 1.5315352595751424 -0.12148324604006443
			vertex 0.2577107548713684 1.528811200611406 -0.1744921220866269
			vertex 0.2700819671154022 1.5883662701354144 -0.11635437016132746
		endloop
	endfacet
	facet normal 0.9174137236704607 0.2814472206951712 -0.28131747472217766
		outer loop
			vertex 0.28594404458999634 1.5934758270276443 -0.059514111079625606
			vertex 0.28594404458999634 1.5315352595751424 -0.12148324604006443
			vertex 0.2700819671154022 1.5883662701354144 -0.11635437016132746
		endloop
	endfacet
	facet normal 0.9120114127412324 0.2900971876895595 -0.2899634541185315
		outer loop
			vertex 0.3039303123950958 1.5342369080312666 -0.062208803395673425
			vertex 0.28594404458999634 1.5315352595751424 -0.12148324604006443
			vertex 0.28594404458999634 1.5934758270276443 -0.059514111079625606
		endloop
	endfacet
	facet normal 0.9506852625707651 0.29324468528948255 -0.1010202260947178
		outer loop
			vertex 0.29252076148986816 1.5926565094667229 -1.6279772031277252e-8
			vertex 0.3039303123950958 1.5342369080312666 -0.062208803395673425
			vertex 0.28594404458999634 1.5934758270276443 -0.059514111079625606
		endloop
	endfacet
	facet normal 0.9524638910325445 0.2889198446731189 -0.09663260129586955
		outer loop
			vertex 0.31053799390792847 1.5332602345490525 -8.29935752214569e-9
			vertex 0.3039303123950958 1.5342369080312666 -0.062208803395673425
			vertex 0.29252076148986816 1.5926565094667229 -1.6279772031277252e-8
		endloop
	endfacet
	facet normal 0.9505471021916421 0.2883384355217093 0.11541729989895418
		outer loop
			vertex 0.29252076148986816 1.5926565094667229 -1.6279772031277252e-8
			vertex 0.2851276993751526 1.5930731540305851 0.05984646370026799
			vertex 0.31053799390792847 1.5332602345490525 -8.29935752214569e-9
		endloop
	endfacet
	facet normal 0.9496637229254608 0.29328788423666735 0.11009555086075574
		outer loop
			vertex 0.31053799390792847 1.5332602345490525 -8.29935752214569e-9
			vertex 0.2851276993751526 1.5930731540305851 0.05984646370026799
			vertex 0.3030521869659424 1.5340247322277338 0.06253459304571451
		endloop
	endfacet
	facet normal 0.914509416300806 0.2904263302030656 0.28164707387427135
		outer loop
			vertex 0.2851276993751526 1.5930731540305851 0.05984646370026799
			vertex 0.2693058252334595 1.587971241780268 0.11648111045361165
			vertex 0.3030521869659424 1.5340247322277338 0.06253459304571451
		endloop
	endfacet
	facet normal 0.9145094175802684 0.28164719134120114 0.2904262122581416
		outer loop
			vertex 0.3030521869659424 1.5340247322277338 0.06253459304571451
			vertex 0.2693058252334595 1.587971241780268 0.11648111045361165
			vertex 0.2851276993751526 1.5313366895301594 0.12158295596624917
		endloop
	endfacet
	facet normal 0.845655104838927 0.2773289785232822 0.4560220184718022
		outer loop
			vertex 0.2693058252334595 1.587971241780268 0.11648111045361165
			vertex 0.24394972622394562 1.5822316781317431 0.16699240367406332
			vertex 0.2851276993751526 1.5313366895301594 0.12158295596624917
		endloop
	endfacet
	facet normal 0.8437604037805021 0.26752119624619586 0.46529645450096496
		outer loop
			vertex 0.2851276993751526 1.5313366895301594 0.12158295596624917
			vertex 0.24394972622394562 1.5822316781317431 0.16699240367406332
			vertex 0.25683262944221497 1.5286168171183598 0.17445652273185114
		endloop
	endfacet
	facet normal 0.875671441100449 0.0948884150198227 0.4734931001990301
		outer loop
			vertex 0.2851276993751526 1.5313366895301594 0.12158295596624917
			vertex 0.25683262944221497 1.5286168171183598 0.17445652273185114
			vertex 0.29037800431251526 1.4714901613721614 0.12386641080472512
		endloop
	endfacet
	facet normal 0.8739912443695779 0.09038753803686067 0.47746140967930795
		outer loop
			vertex 0.29037800431251526 1.4714901613721614 0.12386641080472512
			vertex 0.25683262944221497 1.5286168171183598 0.17445652273185114
			vertex 0.26112744212150574 1.471490168566142 0.1774094492143733
		endloop
	endfacet
	facet normal 0.768746520568135 0.09052105749830247 0.6331150963796196
		outer loop
			vertex 0.25683262944221497 1.5286168171183598 0.17445652273185114
			vertex 0.21971754729747772 1.5272540224183326 0.21971756932611025
			vertex 0.26112744212150574 1.471490168566142 0.1774094492143733
		endloop
	endfacet
	facet normal 0.7675527820579716 0.08829956326367479 0.6348747229828198
		outer loop
			vertex 0.26112744212150574 1.471490168566142 0.1774094492143733
			vertex 0.21971754729747772 1.5272540224183326 0.21971756932611025
			vertex 0.2232285439968109 1.4714901747223461 0.22322857398954282
		endloop
	endfacet
	facet normal 0.6348748360197611 0.08829958329764673 0.7675526862557016
		outer loop
			vertex 0.2232285439968109 1.4714901747223461 0.22322857398954282
			vertex 0.21971754729747772 1.5272540224183326 0.21971756932611025
			vertex 0.17740942537784576 1.471490179814399 0.26112747720629026
		endloop
	endfacet
	facet normal 0.6331152097804242 0.09052107803406445 0.7687464247567205
		outer loop
			vertex 0.17740942537784576 1.471490179814399 0.26112747720629026
			vertex 0.21971754729747772 1.5272540224183326 0.21971756932611025
			vertex 0.17445650696754456 1.5286168281863215 0.25683265627448315
		endloop
	endfacet
	facet normal 0.4774615203528966 0.09038759782219438 0.8739911777256301
		outer loop
			vertex 0.17740942537784576 1.471490179814399 0.26112747720629026
			vertex 0.17445650696754456 1.5286168281863215 0.25683265627448315
			vertex 0.12386639416217804 1.471490183744471 0.2903780433273719
		endloop
	endfacet
	facet normal 0.4734932110855455 0.09488847597374485 0.8756713745368631
		outer loop
			vertex 0.12386639416217804 1.471490183744471 0.2903780433273719
			vertex 0.17445650696754456 1.5286168281863215 0.25683265627448315
			vertex 0.12158294767141342 1.5313367115038452 0.28512772964367417
		endloop
	endfacet
	facet normal 0.29738674380789887 0.09469429541964285 0.9500495329309481
		outer loop
			vertex 0.12386639416217804 1.471490183744471 0.2903780433273719
			vertex 0.12158294767141342 1.5313367115038452 0.28512772964367417
			vertex 0.0638282299041748 1.471490186269515 0.309171330745452
		endloop
	endfacet
	facet normal 0.2931664935444138 0.09911278195717431 0.950910123784358
		outer loop
			vertex 0.0638282299041748 1.471490186269515 0.309171330745452
			vertex 0.12158294767141342 1.5313367115038452 0.28512772964367417
			vertex 0.06253459304571152 1.5340247645434029 0.3030522192816143
		endloop
	endfacet
	facet normal 0.11538935719736505 0.09910012787155756 0.9883645384681807
		outer loop
			vertex 0.0638282299041748 1.471490186269515 0.309171330745452
			vertex 0.06253459304571152 1.5340247645434029 0.3030522192816143
			vertex 0 1.4714901872707309 0.3166231342388094
		endloop
	endfacet
	facet normal 0.09909918039840901 0.11539030537263636 0.9883645227700018
		outer loop
			vertex 0 1.4714901872707309 0.3166231342388094
			vertex 0.06253459304571152 1.5340247645434029 0.3030522192816143
			vertex 1.9050000688025648e-8 1.5353179479123558 0.3091713221696281
		endloop
	endfacet
	facet normal 0.0991105559686082 0.29316639612873036 0.950910385828489
		outer loop
			vertex 0.06253459304571152 1.5340247645434029 0.3030522192816143
			vertex 0.05984647199511528 1.5930731842991133 0.2851277213488334
			vertex 1.9050000688025648e-8 1.5353179479123558 0.3091713221696281
		endloop
	endfacet
	facet normal 0.09469429907549247 0.29738447854220007 0.9500502416424013
		outer loop
			vertex 1.9050000688025648e-8 1.5353179479123558 0.3091713221696281
			vertex 0.05984647199511528 1.5930731842991133 0.2851277213488334
			vertex 1.9050000688025648e-8 1.5953566392526857 0.2903780266848188
		endloop
	endfacet
	facet normal 0.09488853481786977 0.4734936452048457 0.8756711334232424
		outer loop
			vertex 0.05984647199511528 1.5930731842991133 0.2851277213488334
			vertex 0.057126663625240326 1.6459466798423477 0.25683264051018057
			vertex 1.9050000688025648e-8 1.5953566392526857 0.2903780266848188
		endloop
	endfacet
	facet normal 0.09038752896022265 0.47746206991156365 0.873990884623078
		outer loop
			vertex 1.9050000688025648e-8 1.5953566392526857 0.2903780266848188
			vertex 0.057126663625240326 1.6459466798423477 0.25683264051018057
			vertex -3.8100001376051296e-8 1.648899614127609 0.26112745336976473
		endloop
	endfacet
	facet normal 0.09052105901568014 0.6331154009369027 0.7687462695657032
		outer loop
			vertex 0.057126663625240326 1.6459466798423477 0.25683264051018057
			vertex 0.0557638481259346 1.6912077063655993 0.2197175472974837
			vertex -3.8100001376051296e-8 1.648899614127609 0.26112745336976473
		endloop
	endfacet
	facet normal 0.08830026282532964 0.6348744764897667 0.7675529054643871
		outer loop
			vertex -3.8100001376051296e-8 1.648899614127609 0.26112745336976473
			vertex 0.0557638481259346 1.6912077063655993 0.2197175472974837
			vertex -3.8100001376051296e-8 1.6947187785142155 0.2232285439968069
		endloop
	endfacet
	facet normal 0.745202979222008 0.2642944001758339 0.6122262570278572
		outer loop
			vertex 0.24394972622394562 1.5822316781317431 0.16699240367406332
			vertex 0.20982462167739868 1.5792316625027176 0.2098246353931735
			vertex 0.25683262944221497 1.5286168171183598 0.17445652273185114
		endloop
	endfacet
	facet normal 0.743061018688675 0.25888424691521095 0.6171217620571265
		outer loop
			vertex 0.25683262944221497 1.5286168171183598 0.17445652273185114
			vertex 0.20982462167739868 1.5792316625027176 0.2098246353931735
			vertex 0.21971754729747772 1.5272540224183326 0.21971756932611025
		endloop
	endfacet
	facet normal 0.6171218939597874 0.258884269794649 0.7430609011705409
		outer loop
			vertex 0.21971754729747772 1.5272540224183326 0.21971756932611025
			vertex 0.20982462167739868 1.5792316625027176 0.2098246353931735
			vertex 0.17445650696754456 1.5286168281863215 0.25683265627448315
		endloop
	endfacet
	facet normal 0.6122232834103039 0.2642978400267411 0.745204202220778
		outer loop
			vertex 0.17445650696754456 1.5286168281863215 0.25683265627448315
			vertex 0.20982462167739868 1.5792316625027176 0.2098246353931735
			vertex 0.1669923961162567 1.5822309732158086 0.2439497441217472
		endloop
	endfacet
	facet normal 0.4652962813574835 0.2675245793087606 0.8437594266261966
		outer loop
			vertex 0.17445650696754456 1.5286168281863215 0.25683265627448315
			vertex 0.1669923961162567 1.5822309732158086 0.2439497441217472
			vertex 0.12158294767141342 1.5313367115038452 0.28512772964367417
		endloop
	endfacet
	facet normal 0.456025245447673 0.27732887791779803 0.8456533976678889
		outer loop
			vertex 0.12158294767141342 1.5313367115038452 0.28512772964367417
			vertex 0.1669923961162567 1.5822309732158086 0.2439497441217472
			vertex 0.11648111045360565 1.587971262313622 0.2693058457668194
		endloop
	endfacet
	facet normal 0.29042631846454403 0.2816473036485575 0.9145093492636521
		outer loop
			vertex 0.12158294767141342 1.5313367115038452 0.28512772964367417
			vertex 0.11648111045360565 1.587971262313622 0.2693058457668194
			vertex 0.06253459304571152 1.5340247645434029 0.3030522192816143
		endloop
	endfacet
	facet normal 0.2816471793837243 0.29042644477295665 0.9145093474217381
		outer loop
			vertex 0.06253459304571152 1.5340247645434029 0.3030522192816143
			vertex 0.11648111045360565 1.587971262313622 0.2693058457668194
			vertex 0.05984647199511528 1.5930731842991133 0.2851277213488334
		endloop
	endfacet
	facet normal 0.2773290123097274 0.4560249613672565 0.8456535067870902
		outer loop
			vertex 0.11648111045360565 1.587971262313622 0.2693058457668194
			vertex 0.1107407808303833 1.6384826258619112 0.24394973656384047
			vertex 0.05984647199511528 1.5930731842991133 0.2851277213488334
		endloop
	endfacet
	facet normal 0.2675241313963153 0.46529655467846676 0.8437594179178066
		outer loop
			vertex 0.05984647199511528 1.5930731842991133 0.2851277213488334
			vertex 0.1107407808303833 1.6384826258619112 0.24394973656384047
			vertex 0.057126663625240326 1.6459466798423477 0.25683264051018057
		endloop
	endfacet
	facet normal 0.2642972768518676 0.61222302319235 0.7452046157411443
		outer loop
			vertex 0.1107407808303833 1.6384826258619112 0.24394973656384047
			vertex 0.10774150490760803 1.6813148823952584 0.20982462167739066
			vertex 0.057126663625240326 1.6459466798423477 0.25683264051018057
		endloop
	endfacet
	facet normal 0.25888296079697 0.6171222992550268 0.7430610206242714
		outer loop
			vertex 0.057126663625240326 1.6459466798423477 0.25683264051018057
			vertex 0.10774150490760803 1.6813148823952584 0.20982462167739066
			vertex 0.0557638481259346 1.6912077063655993 0.2197175472974837
		endloop
	endfacet
	facet normal 0.25875209218211553 0.7465737597586903 0.6129233035471497
		outer loop
			vertex 0.1107407808303833 1.7154398516614577 0.16699238577636782
			vertex 0.0557638481259346 1.6912077063655993 0.2197175472974837
			vertex 0.10774150490760803 1.6813148823952584 0.20982462167739066
		endloop
	endfacet
	facet normal 0.2640727243578264 0.7418979398422185 0.6163221909911304
		outer loop
			vertex 0.05712626501917839 1.728322802317018 0.17445649589958692
			vertex 0.0557638481259346 1.6912077063655993 0.2197175472974837
			vertex 0.1107407808303833 1.7154398516614577 0.16699238577636782
		endloop
	endfacet
	facet normal 0.2674543235803829 0.8486279880520963 0.45639754895574436
		outer loop
			vertex 0.11648111045360565 1.7407960217969654 0.1164810899202517
			vertex 0.05712626501917839 1.728322802317018 0.17445649589958692
			vertex 0.1107407808303833 1.7154398516614577 0.16699238577636782
		endloop
	endfacet
	facet normal 0.2768479629162171 0.8412292188011484 0.4644228750442322
		outer loop
			vertex 0.05984647199511528 1.7566178391452916 0.12158292569773557
			vertex 0.05712626501917839 1.728322802317018 0.17445649589958692
			vertex 0.11648111045360565 1.7407960217969654 0.1164810899202517
		endloop
	endfacet
	facet normal 0.2816228869278832 0.9172661499505842 0.28162272584654346
		outer loop
			vertex 0.12158294767141342 1.7566178308504492 0.05984644172659517
			vertex 0.05984647199511528 1.7566178391452916 0.12158292569773557
			vertex 0.11648111045360565 1.7407960217969654 0.1164810899202517
		endloop
	endfacet
	facet normal 0.2900482882486736 0.9120000409303584 0.2900481267428551
		outer loop
			vertex 0.06253459304571152 1.7745423808153784 0.06253456073004261
			vertex 0.05984647199511528 1.7566178391452916 0.12158292569773557
			vertex 0.12158294767141342 1.7566178308504492 0.05984644172659517
		endloop
	endfacet
	facet normal 0.8765225005735315 0.4684945905274749 0.11054919554124713
		outer loop
			vertex 0.26326248049736023 1.6473968265368393 -2.3634617451909097e-8
			vertex 0.25683262944221497 1.6459466530100824 0.05712664786094074
			vertex 0.29252076148986816 1.5926565094667229 -1.6279772031277252e-8
		endloop
	endfacet
	facet normal 0.8745866733269136 0.4734201245647842 0.10474510249184467
		outer loop
			vertex 0.29252076148986816 1.5926565094667229 -1.6279772031277252e-8
			vertex 0.25683262944221497 1.6459466530100824 0.05712664786094074
			vertex 0.2851276993751526 1.5930731540305851 0.05984646370026799
		endloop
	endfacet
	facet normal 0.843759521205546 0.46529643722289654 0.26752400991811387
		outer loop
			vertex 0.25683262944221497 1.6459466530100824 0.05712664786094074
			vertex 0.24394972622394562 1.6384826079641095 0.11074077327247658
			vertex 0.2851276993751526 1.5930731540305851 0.05984646370026799
		endloop
	endfacet
	facet normal 0.8456536091640456 0.4560248459035451 0.2773288899961053
		outer loop
			vertex 0.2851276993751526 1.5930731540305851 0.05984646370026799
			vertex 0.24394972622394562 1.6384826079641095 0.11074077327247658
			vertex 0.2693058252334595 1.587971241780268 0.11648111045361165
		endloop
	endfacet
	facet normal 0.7864716287614635 0.44363359494041965 0.42971107804376035
		outer loop
			vertex 0.24394972622394562 1.6384826079641095 0.11074077327247658
			vertex 0.2239072322845459 1.6288539594083282 0.15736383199692572
			vertex 0.2693058252334595 1.587971241780268 0.11648111045361165
		endloop
	endfacet
	facet normal 0.7864716875935074 0.4297164427154556 0.44362829426648986
		outer loop
			vertex 0.2693058252334595 1.587971241780268 0.11648111045361165
			vertex 0.2239072322845459 1.6288539594083282 0.15736383199692572
			vertex 0.24394972622394562 1.5822316781317431 0.16699240367406332
		endloop
	endfacet
	facet normal 0.700835011603927 0.4203103372719592 0.5763414846186724
		outer loop
			vertex 0.2239072322845459 1.6288539594083282 0.15736383199692572
			vertex 0.19561059772968292 1.6235913505435327 0.19561060357556134
			vertex 0.24394972622394562 1.5822316781317431 0.16699240367406332
		endloop
	endfacet
	facet normal 0.6985960135789437 0.4114262706565273 0.5853990379435812
		outer loop
			vertex 0.24394972622394562 1.5822316781317431 0.16699240367406332
			vertex 0.19561059772968292 1.6235913505435327 0.19561060357556134
			vertex 0.20982462167739868 1.5792316625027176 0.2098246353931735
		endloop
	endfacet
	facet normal 0.5853951060390943 0.4114261158089006 0.6985993995530477
		outer loop
			vertex 0.20982462167739868 1.5792316625027176 0.2098246353931735
			vertex 0.19561059772968292 1.6235913505435327 0.19561060357556134
			vertex 0.1669923961162567 1.5822309732158086 0.2439497441217472
		endloop
	endfacet
	facet normal 0.5763426286675077 0.4203051199242168 0.7008371997447889
		outer loop
			vertex 0.1669923961162567 1.5822309732158086 0.2439497441217472
			vertex 0.19561059772968292 1.6235913505435327 0.19561060357556134
			vertex 0.15736383199691772 1.6288539683490235 0.22390724122524905
		endloop
	endfacet
	facet normal 0.4436338669843979 0.42971101647567983 0.7864715089460697
		outer loop
			vertex 0.1669923961162567 1.5822309732158086 0.2439497441217472
			vertex 0.15736383199691772 1.6288539683490235 0.22390724122524905
			vertex 0.11648111045360565 1.587971262313622 0.2693058457668194
		endloop
	endfacet
	facet normal 0.42971122043597293 0.4436336687365791 0.7864715093344131
		outer loop
			vertex 0.11648111045360565 1.587971262313622 0.2693058457668194
			vertex 0.15736383199691772 1.6288539683490235 0.22390724122524905
			vertex 0.1107407808303833 1.6384826258619112 0.24394973656384047
		endloop
	endfacet
	facet normal 0.4203056574171666 0.5763416742074386 0.7008376623119582
		outer loop
			vertex 0.15736383199691772 1.6288539683490235 0.22390724122524905
			vertex 0.15210120379924774 1.6671008397268194 0.1956105977296769
			vertex 0.1107407808303833 1.6384826258619112 0.24394973656384047
		endloop
	endfacet
	facet normal 0.41142611748449337 0.5853947116341686 0.6985997290597703
		outer loop
			vertex 0.1107407808303833 1.6384826258619112 0.24394973656384047
			vertex 0.15210120379924774 1.6671008397268194 0.1956105977296769
			vertex 0.10774150490760803 1.6813148823952584 0.20982462167739066
		endloop
	endfacet
	facet normal 0.41108786461466423 0.70487664939906 0.5780620007391165
		outer loop
			vertex 0.15736383199691772 1.6953974282413045 0.15736382305622254
			vertex 0.10774150490760803 1.6813148823952584 0.20982462167739066
			vertex 0.15210120379924774 1.6671008397268194 0.1956105977296769
		endloop
	endfacet
	facet normal 0.41945414548451815 0.6954495898798949 0.5834450169225365
		outer loop
			vertex 0.1107407808303833 1.7154398516614577 0.16699238577636782
			vertex 0.10774150490760803 1.6813148823952584 0.20982462167739066
			vertex 0.15736383199691772 1.6953974282413045 0.15736382305622254
		endloop
	endfacet
	facet normal 0.4300523852641086 0.7937947047494849 0.43005222082943473
		outer loop
			vertex 0.1669923961162567 1.715439844103555 0.11074076293259172
			vertex 0.1107407808303833 1.7154398516614577 0.16699238577636782
			vertex 0.15736383199691772 1.6953974282413045 0.15736382305622254
		endloop
	endfacet
	facet normal 0.4420438790670598 0.7805091691835756 0.4420437148062518
		outer loop
			vertex 0.11648111045360565 1.7407960217969654 0.1164810899202517
			vertex 0.1107407808303833 1.7154398516614577 0.16699238577636782
			vertex 0.1669923961162567 1.715439844103555 0.11074076293259172
		endloop
	endfacet
	facet normal 0.6985998716550317 0.5853946479776077 0.4114259659315951
		outer loop
			vertex 0.20982462167739868 1.6813148686794877 0.10774149119182917
			vertex 0.19561059772968292 1.667100833880947 0.1521011979533693
			vertex 0.24394972622394562 1.6384826079641095 0.11074077327247658
		endloop
	endfacet
	facet normal 0.7008378042962299 0.576341612160356 0.42030550574747577
		outer loop
			vertex 0.24394972622394562 1.6384826079641095 0.11074077327247658
			vertex 0.19561059772968292 1.667100833880947 0.1521011979533693
			vertex 0.2239072322845459 1.6288539594083282 0.15736383199692572
		endloop
	endfacet
	facet normal 0.6456648453261266 0.5505067109124693 0.5292062629545536
		outer loop
			vertex 0.19561059772968292 1.667100833880947 0.1521011979533693
			vertex 0.18226541578769684 1.6537557138033994 0.18226541578768282
			vertex 0.2239072322845459 1.6288539594083282 0.15736383199692572
		endloop
	endfacet
	facet normal 0.6456647815243426 0.5292053433214013 0.5505076697914396
		outer loop
			vertex 0.2239072322845459 1.6288539594083282 0.15736383199692572
			vertex 0.18226541578769684 1.6537557138033994 0.18226541578768282
			vertex 0.19561059772968292 1.6235913505435327 0.19561060357556134
		endloop
	endfacet
	facet normal 0.5505078232795174 0.5292053641998659 0.6456646335444858
		outer loop
			vertex 0.19561059772968292 1.6235913505435327 0.19561060357556134
			vertex 0.18226541578769684 1.6537557138033994 0.18226541578768282
			vertex 0.15736383199691772 1.6288539683490235 0.22390724122524905
		endloop
	endfacet
	facet normal 0.5292064177522048 0.5505067366799117 0.64566469647946
		outer loop
			vertex 0.15736383199691772 1.6288539683490235 0.22390724122524905
			vertex 0.18226541578769684 1.6537557138033994 0.18226541578768282
			vertex 0.15210120379924774 1.6671008397268194 0.1956105977296769
		endloop
	endfacet
	facet normal 0.5278983507122301 0.6653170912391354 0.5278981903931886
		outer loop
			vertex 0.19561059772968292 1.667100833880947 0.1521011979533693
			vertex 0.15210120379924774 1.6671008397268194 0.1956105977296769
			vertex 0.18226541578769684 1.6537557138033994 0.18226541578768282
		endloop
	endfacet
	facet normal 0.5456456457289861 0.6360360303140148 0.545645486959608
		outer loop
			vertex 0.15736383199691772 1.6953974282413045 0.15736382305622254
			vertex 0.15210120379924774 1.6671008397268194 0.1956105977296769
			vertex 0.19561059772968292 1.667100833880947 0.1521011979533693
		endloop
	endfacet
	facet normal 0.5780621602854742 0.7048766113226279 0.41108770555250096
		outer loop
			vertex 0.20982462167739868 1.6813148686794877 0.10774149119182917
			vertex 0.15736383199691772 1.6953974282413045 0.15736382305622254
			vertex 0.19561059772968292 1.667100833880947 0.1521011979533693
		endloop
	endfacet
	facet normal 0.5834451758606558 0.6954495524785363 0.41945398641845366
		outer loop
			vertex 0.1669923961162567 1.715439844103555 0.11074076293259172
			vertex 0.15736383199691772 1.6953974282413045 0.15736382305622254
			vertex 0.20982462167739868 1.6813148686794877 0.10774149119182917
		endloop
	endfacet
	facet normal 0.6129234607837974 0.7465736812050604 0.25875194637478155
		outer loop
			vertex 0.21971754729747772 1.6912076843369679 0.05576382609730906
			vertex 0.1669923961162567 1.715439844103555 0.11074076293259172
			vertex 0.20982462167739868 1.6813148686794877 0.10774149119182917
		endloop
	endfacet
	facet normal 0.6163234591222071 0.7418963166266868 0.26407432497573863
		outer loop
			vertex 0.17445650696754456 1.7283227865527144 0.057126636792979114
			vertex 0.1669923961162567 1.715439844103555 0.11074076293259172
			vertex 0.21971754729747772 1.6912076843369679 0.05576382609730906
		endloop
	endfacet
	facet normal 0.6324912339131797 0.7674667215982585 0.10464067212228963
		outer loop
			vertex 0.22388559579849243 1.6953758302137723 -3.0081020658302105e-8
			vertex 0.17445650696754456 1.7283227865527144 0.057126636792979114
			vertex 0.21971754729747772 1.6912076843369679 0.05576382609730906
		endloop
	endfacet
	facet normal 0.631061791008987 0.7689223458446651 0.10256433097947451
		outer loop
			vertex 0.1759066879749298 1.7347525711916412 -3.537163383998185e-8
			vertex 0.17445650696754456 1.7283227865527144 0.057126636792979114
			vertex 0.22388559579849243 1.6953758302137723 -3.0081020658302105e-8
		endloop
	endfacet
	facet normal 0.6320064036650916 0.7700732912998783 -0.08691968564652156
		outer loop
			vertex 0.22388559579849243 1.6953758302137723 -3.0081020658302105e-8
			vertex 0.22045034170150757 1.6919405682099646 -0.055413324197708176
			vertex 0.1759066879749298 1.7347525711916412 -3.537163383998185e-8
		endloop
	endfacet
	facet normal 0.6338868651491524 0.7688039155615558 -0.08442737475843166
		outer loop
			vertex 0.1759066879749298 1.7347525711916412 -3.537163383998185e-8
			vertex 0.22045034170150757 1.6919405682099646 -0.055413324197708176
			vertex 0.1750764697790146 1.729200866992123 -0.05678773426604638
		endloop
	endfacet
	facet normal 0.6177214338846182 0.7426975513741125 -0.25849676458793197
		outer loop
			vertex 0.22045034170150757 1.6919405682099646 -0.055413324197708176
			vertex 0.21053732931613922 1.6820274729773081 -0.1075838486610835
			vertex 0.1750764697790146 1.729200866992123 -0.05678773426604638
		endloop
	endfacet
	facet normal 0.612172949326237 0.7451284766118357 -0.2646277261651577
		outer loop
			vertex 0.1750764697790146 1.729200866992123 -0.05678773426604638
			vertex 0.21053732931613922 1.6820274729773081 -0.1075838486610835
			vertex 0.16758450865745544 1.7162454308516846 -0.1105985746399758
		endloop
	endfacet
	facet normal 0.5496743356254054 0.5282560003525495 -0.6471504638384312
		outer loop
			vertex 0.15782763063907623 1.6293177515658832 -0.22408043509034054
			vertex 0.18290391564369202 1.6543941498598391 -0.18231186707363486
			vertex 0.19627538323402405 1.6240427436036877 -0.19572970480242832
		endloop
	endfacet
	facet normal 0.6662018866686159 0.5268452209112798 -0.5278344052845756
		outer loop
			vertex 0.19627538323402405 1.667765504098166 -0.152088882641271
			vertex 0.19627538323402405 1.6240427436036877 -0.19572970480242832
			vertex 0.18290391564369202 1.6543941498598391 -0.18231186707363486
		endloop
	endfacet
	facet normal 0.6367547156979124 0.5447146904806948 -0.5457374258844556
		outer loop
			vertex 0.22464469075202942 1.6293177605298428 -0.15736387434568025
			vertex 0.19627538323402405 1.6240427436036877 -0.19572970480242832
			vertex 0.19627538323402405 1.667765504098166 -0.152088882641271
		endloop
	endfacet
	facet normal 0.7056773023352669 0.5770946033557662 -0.4110734286553575
		outer loop
			vertex 0.21053732931613922 1.6820274729773081 -0.1075838486610835
			vertex 0.22464469075202942 1.6293177605298428 -0.15736387434568025
			vertex 0.19627538323402405 1.667765504098166 -0.152088882641271
		endloop
	endfacet
	facet normal 0.6950063535624182 0.5831860678494951 -0.4205474750537862
		outer loop
			vertex 0.24475519359111786 1.6390746908459677 -0.11059856427140481
			vertex 0.22464469075202942 1.6293177605298428 -0.15736387434568025
			vertex 0.21053732931613922 1.6820274729773081 -0.1075838486610835
		endloop
	endfacet
	facet normal 0.7466783271176436 0.612965822187546 -0.25834933064117466
		outer loop
			vertex 0.22045034170150757 1.6919405682099646 -0.055413324197708176
			vertex 0.24475519359111786 1.6390746908459677 -0.11059856427140481
			vertex 0.21053732931613922 1.6820274729773081 -0.1075838486610835
		endloop
	endfacet
	facet normal 0.7413789053393084 0.6168176990937045 -0.2643733057678799
		outer loop
			vertex 0.2577107548713684 1.646566645302937 -0.05678772316340833
			vertex 0.24475519359111786 1.6390746908459677 -0.11059856427140481
			vertex 0.22045034170150757 1.6919405682099646 -0.055413324197708176
		endloop
	endfacet
	facet normal 0.7685989740925243 0.6337958599224008 -0.08693920271743788
		outer loop
			vertex 0.22388559579849243 1.6953758302137723 -3.0081020658302105e-8
			vertex 0.2577107548713684 1.646566645302937 -0.05678772316340833
			vertex 0.22045034170150757 1.6919405682099646 -0.055413324197708176
		endloop
	endfacet
	facet normal 0.7702309942376991 0.6321368553383936 -0.0845411830913924
		outer loop
			vertex 0.26326248049736023 1.6473968265368393 -2.3634617451909097e-8
			vertex 0.2577107548713684 1.646566645302937 -0.05678772316340833
			vertex 0.22388559579849243 1.6953758302137723 -3.0081020658302105e-8
		endloop
	endfacet
	facet normal 0.7687563306473011 0.6309266084739267 0.1046198776967643
		outer loop
			vertex 0.22388559579849243 1.6953758302137723 -3.0081020658302105e-8
			vertex 0.21971754729747772 1.6912076843369679 0.05576382609730906
			vertex 0.26326248049736023 1.6473968265368393 -2.3634617451909097e-8
		endloop
	endfacet
	facet normal 0.7676743164625214 0.632595725651642 0.10246361174130679
		outer loop
			vertex 0.26326248049736023 1.6473968265368393 -2.3634617451909097e-8
			vertex 0.21971754729747772 1.6912076843369679 0.05576382609730906
			vertex 0.25683262944221497 1.6459466530100824 0.05712664786094074
		endloop
	endfacet
	facet normal 0.7430611549441488 0.617122193977321 0.25888282622392245
		outer loop
			vertex 0.21971754729747772 1.6912076843369679 0.05576382609730906
			vertex 0.20982462167739868 1.6813148686794877 0.10774149119182917
			vertex 0.25683262944221497 1.6459466530100824 0.05712664786094074
		endloop
	endfacet
	facet normal 0.7452047495152494 0.6122229186440172 0.2642971418440157
		outer loop
			vertex 0.25683262944221497 1.6459466530100824 0.05712664786094074
			vertex 0.20982462167739868 1.6813148686794877 0.10774149119182917
			vertex 0.24394972622394562 1.6384826079641095 0.11074077327247658
		endloop
	endfacet
	facet normal 0.5853957438032065 0.6985794440131196 -0.41145909096702604
		outer loop
			vertex 0.21053732931613922 1.6820274729773081 -0.1075838486610835
			vertex 0.19627538323402405 1.667765504098166 -0.152088882641271
			vertex 0.16758450865745544 1.7162454308516846 -0.1105985746399758
		endloop
	endfacet
	facet normal 0.5751494336199696 0.7011035078392716 -0.4214937725543482
		outer loop
			vertex 0.16758450865745544 1.7162454308516846 -0.1105985746399758
			vertex 0.19627538323402405 1.667765504098166 -0.152088882641271
			vertex 0.15782763063907623 1.6961348147190967 -0.15736388332314205
		endloop
	endfacet
	facet normal 0.5496047115649852 0.6464624250261704 -0.5291700993582807
		outer loop
			vertex 0.19627538323402405 1.667765504098166 -0.152088882641271
			vertex 0.18290391564369202 1.6543941498598391 -0.18231186707363486
			vertex 0.15782763063907623 1.6961348147190967 -0.15736388332314205
		endloop
	endfacet
	facet normal 0.5281925981890964 0.6464103976275671 -0.5506052824458029
		outer loop
			vertex 0.15782763063907623 1.6961348147190967 -0.15736388332314205
			vertex 0.18290391564369202 1.6543941498598391 -0.18231186707363486
			vertex 0.15255264937877655 1.667765498234635 -0.19572971067696684
		endloop
	endfacet
	facet normal 0.5282562812478898 0.5496740210716952 -0.6471505017235357
		outer loop
			vertex 0.15255264937877655 1.667765498234635 -0.19572971067696684
			vertex 0.18290391564369202 1.6543941498598391 -0.18231186707363486
			vertex 0.15782763063907623 1.6293177515658832 -0.22408043509034054
		endloop
	endfacet
	facet normal 0.4219970215517424 0.5748420772574999 -0.7010528510859512
		outer loop
			vertex 0.11110716313123703 1.6390746728949872 -0.24420332480899795
			vertex 0.15255264937877655 1.667765498234635 -0.19572971067696684
			vertex 0.15782763063907623 1.6293177515658832 -0.22408043509034054
		endloop
	endfacet
	facet normal 0.4310817749095688 0.4430922853139041 -0.7860265453762475
		outer loop
			vertex 0.11110716313123703 1.6390746728949872 -0.24420332480899795
			vertex 0.15782763063907623 1.6293177515658832 -0.22408043509034054
			vertex 0.11687611788511276 1.5883662495422346 -0.26962437458257493
		endloop
	endfacet
	facet normal 0.44309307737494963 0.43108097253250316 -0.7860265389303522
		outer loop
			vertex 0.11687611788511276 1.5883662495422346 -0.26962437458257493
			vertex 0.15782763063907623 1.6293177515658832 -0.22408043509034054
			vertex 0.16758450865745544 1.5825972378241395 -0.24420331722075536
		endloop
	endfacet
	facet normal 0.5748424409365686 0.4219961346485696 -0.7010530867486101
		outer loop
			vertex 0.15782763063907623 1.6293177515658832 -0.22408043509034054
			vertex 0.19627538323402405 1.6240427436036877 -0.19572970480242832
			vertex 0.16758450865745544 1.5825972378241395 -0.24420331722075536
		endloop
	endfacet
	facet normal 0.5855064255014234 0.4115498148865706 -0.6984332291374572
		outer loop
			vertex 0.16758450865745544 1.5825972378241395 -0.24420331722075536
			vertex 0.19627538323402405 1.6240427436036877 -0.19572970480242832
			vertex 0.21053732931613922 1.5795934063426191 -0.20996536117672354
		endloop
	endfacet
	facet normal 0.7049700606716355 0.411255186310623 -0.5778290277315993
		outer loop
			vertex 0.22464469075202942 1.6293177605298428 -0.15736387434568025
			vertex 0.21053732931613922 1.5795934063426191 -0.20996536117672354
			vertex 0.19627538323402405 1.6240427436036877 -0.19572970480242832
		endloop
	endfacet
	facet normal 0.6953167977764394 0.41982222550089004 -0.5833385378195048
		outer loop
			vertex 0.24475519359111786 1.5825972481947808 -0.16701716941229375
			vertex 0.21053732931613922 1.5795934063426191 -0.20996536117672354
			vertex 0.22464469075202942 1.6293177605298428 -0.15736387434568025
		endloop
	endfacet
	facet normal 0.7931421259008106 0.4304294025192191 -0.4308782862578376
		outer loop
			vertex 0.24475519359111786 1.6390746908459677 -0.11059856427140481
			vertex 0.24475519359111786 1.5825972481947808 -0.16701716941229375
			vertex 0.22464469075202942 1.6293177605298428 -0.15736387434568025
		endloop
	endfacet
	facet normal 0.7818957492757647 0.4405870782040344 -0.44104655512102403
		outer loop
			vertex 0.2700819671154022 1.5883662701354144 -0.11635437016132746
			vertex 0.24475519359111786 1.5825972481947808 -0.16701716941229375
			vertex 0.24475519359111786 1.6390746908459677 -0.11059856427140481
		endloop
	endfacet
	facet normal 0.8494453642796822 0.4546621869847095 -0.2678149899278221
		outer loop
			vertex 0.2577107548713684 1.646566645302937 -0.05678772316340833
			vertex 0.2700819671154022 1.5883662701354144 -0.11635437016132746
			vertex 0.24475519359111786 1.6390746908459677 -0.11059856427140481
		endloop
	endfacet
	facet normal 0.8424926295462065 0.46223859741012246 -0.2766616132112322
		outer loop
			vertex 0.28594404458999634 1.5934758270276443 -0.059514111079625606
			vertex 0.2700819671154022 1.5883662701354144 -0.11635437016132746
			vertex 0.2577107548713684 1.646566645302937 -0.05678772316340833
		endloop
	endfacet
	facet normal 0.877140361496089 0.47121390189868656 -0.09264040636744757
		outer loop
			vertex 0.26326248049736023 1.6473968265368393 -2.3634617451909097e-8
			vertex 0.28594404458999634 1.5934758270276443 -0.059514111079625606
			vertex 0.2577107548713684 1.646566645302937 -0.05678772316340833
		endloop
	endfacet
	facet normal 0.8783014579599531 0.46944540262507506 -0.09059560088438047
		outer loop
			vertex 0.29252076148986816 1.5926565094667229 -1.6279772031277252e-8
			vertex 0.28594404458999634 1.5934758270276443 -0.059514111079625606
			vertex 0.26326248049736023 1.6473968265368393 -2.3634617451909097e-8
		endloop
	endfacet
	facet normal 0.4563976510687481 0.8486273995686173 0.2674560165715771
		outer loop
			vertex 0.17445650696754456 1.7283227865527144 0.057126636792979114
			vertex 0.11648111045360565 1.7407960217969654 0.1164810899202517
			vertex 0.1669923961162567 1.715439844103555 0.11074076293259172
		endloop
	endfacet
	facet normal 0.4644214215082627 0.841230041077256 0.2768479027072501
		outer loop
			vertex 0.12158294767141342 1.7566178308504492 0.05984644172659517
			vertex 0.11648111045360565 1.7407960217969654 0.1164810899202517
			vertex 0.17445650696754456 1.7283227865527144 0.057126636792979114
		endloop
	endfacet
	facet normal 0.47335644900649493 0.8739279202558786 0.11037962847009655
		outer loop
			vertex 0.1759066879749298 1.7347525711916412 -3.537163383998185e-8
			vertex 0.12158294767141342 1.7566178308504492 0.05984644172659517
			vertex 0.17445650696754456 1.7283227865527144 0.057126636792979114
		endloop
	endfacet
	facet normal 0.4687746866836098 0.8770451006814105 0.10508179906824133
		outer loop
			vertex 0.12116628885269165 1.7640109455222375 -3.930275503142257e-8
			vertex 0.12158294767141342 1.7566178308504492 0.05984644172659517
			vertex 0.1759066879749298 1.7347525711916412 -3.537163383998185e-8
		endloop
	endfacet
	facet normal 0.4693543032740853 0.8781294967452136 -0.09270989668905917
		outer loop
			vertex 0.1759066879749298 1.7347525711916412 -3.537163383998185e-8
			vertex 0.1750764697790146 1.729200866992123 -0.05678773426604638
			vertex 0.12116628885269165 1.7640109455222375 -3.930275503142257e-8
		endloop
	endfacet
	facet normal 0.47122122592886045 0.8773631681986215 -0.09046782479190929
		outer loop
			vertex 0.12116628885269165 1.7640109455222375 -3.930275503142257e-8
			vertex 0.1750764697790146 1.729200866992123 -0.05678773426604638
			vertex 0.12198568880558014 1.7574341601378283 -0.05951413310887681
		endloop
	endfacet
	facet normal 0.46305642131593094 0.8448774880123034 -0.26788202800505934
		outer loop
			vertex 0.1750764697790146 1.729200866992123 -0.05678773426604638
			vertex 0.16758450865745544 1.7162454308516846 -0.1105985746399758
			vertex 0.12198568880558014 1.7574341601378283 -0.05951413310887681
		endloop
	endfacet
	facet normal 0.45431603679816734 0.8466449091779584 -0.2771088891952995
		outer loop
			vertex 0.12198568880558014 1.7574341601378283 -0.05951413310887681
			vertex 0.16758450865745544 1.7162454308516846 -0.1105985746399758
			vertex 0.11687611788511276 1.7415720430927057 -0.11635439074587718
		endloop
	endfacet
	facet normal 0.4419213451310229 0.7869429729311903 -0.43061152106255507
		outer loop
			vertex 0.16758450865745544 1.7162454308516846 -0.1105985746399758
			vertex 0.15782763063907623 1.6961348147190967 -0.15736388332314205
			vertex 0.11687611788511276 1.7415720430927057 -0.11635439074587718
		endloop
	endfacet
	facet normal 0.43013992843649046 0.7869443923028443 -0.4423778536361848
		outer loop
			vertex 0.11687611788511276 1.7415720430927057 -0.11635439074587718
			vertex 0.15782763063907623 1.6961348147190967 -0.15736388332314205
			vertex 0.11110716313123703 1.7162454232713453 -0.16701718736910734
		endloop
	endfacet
	facet normal 0.42069509479495715 0.7008306963260094 -0.5760659444045128
		outer loop
			vertex 0.15782763063907623 1.6961348147190967 -0.15736388332314205
			vertex 0.15255264937877655 1.667765498234635 -0.19572971067696684
			vertex 0.11110716313123703 1.7162454232713453 -0.16701718736910734
		endloop
	endfacet
	facet normal 0.4115988203677503 0.6985456361241227 -0.5853378557071303
		outer loop
			vertex 0.11110716313123703 1.7162454232713453 -0.16701718736910734
			vertex 0.15255264937877655 1.667765498234635 -0.19572971067696684
			vertex 0.10810329020023346 1.6820274592214453 -0.2099653749396439
		endloop
	endfacet
	facet normal 0.411549932562233 0.5855068557170755 -0.6984327991412811
		outer loop
			vertex 0.10810329020023346 1.6820274592214453 -0.2099653749396439
			vertex 0.15255264937877655 1.667765498234635 -0.19572971067696684
			vertex 0.11110716313123703 1.6390746728949872 -0.24420332480899795
		endloop
	endfacet
	facet normal 0.2645941289301254 0.6123467228406275 -0.744997609366669
		outer loop
			vertex 0.05732107162475586 1.6465666183827514 -0.25714808549323515
			vertex 0.10810329020023346 1.6820274592214453 -0.2099653749396439
			vertex 0.11110716313123703 1.6390746728949872 -0.24420332480899795
		endloop
	endfacet
	facet normal 0.267848190880662 0.4641912837193503 -0.8442652419476584
		outer loop
			vertex 0.05732107162475586 1.6465666183827514 -0.25714808549323515
			vertex 0.11110716313123703 1.6390746728949872 -0.24420332480899795
			vertex 0.06004514545202255 1.5934757966679243 -0.28547408690944015
		endloop
	endfacet
	facet normal 0.2769090161132762 0.4556223201221572 -0.8460080958251406
		outer loop
			vertex 0.06004514545202255 1.5934757966679243 -0.28547408690944015
			vertex 0.11110716313123703 1.6390746728949872 -0.24420332480899795
			vertex 0.11687611788511276 1.5883662495422346 -0.26962437458257493
		endloop
	endfacet
	facet normal 0.281199457771761 0.2903923771300952 -0.914657931826757
		outer loop
			vertex 0.06004514545202255 1.5934757966679243 -0.28547408690944015
			vertex 0.11687611788511276 1.5883662495422346 -0.26962437458257493
			vertex 0.0627468004822731 1.5342368756182303 -0.3034511104507002
		endloop
	endfacet
	facet normal 0.2903925755871611 0.2811992663213583 -0.9146579276779845
		outer loop
			vertex 0.0627468004822731 1.5342368756182303 -0.3034511104507002
			vertex 0.11687611788511276 1.5883662495422346 -0.26962437458257493
			vertex 0.12198568880558014 1.5315352375415245 -0.28547407858717855
		endloop
	endfacet
	facet normal 0.29333342653032496 0.9490442591216441 0.11519763499407502
		outer loop
			vertex 0.12116628885269165 1.7640109455222375 -3.930275503142257e-8
			vertex 0.06253459304571152 1.7745423808153784 0.06253456073004261
			vertex 0.12158294767141342 1.7566178308504492 0.05984644172659517
		endloop
	endfacet
	facet normal 0.28850758787003017 0.9511000876595777 0.11032676463742042
		outer loop
			vertex 0.06177010387182236 1.7820282399657255 -4.1723537785751965e-8
			vertex 0.06253459304571152 1.7745423808153784 0.06253456073004261
			vertex 0.12116628885269165 1.7640109455222375 -3.930275503142257e-8
		endloop
	endfacet
	facet normal 0.28878848068266516 0.9520260562825229 -0.10123043803197092
		outer loop
			vertex 0.12116628885269165 1.7640109455222375 -3.930275503142257e-8
			vertex 0.12198568880558014 1.7574341601378283 -0.05951413310887681
			vertex 0.06177010387182236 1.7820282399657255 -4.1723537785751965e-8
		endloop
	endfacet
	facet normal 0.29318669337103476 0.9511796369478602 -0.09643060243457845
		outer loop
			vertex 0.06177010387182236 1.7820282399657255 -4.1723537785751965e-8
			vertex 0.12198568880558014 1.7574341601378283 -0.05951413310887681
			vertex 0.0627468004822731 1.7754204597998116 -0.06220883580081531
		endloop
	endfacet
	facet normal 0.29048686284450037 0.9145843344432245 -0.281341212242012
		outer loop
			vertex 0.12198568880558014 1.7574341601378283 -0.05951413310887681
			vertex 0.11687611788511276 1.7415720430927057 -0.11635439074587718
			vertex 0.0627468004822731 1.7754204597998116 -0.06220883580081531
		endloop
	endfacet
	facet normal 0.2814741370281808 0.9145861433914215 -0.29035236610134096
		outer loop
			vertex 0.0627468004822731 1.7754204597998116 -0.06220883580081531
			vertex 0.11687611788511276 1.7415720430927057 -0.11635439074587718
			vertex 0.06004514545202255 1.757434151811726 -0.1214832763915772
		endloop
	endfacet
	facet normal 0.277271377387815 0.8463915869341457 -0.4546887560173031
		outer loop
			vertex 0.11687611788511276 1.7415720430927057 -0.11635439074587718
			vertex 0.11110716313123703 1.7162454232713453 -0.16701718736910734
			vertex 0.06004514545202255 1.757434151811726 -0.1214832763915772
		endloop
	endfacet
	facet normal 0.267863938345257 0.8445835362838412 -0.46360280496611544
		outer loop
			vertex 0.06004514545202255 1.757434151811726 -0.1214832763915772
			vertex 0.11110716313123703 1.7162454232713453 -0.16701718736910734
			vertex 0.05732107162475586 1.7292008511774946 -0.1744921490107476
		endloop
	endfacet
	facet normal 0.2645611131484016 0.7451454465450501 -0.6121810850580544
		outer loop
			vertex 0.11110716313123703 1.7162454232713453 -0.16701718736910734
			vertex 0.10810329020023346 1.6820274592214453 -0.2099653749396439
			vertex 0.05732107162475586 1.7292008511774946 -0.1744921490107476
		endloop
	endfacet
	facet normal 0.25859066275156173 0.7427801798987375 -0.6175827665077026
		outer loop
			vertex 0.05732107162475586 1.7292008511774946 -0.1744921490107476
			vertex 0.10810329020023346 1.6820274592214453 -0.2099653749396439
			vertex 0.055950138717889786 1.6919405461124193 -0.21987995461095985
		endloop
	endfacet
	facet normal 0.25859963107433037 0.6177697484551524 -0.7426215514660733
		outer loop
			vertex 0.055950138717889786 1.6919405461124193 -0.21987995461095985
			vertex 0.10810329020023346 1.6820274592214453 -0.2099653749396439
			vertex 0.05732107162475586 1.6465666183827514 -0.25714808549323515
		endloop
	endfacet
	facet normal 0.09029360056489928 0.6337408020787472 -0.7682575489232846
		outer loop
			vertex -3.8100001376051296e-8 1.649527180909481 -0.2614428693450234
			vertex 0.055950138717889786 1.6919405461124193 -0.21987995461095985
			vertex 0.05732107162475586 1.6465666183827514 -0.25714808549323515
		endloop
	endfacet
	facet normal 0.09013532040490103 0.47646859936736763 -0.8745589161585426
		outer loop
			vertex -3.8100001376051296e-8 1.649527180909481 -0.2614428693450234
			vertex 0.05732107162475586 1.6465666183827514 -0.25714808549323515
			vertex -1.9050000688025648e-8 1.5957809463042643 -0.2907243630596187
		endloop
	endfacet
	facet normal 0.09475613726605825 0.4723913973730509 -0.8762805727267678
		outer loop
			vertex -1.9050000688025648e-8 1.5957809463042643 -0.2907243630596187
			vertex 0.05732107162475586 1.6465666183827514 -0.25714808549323515
			vertex 0.06004514545202255 1.5934757966679243 -0.28547408690944015
		endloop
	endfacet
	facet normal 0.09448728417248226 0.2971647666778103 -0.9501395974145227
		outer loop
			vertex -1.9050000688025648e-8 1.5957809463042643 -0.2907243630596187
			vertex 0.06004514545202255 1.5934757966679243 -0.28547408690944015
			vertex -1.9050000688025648e-8 1.5355339912503683 -0.30956714404712526
		endloop
	endfacet
	facet normal 0.09875150956497822 0.29309139519158595 -0.9509708583459788
		outer loop
			vertex -1.9050000688025648e-8 1.5355339912503683 -0.30956714404712526
			vertex 0.06004514545202255 1.5934757966679243 -0.28547408690944015
			vertex 0.0627468004822731 1.5342368756182303 -0.3034511104507002
		endloop
	endfacet
	facet normal 0.09866543529740929 0.10897733557954564 -0.9891355176150314
		outer loop
			vertex -1.9050000688025648e-8 1.5355339912503683 -0.30956714404712526
			vertex 0.0627468004822731 1.5342368756182303 -0.3034511104507002
			vertex 0 1.4714901021884976 -0.3166231342388094
		endloop
	endfacet
	facet normal 0.10897742851252115 0.09866533781051127 -0.9891355171004305
		outer loop
			vertex 0 1.4714901021884976 -0.3166231342388094
			vertex 0.0627468004822731 1.5342368756182303 -0.3034511104507002
			vertex 0.06404389441013336 1.4714901031365335 -0.3095671354422629
		endloop
	endfacet
	facet normal 0.08828217906437133 0.7689353356554331 0.6332019475965882
		outer loop
			vertex 0.05712626501917839 1.728322802317018 0.17445649589958692
			vertex -3.8100001376051296e-8 1.6947187785142155 0.2232285439968069
			vertex 0.0557638481259346 1.6912077063655993 0.2197175472974837
		endloop
	endfacet
	facet normal 0.09050396721157856 0.7674013289273425 0.6347473767409475
		outer loop
			vertex -3.8100001376051296e-8 1.7326175563654531 0.17740941412960076
			vertex -3.8100001376051296e-8 1.6947187785142155 0.2232285439968069
			vertex 0.05712626501917839 1.728322802317018 0.17445649589958692
		endloop
	endfacet
	facet normal 0.09034463019111083 0.8761420941180993 0.47351122342557356
		outer loop
			vertex 0.05984647199511528 1.7566178391452916 0.12158292569773557
			vertex -3.8100001376051296e-8 1.7326175563654531 0.17740941412960076
			vertex 0.05712626501917839 1.728322802317018 0.17445649589958692
		endloop
	endfacet
	facet normal 0.09485321552719402 0.8736263337962062 0.4772629216710129
		outer loop
			vertex -5.715000384043378e-8 1.761868174897207 0.12386637178987249
			vertex -3.8100001376051296e-8 1.7326175563654531 0.17740941412960076
			vertex 0.05984647199511528 1.7566178391452916 0.12158292569773557
		endloop
	endfacet
	facet normal 0.09464835730297894 0.9513829767983415 0.293107693379369
		outer loop
			vertex 0.06253459304571152 1.7745423808153784 0.06253456073004261
			vertex -5.715000384043378e-8 1.761868174897207 0.12386637178987249
			vertex 0.05984647199511528 1.7566178391452916 0.12158292569773557
		endloop
	endfacet
	facet normal 0.0990718598123016 0.9496431940675272 0.29725842385802387
		outer loop
			vertex -5.715000384043378e-8 1.780661394643975 0.0638281969401739
			vertex -5.715000384043378e-8 1.761868174897207 0.12386637178987249
			vertex 0.06253459304571152 1.7745423808153784 0.06253456073004261
		endloop
	endfacet
	facet normal 0.09911384270953716 0.9881644374202317 0.11707899385161286
		outer loop
			vertex 0.06177010387182236 1.7820282399657255 -4.1723537785751965e-8
			vertex -5.715000384043378e-8 1.780661394643975 0.0638281969401739
			vertex 0.06253459304571152 1.7745423808153784 0.06253456073004261
		endloop
	endfacet
	facet normal 0.0973813443831467 0.9885329271938097 0.11541024919724074
		outer loop
			vertex -5.715000384043378e-8 1.7881132789684238 -4.254111655837834e-8
			vertex -5.715000384043378e-8 1.780661394643975 0.0638281969401739
			vertex 0.06177010387182236 1.7820282399657255 -4.1723537785751965e-8
		endloop
	endfacet
	facet normal 0.09750882478976379 0.9898269708598874 -0.10360789953695036
		outer loop
			vertex 0.06177010387182236 1.7820282399657255 -4.1723537785751965e-8
			vertex 0.0627468004822731 1.7754204597998116 -0.06220883580081531
			vertex -5.715000384043378e-8 1.7881132789684238 -4.254111655837834e-8
		endloop
	endfacet
	facet normal 0.09904011753367527 0.9898352293519179 -0.10206504716479574
		outer loop
			vertex -5.715000384043378e-8 1.7881132789684238 -4.254111655837834e-8
			vertex 0.0627468004822731 1.7754204597998116 -0.06220883580081531
			vertex -5.715000384043378e-8 1.781564268814945 -0.0635128821210576
		endloop
	endfacet
	facet normal 0.09920037887208102 0.9509298874095515 -0.293072745343018
		outer loop
			vertex 0.0627468004822731 1.7754204597998116 -0.06220883580081531
			vertex 0.06004514545202255 1.757434151811726 -0.1214832763915772
			vertex -5.715000384043378e-8 1.781564268814945 -0.0635128821210576
		endloop
	endfacet
	facet normal 0.09442091713772292 0.949998780555106 -0.2976356956930455
		outer loop
			vertex -5.715000384043378e-8 1.781564268814945 -0.0635128821210576
			vertex 0.06004514545202255 1.757434151811726 -0.1214832763915772
			vertex -5.715000384043378e-8 1.7626844869491016 -0.12377369763894776
		endloop
	endfacet
	facet normal 0.09464766609883186 0.8766277446201581 -0.4717686050006073
		outer loop
			vertex 0.06004514545202255 1.757434151811726 -0.1214832763915772
			vertex 0.05732107162475586 1.7292008511774946 -0.1744921490107476
			vertex -5.715000384043378e-8 1.7626844869491016 -0.12377369763894776
		endloop
	endfacet
	facet normal 0.09008076971398375 0.8749251852772579 -0.4758060267538571
		outer loop
			vertex -5.715000384043378e-8 1.7626844869491016 -0.12377369763894776
			vertex 0.05732107162475586 1.7292008511774946 -0.1744921490107476
			vertex -3.8100001376051296e-8 1.7334941739201466 -0.17744964305174662
		endloop
	endfacet
	facet normal 0.09024250094782309 0.7684223190446571 -0.6335482859393696
		outer loop
			vertex 0.05732107162475586 1.7292008511774946 -0.1744921490107476
			vertex 0.055950138717889786 1.6919405461124193 -0.21987995461095985
			vertex -3.8100001376051296e-8 1.7334941739201466 -0.17744964305174662
		endloop
	endfacet
	facet normal 0.08829816232672588 0.7673765125571619 -0.6350879643839359
		outer loop
			vertex -3.8100001376051296e-8 1.7334941739201466 -0.17744964305174662
			vertex 0.055950138717889786 1.6919405461124193 -0.21987995461095985
			vertex -3.8100001376051296e-8 1.6954637766652847 -0.22340175559872086
		endloop
	endfacet
	facet normal 0.08829732455999283 0.6353214899998283 -0.7671832811134152
		outer loop
			vertex -3.8100001376051296e-8 1.6954637766652847 -0.22340175559872086
			vertex 0.055950138717889786 1.6919405461124193 -0.21987995461095985
			vertex -3.8100001376051296e-8 1.649527180909481 -0.2614428693450234
		endloop
	endfacet
	facet normal -0.09027876973911851 0.6352081960116236 -0.7670464728124692
		outer loop
			vertex -3.8100001376051296e-8 1.649527180909481 -0.2614428693450234
			vertex -0.05732107162475586 1.6465666183827514 -0.25714808549323515
			vertex -3.8100001376051296e-8 1.6954637766652847 -0.22340175559872086
		endloop
	endfacet
	facet normal -0.29310686904926214 0.0946480045341541 0.9513832658575836
		outer loop
			vertex -0.12386639416217804 1.471490183744471 0.2903780433273719
			vertex -0.06253459304571152 1.5340247645434029 0.3030522192816143
			vertex -0.12158294767141342 1.5313367115038452 0.28512772964367417
		endloop
	endfacet
	facet normal -0.29004718072650276 0.2900473167973608 0.9120006507515547
		outer loop
			vertex -0.06253459304571152 1.5340247645434029 0.3030522192816143
			vertex -0.05984647199511528 1.5930731842991133 0.2851277213488334
			vertex -0.12158294767141342 1.5313367115038452 0.28512772964367417
		endloop
	endfacet
	facet normal -0.09464797081055108 0.2931067948377566 0.9513832920760078
		outer loop
			vertex -0.06253459304571152 1.5340247645434029 0.3030522192816143
			vertex 1.9050000688025648e-8 1.5953566392526857 0.2903780266848188
			vertex -0.05984647199511528 1.5930731842991133 0.2851277213488334
		endloop
	endfacet
	facet normal -0.09485290691264185 0.4772627787271688 0.8736264453940501
		outer loop
			vertex 1.9050000688025648e-8 1.5953566392526857 0.2903780266848188
			vertex -3.8100001376051296e-8 1.648899614127609 0.26112745336976473
			vertex -0.05984647199511528 1.5930731842991133 0.2851277213488334
		endloop
	endfacet
	facet normal -0.09034515741326596 0.4735117778811282 0.8761417400967869
		outer loop
			vertex -0.05984647199511528 1.5930731842991133 0.2851277213488334
			vertex -3.8100001376051296e-8 1.648899614127609 0.26112745336976473
			vertex -0.057126663625240326 1.6459466798423477 0.25683264051018057
		endloop
	endfacet
	facet normal -0.09050441045100792 0.6347483750673975 0.7674004508978439
		outer loop
			vertex -3.8100001376051296e-8 1.648899614127609 0.26112745336976473
			vertex -3.8100001376051296e-8 1.6947187785142155 0.2232285439968069
			vertex -0.057126663625240326 1.6459466798423477 0.25683264051018057
		endloop
	endfacet
	facet normal -0.08828212363373868 0.6332025937626251 0.7689348099149899
		outer loop
			vertex -0.057126663625240326 1.6459466798423477 0.25683264051018057
			vertex -3.8100001376051296e-8 1.6947187785142155 0.2232285439968069
			vertex -0.0557638481259346 1.6912077063655993 0.2197175472974837
		endloop
	endfacet
	facet normal -0.08830054960218635 0.767553733034467 0.6348734360837649
		outer loop
			vertex -3.8100001376051296e-8 1.7326175563654531 0.17740941412960076
			vertex -0.0557638481259346 1.6912077063655993 0.2197175472974837
			vertex -3.8100001376051296e-8 1.6947187785142155 0.2232285439968069
		endloop
	endfacet
	facet normal -0.09052085049374178 0.7687468273756478 0.6331147534418748
		outer loop
			vertex -0.05712626501917839 1.728322802317018 0.17445649589958692
			vertex -0.0557638481259346 1.6912077063655993 0.2197175472974837
			vertex -3.8100001376051296e-8 1.7326175563654531 0.17740941412960076
		endloop
	endfacet
	facet normal -0.09038724915433181 0.8739908765516172 0.4774621376558027
		outer loop
			vertex -5.715000384043378e-8 1.761868174897207 0.12386637178987249
			vertex -0.05712626501917839 1.728322802317018 0.17445649589958692
			vertex -3.8100001376051296e-8 1.7326175563654531 0.17740941412960076
		endloop
	endfacet
	facet normal -0.09488897094691891 0.8756713734187548 0.4734931139600099
		outer loop
			vertex -0.05984647199511528 1.7566178391452916 0.12158292569773557
			vertex -0.05712626501917839 1.728322802317018 0.17445649589958692
			vertex -5.715000384043378e-8 1.761868174897207 0.12386637178987249
		endloop
	endfacet
	facet normal -0.09469480682383535 0.9500498078815204 0.29738570258989033
		outer loop
			vertex -5.715000384043378e-8 1.780661394643975 0.0638281969401739
			vertex -0.05984647199511528 1.7566178391452916 0.12158292569773557
			vertex -5.715000384043378e-8 1.761868174897207 0.12386637178987249
		endloop
	endfacet
	facet normal -0.09911136820713472 0.9509100227394482 0.29316729924357465
		outer loop
			vertex -0.06253459304571152 1.7745423808153784 0.06253456073004261
			vertex -0.05984647199511528 1.7566178391452916 0.12158292569773557
			vertex -5.715000384043378e-8 1.780661394643975 0.0638281969401739
		endloop
	endfacet
	facet normal -0.0990986763601051 0.9883645400585643 0.11539059016444006
		outer loop
			vertex -5.715000384043378e-8 1.7881132789684238 -4.254111655837834e-8
			vertex -0.06253459304571152 1.7745423808153784 0.06253456073004261
			vertex -5.715000384043378e-8 1.780661394643975 0.0638281969401739
		endloop
	endfacet
	facet normal -0.09736189387892587 0.9883336535582657 0.11712066796461987
		outer loop
			vertex -0.06177010387182236 1.7820282399657255 -4.1723537785751965e-8
			vertex -0.06253459304571152 1.7745423808153784 0.06253456073004261
			vertex -5.715000384043378e-8 1.7881132789684238 -4.254111655837834e-8
		endloop
	endfacet
	facet normal -0.0975244865712197 0.9899841243245213 -0.10208040019725079
		outer loop
			vertex -5.715000384043378e-8 1.7881132789684238 -4.254111655837834e-8
			vertex -5.715000384043378e-8 1.781564268814945 -0.0635128821210576
			vertex -0.06177010387182236 1.7820282399657255 -4.1723537785751965e-8
		endloop
	endfacet
	facet normal -0.09905608692180295 0.9896775314118171 -0.10356773369323219
		outer loop
			vertex -0.06177010387182236 1.7820282399657255 -4.1723537785751965e-8
			vertex -5.715000384043378e-8 1.781564268814945 -0.0635128821210576
			vertex -0.0627468004822731 1.7754204597998116 -0.06220883580081531
		endloop
	endfacet
	facet normal -0.0991583132185388 0.9495591567113083 -0.29749796104404364
		outer loop
			vertex -5.715000384043378e-8 1.781564268814945 -0.0635128821210576
			vertex -5.715000384043378e-8 1.7626844869491016 -0.12377369763894776
			vertex -0.0627468004822731 1.7754204597998116 -0.06220883580081531
		endloop
	endfacet
	facet normal -0.875671441100449 -0.09488828778385355 0.4734931256972072
		outer loop
			vertex -0.2851276993751526 1.411643632600561 0.12158297204806928
			vertex -0.25683262944221497 1.4143635192204225 0.17445653808279155
			vertex -0.29037800431251526 1.4714901613721614 0.12386641080472512
		endloop
	endfacet
	facet normal -0.8739912443695779 -0.09038740973453648 0.4774614339680201
		outer loop
			vertex -0.29037800431251526 1.4714901613721614 0.12386641080472512
			vertex -0.25683262944221497 1.4143635192204225 0.17445653808279155
			vertex -0.26112744212150574 1.471490168566142 0.1774094492143733
		endloop
	endfacet
	facet normal -0.7687465205681351 -0.09052088736908108 0.6331151207042051
		outer loop
			vertex -0.25683262944221497 1.4143635192204225 0.17445653808279155
			vertex -0.21971754729747772 1.4157263260828927 0.21971758431084198
			vertex -0.26112744212150574 1.471490168566142 0.1774094492143733
		endloop
	endfacet
	facet normal -0.7675527820579721 -0.08829939266161116 0.63487474671045
		outer loop
			vertex -0.26112744212150574 1.471490168566142 0.1774094492143733
			vertex -0.21971754729747772 1.4157263260828927 0.21971758431084198
			vertex -0.2232285439968109 1.4714901747223461 0.22322857398954282
		endloop
	endfacet
	facet normal -0.6348748360197607 -0.08829937704266902 0.767552709983333
		outer loop
			vertex -0.2232285439968109 1.4714901747223461 0.22322857398954282
			vertex -0.21971754729747772 1.4157263260828927 0.21971758431084198
			vertex -0.17740942537784576 1.471490179814399 0.26112747720629026
		endloop
	endfacet
	facet normal -0.634748702463765 0.09050430381137763 0.767400192671454
		outer loop
			vertex -0.17740942537784576 1.471490179814399 0.26112747720629026
			vertex -0.17445650696754456 1.5286168281863215 0.25683265627448315
			vertex -0.2232285439968109 1.4714901747223461 0.22322857398954282
		endloop
	endfacet
	facet normal -0.4735113384908812 0.09034510901518836 0.8761419825562566
		outer loop
			vertex -0.17740942537784576 1.471490179814399 0.26112747720629026
			vertex -0.12158294767141342 1.5313367115038452 0.28512772964367417
			vertex -0.17445650696754456 1.5286168281863215 0.25683265627448315
		endloop
	endfacet
	facet normal -0.4644219584967121 0.27684932494397485 0.8412292765614758
		outer loop
			vertex -0.12158294767141342 1.5313367115038452 0.28512772964367417
			vertex -0.11648111045360565 1.587971262313622 0.2693058457668194
			vertex -0.17445650696754456 1.5286168281863215 0.25683265627448315
		endloop
	endfacet
	facet normal -0.2816241566247221 0.2816242930098557 0.9172652789635686
		outer loop
			vertex -0.12158294767141342 1.5313367115038452 0.28512772964367417
			vertex -0.05984647199511528 1.5930731842991133 0.2851277213488334
			vertex -0.11648111045360565 1.587971262313622 0.2693058457668194
		endloop
	endfacet
	facet normal -0.276849444007647 0.4644221681147413 0.8412291216525138
		outer loop
			vertex -0.05984647199511528 1.5930731842991133 0.2851277213488334
			vertex -0.057126663625240326 1.6459466798423477 0.25683264051018057
			vertex -0.11648111045360565 1.587971262313622 0.2693058457668194
		endloop
	endfacet
	facet normal -0.26745502829367557 0.4563962365246514 0.8486284717864254
		outer loop
			vertex -0.11648111045360565 1.587971262313622 0.2693058457668194
			vertex -0.057126663625240326 1.6459466798423477 0.25683264051018057
			vertex -0.1107407808303833 1.6384826258619112 0.24394973656384047
		endloop
	endfacet
	facet normal -0.26407326096831324 0.6163236655118759 0.7418965238977513
		outer loop
			vertex -0.057126663625240326 1.6459466798423477 0.25683264051018057
			vertex -0.0557638481259346 1.6912077063655993 0.2197175472974837
			vertex -0.1107407808303833 1.6384826258619112 0.24394973656384047
		endloop
	endfacet
	facet normal -0.2587523795758011 0.6129246237337134 0.7465725763010228
		outer loop
			vertex -0.1107407808303833 1.6384826258619112 0.24394973656384047
			vertex -0.0557638481259346 1.6912077063655993 0.2197175472974837
			vertex -0.10774150490760803 1.6813148823952584 0.20982462167739066
		endloop
	endfacet
	facet normal -0.25888268476408766 0.7430623536803307 0.6171208099492234
		outer loop
			vertex -0.05712626501917839 1.728322802317018 0.17445649589958692
			vertex -0.10774150490760803 1.6813148823952584 0.20982462167739066
			vertex -0.0557638481259346 1.6912077063655993 0.2197175472974837
		endloop
	endfacet
	facet normal -0.2642931304998389 0.7452044546805083 0.6122250092040682
		outer loop
			vertex -0.11074153333902359 1.7154398516614577 0.16699238577636782
			vertex -0.10774150490760803 1.6813148823952584 0.20982462167739066
			vertex -0.05712626501917839 1.728322802317018 0.17445649589958692
		endloop
	endfacet
	facet normal -0.26751993561698 0.8437602570510253 0.4652974453708886
		outer loop
			vertex -0.05984647199511528 1.7566178391452916 0.12158292569773557
			vertex -0.11074153333902359 1.7154398516614577 0.16699238577636782
			vertex -0.05712626501917839 1.728322802317018 0.17445649589958692
		endloop
	endfacet
	facet normal -0.2773276860855025 0.8456549741001286 0.45602304690681184
		outer loop
			vertex -0.11648111045360565 1.7407960217969654 0.1164810899202517
			vertex -0.11074153333902359 1.7154398516614577 0.16699238577636782
			vertex -0.05984647199511528 1.7566178391452916 0.12158292569773557
		endloop
	endfacet
	facet normal -0.28164590764384917 0.9145094471594192 0.2904273640062963
		outer loop
			vertex -0.06253459304571152 1.7745423808153784 0.06253456073004261
			vertex -0.11648111045360565 1.7407960217969654 0.1164810899202517
			vertex -0.05984647199511528 1.7566178391452916 0.12158292569773557
		endloop
	endfacet
	facet normal -0.2645593622666995 -0.7451460475702215 -0.6121811101524732
		outer loop
			vertex -0.11110716313123703 1.2267348213074218 -0.16701712159903143
			vertex -0.10810329020023346 1.2609527738163835 -0.20996531836453824
			vertex -0.05732068791985512 1.2137793913926185 -0.17449207975931894
		endloop
	endfacet
	facet normal -0.2585906238517195 -0.74278143475801 -0.6175812735460903
		outer loop
			vertex -0.05732068791985512 1.2137793913926185 -0.17449207975931894
			vertex -0.10810329020023346 1.2609527738163835 -0.20996531836453824
			vertex -0.055950138717889786 1.2510396842611868 -0.21987989537203215
		endloop
	endfacet
	facet normal -0.2585996310743321 -0.6177699480106696 -0.7426213854603931
		outer loop
			vertex -0.055950138717889786 1.2510396842611868 -0.21987989537203215
			vertex -0.10810329020023346 1.2609527738163835 -0.20996531836453824
			vertex -0.05732107162475586 1.2964136019762473 -0.25714803844708256
		endloop
	endfacet
	facet normal -0.09029354104908528 -0.6337410108760149 -0.7682573836798865
		outer loop
			vertex 7.620000275210259e-8 1.293453038295434 -0.2614428215033152
			vertex -0.055950138717889786 1.2510396842611868 -0.21987989537203215
			vertex -0.05732107162475586 1.2964136019762473 -0.25714803844708256
		endloop
	endfacet
	facet normal -0.09013526098083592 -0.47646883694974146 -0.8745587928456712
		outer loop
			vertex 7.620000275210259e-8 1.293453038295434 -0.2614428215033152
			vertex -0.05732107162475586 1.2964136019762473 -0.25714803844708256
			vertex 5.715000384043378e-8 1.3471992650321936 -0.29072432966047274
		endloop
	endfacet
	facet normal 0.09472173440969539 -0.47626510338433464 -0.8741849600220359
		outer loop
			vertex 5.715000384043378e-8 1.3471992650321936 -0.29072432966047274
			vertex 0.06004514545202255 1.3495044160793752 -0.2854740541297288
			vertex 7.620000275210259e-8 1.293453038295434 -0.2614428215033152
		endloop
	endfacet
	facet normal 0.09009157546711201 -0.4724100669220666 -0.876762360449251
		outer loop
			vertex 7.620000275210259e-8 1.293453038295434 -0.2614428215033152
			vertex 0.06004514545202255 1.3495044160793752 -0.2854740541297288
			vertex 0.05732068791985512 1.2964136019762473 -0.25714803844708256
		endloop
	endfacet
	facet normal 0.2764683817858108 -0.46338720851677795 -0.8419248950207872
		outer loop
			vertex 0.06004514545202255 1.3495044160793752 -0.2854740541297288
			vertex 0.11687611788511276 1.3546139674641628 -0.26962434317588985
			vertex 0.05732068791985512 1.2964136019762473 -0.25714803844708256
		endloop
	endfacet
	facet normal 0.2677815186441315 -0.4559629771700538 -0.8487584000897216
		outer loop
			vertex 0.05732068791985512 1.2964136019762473 -0.25714803844708256
			vertex 0.11687611788511276 1.3546139674641628 -0.26962434317588985
			vertex 0.11110716313123703 1.3039055509424975 -0.24420327977606401
		endloop
	endfacet
	facet normal 0.44172013692182854 -0.4417204738525734 -0.780875370092577
		outer loop
			vertex 0.11687611788511276 1.3546139674641628 -0.26962434317588985
			vertex 0.16758450865745544 1.3603828668040396 -0.2442032873642906
			vertex 0.11110716313123703 1.3039055509424975 -0.24420327977606401
		endloop
	endfacet
	facet normal 0.4313645201249503 -0.4313648531607168 -0.792369241095971
		outer loop
			vertex 0.11110716313123703 1.3039055509424975 -0.24420327977606401
			vertex 0.16758450865745544 1.3603828668040396 -0.2442032873642906
			vertex 0.15782763063907623 1.3136624776789774 -0.22408039267926458
		endloop
	endfacet
	facet normal 0.5832025876159757 -0.42101186685981523 -0.6947112707889829
		outer loop
			vertex 0.16758450865745544 1.3603828668040396 -0.2442032873642906
			vertex 0.21053732931613922 1.3633868266952096 -0.20996533212745863
			vertex 0.15782763063907623 1.3136624776789774 -0.22408039267926458
		endloop
	endfacet
	facet normal 0.5768689719410836 -0.4111444967606477 -0.7058203680789266
		outer loop
			vertex 0.15782763063907623 1.3136624776789774 -0.22408039267926458
			vertex 0.21053732931613922 1.3633868266952096 -0.20996533212745863
			vertex 0.19627538323402405 1.3189374932595148 -0.19572966380884127
		endloop
	endfacet
	facet normal 0.6985461079152391 -0.41159884371787014 -0.5853372762489877
		outer loop
			vertex 0.24475519359111786 1.3603828771746809 -0.16701713955582898
			vertex 0.19627538323402405 1.3189374932595148 -0.19572966380884127
			vertex 0.21053732931613922 1.3633868266952096 -0.20996533212745863
		endloop
	endfacet
	facet normal 0.7008309801207186 -0.4206944016659068 -0.5760661053299331
		outer loop
			vertex 0.22464469075202942 1.313662486642937 -0.1573638319346043
			vertex 0.19627538323402405 1.3189374932595148 -0.19572966380884127
			vertex 0.24475519359111786 1.3603828771746809 -0.16701713955582898
		endloop
	endfacet
	facet normal 0.7869440263264638 -0.4301390448755739 -0.44237936378477577
		outer loop
			vertex 0.2700819671154022 1.3546139880573427 -0.11635433875464235
			vertex 0.22464469075202942 1.313662486642937 -0.1573638319346043
			vertex 0.24475519359111786 1.3603828771746809 -0.16701713955582898
		endloop
	endfacet
	facet normal 0.7869426013697879 -0.44192329407540204 -0.43061019995222705
		outer loop
			vertex 0.24475519359111786 1.303905568893478 -0.11059851923847089
			vertex 0.22464469075202942 1.313662486642937 -0.1573638319346043
			vertex 0.2700819671154022 1.3546139880573427 -0.11635433875464235
		endloop
	endfacet
	facet normal 0.8466441373823883 -0.4543180090536991 -0.2771080137518851
		outer loop
			vertex 0.28594404458999634 1.3495044464390953 -0.059514078299914286
			vertex 0.24475519359111786 1.303905568893478 -0.11059851923847089
			vertex 0.2700819671154022 1.3546139880573427 -0.11635433875464235
		endloop
	endfacet
	facet normal 0.09444131603976097 -0.2930333601532783 -0.9514264488976315
		outer loop
			vertex 5.715000384043378e-8 1.3471992650321936 -0.29072432966047274
			vertex 0.0627468004822731 1.4087433322983232 -0.3034510935895335
			vertex 0.06004514545202255 1.3495044160793752 -0.2854740541297288
		endloop
	endfacet
	facet normal 0.2899971016016647 -0.28999715029503836 -0.9120325289612158
		outer loop
			vertex 0.0627468004822731 1.4087433322983232 -0.3034510935895335
			vertex 0.12198568880558014 1.411444975205775 -0.2854740624519904
			vertex 0.06004514545202255 1.3495044160793752 -0.2854740541297288
		endloop
	endfacet
	facet normal 0.2811747875283575 -0.2811748392083967 -0.917540979278046
		outer loop
			vertex 0.06004514545202255 1.3495044160793752 -0.2854740541297288
			vertex 0.12198568880558014 1.411444975205775 -0.2854740624519904
			vertex 0.11687611788511276 1.3546139674641628 -0.26962434317588985
		endloop
	endfacet
	facet normal 0.4633857042533988 -0.27646857093392735 -0.8419256608390874
		outer loop
			vertex 0.12198568880558014 1.411444975205775 -0.2854740624519904
			vertex 0.1750764697790146 1.4141690308531498 -0.25714805426856524
			vertex 0.11687611788511276 1.3546139674641628 -0.26962434317588985
		endloop
	endfacet
	facet normal 0.4559627711023337 -0.26778317308875055 -0.8487579888161297
		outer loop
			vertex 0.11687611788511276 1.3546139674641628 -0.26962434317588985
			vertex 0.1750764697790146 1.4141690308531498 -0.25714805426856524
			vertex 0.16758450865745544 1.3603828668040396 -0.2442032873642906
		endloop
	endfacet
	facet normal 0.6168859582983695 -0.2643442234663836 -0.7413324800480937
		outer loop
			vertex 0.1750764697790146 1.4141690308531498 -0.25714805426856524
			vertex 0.22045034170150757 1.4155400620837866 -0.21987991747411187
			vertex 0.16758450865745544 1.3603828668040396 -0.2442032873642906
		endloop
	endfacet
	facet normal 0.6131243327077142 -0.2584549568232034 -0.7465116127263102
		outer loop
			vertex 0.16758450865745544 1.3603828668040396 -0.2442032873642906
			vertex 0.22045034170150757 1.4155400620837866 -0.21987991747411187
			vertex 0.21053732931613922 1.3633868266952096 -0.20996533212745863
		endloop
	endfacet
	facet normal 0.7427793783732867 -0.25858938538812876 -0.6175842653662605
		outer loop
			vertex 0.2577107548713684 1.414169041958707 -0.17449210668343962
			vertex 0.21053732931613922 1.3633868266952096 -0.20996533212745863
			vertex 0.22045034170150757 1.4155400620837866 -0.21987991747411187
		endloop
	endfacet
	facet normal 0.7451457378314805 -0.26456259479884625 -0.6121800901898723
		outer loop
			vertex 0.24475519359111786 1.3603828771746809 -0.16701713955582898
			vertex 0.21053732931613922 1.3633868266952096 -0.20996533212745863
			vertex 0.2577107548713684 1.414169041958707 -0.17449210668343962
		endloop
	endfacet
	facet normal 0.8445832476995625 -0.267865586247666 -0.4636023785631971
		outer loop
			vertex 0.28594404458999634 1.4114449972393928 -0.12148322990487626
			vertex 0.24475519359111786 1.3603828771746809 -0.16701713955582898
			vertex 0.2577107548713684 1.414169041958707 -0.17449210668343962
		endloop
	endfacet
	facet normal 0.8463908652601644 -0.27727073212897835 -0.4546904928726912
		outer loop
			vertex 0.2700819671154022 1.3546139880573427 -0.11635433875464235
			vertex 0.24475519359111786 1.3603828771746809 -0.16701713955582898
			vertex 0.28594404458999634 1.4114449972393928 -0.12148322990487626
		endloop
	endfacet
	facet normal 0.9145865358517737 -0.2814735312889462 -0.2903517170990779
		outer loop
			vertex 0.3039303123950958 1.4087433647113594 -0.062208786534506705
			vertex 0.2700819671154022 1.3546139880573427 -0.11635433875464235
			vertex 0.28594404458999634 1.4114449972393928 -0.12148322990487626
		endloop
	endfacet
	facet normal 0.9145847285359363 -0.2904863365699367 -0.28134047450558025
		outer loop
			vertex 0.28594404458999634 1.3495044464390953 -0.059514078299914286
			vertex 0.2700819671154022 1.3546139880573427 -0.11635433875464235
			vertex 0.3039303123950958 1.4087433647113594 -0.062208786534506705
		endloop
	endfacet
	facet normal 0.9508909679110277 -0.2932213796991607 -0.09913420011555002
		outer loop
			vertex 0.31007418036460876 1.4074462566909585 0.0005595452456019606
			vertex 0.28594404458999634 1.3495044464390953 -0.059514078299914286
			vertex 0.3039303123950958 1.4087433647113594 -0.062208786534506705
		endloop
	endfacet
	facet normal 0.9499762775411812 -0.2976988553951847 -0.09444820594059926
		outer loop
			vertex 0.29119428992271423 1.3471993041687578 0.0005595533403125245
			vertex 0.28594404458999634 1.3495044464390953 -0.059514078299914286
			vertex 0.31007418036460876 1.4074462566909585 0.0005595452456019606
		endloop
	endfacet
	facet normal 0.9479506589464856 -0.2970640490181267 0.11464073876192499
		outer loop
			vertex 0.31007418036460876 1.4074462566909585 0.0005595452456019606
			vertex 0.3030521869659424 1.4089555740356476 0.06253460984986134
			vertex 0.29119428992271423 1.3471993041687578 0.0005595533403125245
		endloop
	endfacet
	facet normal 0.9496078080848959 -0.293292257815086 0.11056519493009055
		outer loop
			vertex 0.29119428992271423 1.3471993041687578 0.0005595533403125245
			vertex 0.3030521869659424 1.4089555740356476 0.06253460984986134
			vertex 0.2851276993751526 1.3499071515104506 0.059846496371769656
		endloop
	endfacet
	facet normal 0.9120007206476971 -0.2900471261566377 0.2900471515915244
		outer loop
			vertex 0.3030521869659424 1.4089555740356476 0.06253460984986134
			vertex 0.2851276993751526 1.411643632600561 0.12158297204806928
			vertex 0.2851276993751526 1.3499071515104506 0.059846496371769656
		endloop
	endfacet
	facet normal 0.9884792144193841 -0.09909024682798737 0.11441138773918337
		outer loop
			vertex 0.31007418036460876 1.4074462566909585 0.0005595452456019606
			vertex 0.30917128920555115 1.4714901533054503 0.0638278510498197
			vertex 0.3030521869659424 1.4089555740356476 0.06253460984986134
		endloop
	endfacet
	facet normal 0.9882701346043323 -0.1000491053947102 0.11537901697818993
		outer loop
			vertex 0.31662309169769287 1.4714901447296143 0
			vertex 0.30917128920555115 1.4714901533054503 0.0638278510498197
			vertex 0.31007418036460876 1.4074462566909585 0.0005595452456019606
		endloop
	endfacet
	facet normal 0.9898378051750043 -0.10208238814060556 -0.09899649225018488
		outer loop
			vertex 0.31007418036460876 1.4074462566909585 0.0005595452456019606
			vertex 0.3039303123950958 1.4087433647113594 -0.062208786534506705
			vertex 0.31662309169769287 1.4714901447296143 0
		endloop
	endfacet
	facet normal 0.9898352838824801 -0.09904116903310277 -0.10206349796987355
		outer loop
			vertex 0.31662309169769287 1.4714901447296143 0
			vertex 0.3039303123950958 1.4087433647113594 -0.062208786534506705
			vertex 0.31007418036460876 1.4714901361961028 -0.06351284045985729
		endloop
	endfacet
	facet normal 0.9509299688234999 -0.09920143906906358 -0.29307212231797924
		outer loop
			vertex 0.3039303123950958 1.4087433647113594 -0.062208786534506705
			vertex 0.28594404458999634 1.4114449972393928 -0.12148322990487626
			vertex 0.31007418036460876 1.4714901361961028 -0.06351284045985729
		endloop
	endfacet
	facet normal 0.9499984119853329 -0.09441967330696323 -0.29763726668203444
		outer loop
			vertex 0.31007418036460876 1.4714901361961028 -0.06351284045985729
			vertex 0.28594404458999634 1.4114449972393928 -0.12148322990487626
			vertex 0.29119428992271423 1.4714901280995292 -0.12377365851441192
		endloop
	endfacet
	facet normal 0.8766279762173028 -0.09464653839108077 -0.47176840089575917
		outer loop
			vertex 0.28594404458999634 1.4114449972393928 -0.12148322990487626
			vertex 0.2577107548713684 1.414169041958707 -0.17449210668343962
			vertex 0.29119428992271423 1.4714901280995292 -0.12377365851441192
		endloop
	endfacet
	facet normal 0.8749257038279998 -0.09008041274890989 -0.47580514080878267
		outer loop
			vertex 0.29119428992271423 1.4714901280995292 -0.12377365851441192
			vertex 0.2577107548713684 1.414169041958707 -0.17449210668343962
			vertex 0.2620040476322174 1.4714901208876912 -0.17744960784918637
		endloop
	endfacet
	facet normal 0.7684213936144523 -0.09024221694044683 -0.633549448833551
		outer loop
			vertex 0.2577107548713684 1.414169041958707 -0.17449210668343962
			vertex 0.22045034170150757 1.4155400620837866 -0.21987991747411187
			vertex 0.2620040476322174 1.4714901208876912 -0.17744960784918637
		endloop
	endfacet
	facet normal 0.7673768694171764 -0.08830025466520793 -0.6350872422821556
		outer loop
			vertex 0.2620040476322174 1.4714901208876912 -0.17744960784918637
			vertex 0.22045034170150757 1.4155400620837866 -0.21987991747411187
			vertex 0.22397370636463165 1.471490114713618 -0.22340172550587978
		endloop
	endfacet
	facet normal 0.6338196362940559 -0.08828279903148407 -0.7684261942719272
		outer loop
			vertex 0.1750764697790146 1.4141690308531498 -0.25714805426856524
			vertex 0.22397370636463165 1.471490114713618 -0.22340172550587978
			vertex 0.22045034170150757 1.4155400620837866 -0.21987991747411187
		endloop
	endfacet
	facet normal 0.6352079588030828 -0.09027929148577217 -0.7670466078420842
		outer loop
			vertex 0.17803707718849182 1.4714901096024573 -0.26144284542416935
			vertex 0.22397370636463165 1.471490114713618 -0.22340172550587978
			vertex 0.1750764697790146 1.4141690308531498 -0.25714805426856524
		endloop
	endfacet
	facet normal 0.4724096706917166 -0.09009132318345386 -0.8767625998661202
		outer loop
			vertex 0.12198568880558014 1.411444975205775 -0.2854740624519904
			vertex 0.17803707718849182 1.4714901096024573 -0.26144284542416935
			vertex 0.1750764697790146 1.4141690308531498 -0.25714805426856524
		endloop
	endfacet
	facet normal 0.4762646246279317 -0.09472137596180892 -0.8741852596926563
		outer loop
			vertex 0.12429078668355942 1.4714901056682288 -0.29072434636004574
			vertex 0.17803707718849182 1.4714901096024573 -0.26144284542416935
			vertex 0.12198568880558014 1.411444975205775 -0.2854740624519904
		endloop
	endfacet
	facet normal 0.2930333437231953 -0.09444112446543246 -0.9514264729741908
		outer loop
			vertex 0.0627468004822731 1.4087433322983232 -0.3034510935895335
			vertex 0.12429078668355942 1.4714901056682288 -0.29072434636004574
			vertex 0.12198568880558014 1.411444975205775 -0.2854740624519904
		endloop
	endfacet
	facet normal 0.29704271430657425 -0.09871409131392098 -0.9497479423791608
		outer loop
			vertex 0.06404389441013336 1.4714901031365335 -0.3095671354422629
			vertex 0.12429078668355942 1.4714901056682288 -0.29072434636004574
			vertex 0.0627468004822731 1.4087433322983232 -0.3034510935895335
		endloop
	endfacet
	facet normal 0.09855762918122585 -0.09855774260178385 -0.9902387414676405
		outer loop
			vertex 1.9050000688025648e-8 1.407446215022699 -0.30956712683740045
			vertex 0.06404389441013336 1.4714901031365335 -0.3095671354422629
			vertex 0.0627468004822731 1.4087433322983232 -0.3034510935895335
		endloop
	endfacet
	facet normal 0.10886094430159197 -0.10886105538006212 -0.98807821827389
		outer loop
			vertex 0 1.4714901021884976 -0.3166231342388094
			vertex 0.06404389441013336 1.4714901031365335 -0.3095671354422629
			vertex 1.9050000688025648e-8 1.407446215022699 -0.30956712683740045
		endloop
	endfacet
	facet normal -0.4753260096462901 -0.8751881639154873 -0.09006032587090419
		outer loop
			vertex -0.17803707718849182 1.2094860917723402 0.000559590935415133
			vertex -0.1750764697790146 1.213779407207247 -0.056787665014617704
			vertex -0.12429078668355942 1.1802957859552232 0.0005595948573907181
		endloop
	endfacet
	facet normal -0.633668655161344 -0.7683240000807294 -0.0902345076229767
		outer loop
			vertex -0.17803707718849182 1.2094860917723402 0.000559590935415133
			vertex -0.22045034170150757 1.2510397063587322 -0.05541326495878048
			vertex -0.1750764697790146 1.213779407207247 -0.056787665014617704
		endloop
	endfacet
	facet normal -0.6177214338846165 -0.7426976208367363 -0.2584965650119646
		outer loop
			vertex -0.22045034170150757 1.2510397063587322 -0.05541326495878048
			vertex -0.21053732931613922 1.2609527875722464 -0.10758379208597785
			vertex -0.1750764697790146 1.213779407207247 -0.056787665014617704
		endloop
	endfacet
	facet normal -0.7466806172687043 -0.6129631389193274 -0.25834907803472457
		outer loop
			vertex -0.22045034170150757 1.2510397063587322 -0.05541326495878048
			vertex -0.24475519359111786 1.3039055688935801 -0.11059775927914789
			vertex -0.21053732931613922 1.2609527875722464 -0.10758379208597785
		endloop
	endfacet
	facet normal -0.6950120991065188 -0.5831829640183028 -0.42054228393156556
		outer loop
			vertex -0.24475519359111786 1.3039055688935801 -0.11059775927914789
			vertex -0.22464469075202942 1.313662486642937 -0.1573638319346043
			vertex -0.21053732931613922 1.2609527875722464 -0.10758379208597785
		endloop
	endfacet
	facet normal -0.7931446690484486 -0.43043053428721517 -0.43087247430446235
		outer loop
			vertex -0.24475519359111786 1.3039055688935801 -0.11059775927914789
			vertex -0.24475519359111786 1.3603828771746809 -0.16701713955582898
			vertex -0.22464469075202942 1.313662486642937 -0.1573638319346043
		endloop
	endfacet
	facet normal -0.6953158987764964 -0.41982317065282854 -0.5833389291755174
		outer loop
			vertex -0.24475519359111786 1.3603828771746809 -0.16701713955582898
			vertex -0.21053732931613922 1.3633868266952096 -0.20996533212745863
			vertex -0.22464469075202942 1.313662486642937 -0.1573638319346043
		endloop
	endfacet
	facet normal -0.7466544383047634 -0.2584457524735052 -0.6129542746308259
		outer loop
			vertex -0.24475519359111786 1.3603828771746809 -0.16701713955582898
			vertex -0.22045034170150757 1.4155400620837866 -0.21987991747411187
			vertex -0.21053732931613922 1.3633868266952096 -0.20996533212745863
		endloop
	endfacet
	facet normal -0.6177707592166518 -0.2585985191820193 -0.7426210978242865
		outer loop
			vertex -0.1750764697790146 1.4141690308531498 -0.25714805426856524
			vertex -0.21053732931613922 1.3633868266952096 -0.20996533212745863
			vertex -0.22045034170150757 1.4155400620837866 -0.21987991747411187
		endloop
	endfacet
	facet normal -0.6337414180850887 -0.09029423165788245 -0.7682569666022
		outer loop
			vertex -0.1750764697790146 1.4141690308531498 -0.25714805426856524
			vertex -0.22045034170150757 1.4155400620837866 -0.21987991747411187
			vertex -0.17803707718849182 1.4714901096024573 -0.26144284542416935
		endloop
	endfacet
	facet normal -0.476468265539434 -0.0901358459526475 -0.8745590438662472
		outer loop
			vertex -0.12429078668355942 1.4714901056682288 -0.29072434636004574
			vertex -0.1750764697790146 1.4141690308531498 -0.25714805426856524
			vertex -0.17803707718849182 1.4714901096024573 -0.26144284542416935
		endloop
	endfacet
	facet normal -0.4723917416469712 -0.09475589626930868 -0.8762804131931408
		outer loop
			vertex -0.12198568880558014 1.411444975205775 -0.2854740624519904
			vertex -0.1750764697790146 1.4141690308531498 -0.25714805426856524
			vertex -0.12429078668355942 1.4714901056682288 -0.29072434636004574
		endloop
	endfacet
	facet normal -0.2971668440149116 -0.0944872277710846 -0.9501389533149098
		outer loop
			vertex -0.06404426693916321 1.4714901031365335 -0.3095671354422629
			vertex -0.12198568880558014 1.411444975205775 -0.2854740624519904
			vertex -0.12429078668355942 1.4714901056682288 -0.29072434636004574
		endloop
	endfacet
	facet normal -0.29309165974427726 -0.09875332914492772 -0.950970587858078
		outer loop
			vertex -0.0627468004822731 1.4087433322983232 -0.3034510935895335
			vertex -0.12198568880558014 1.411444975205775 -0.2854740624519904
			vertex -0.06404426693916321 1.4714901031365335 -0.3095671354422629
		endloop
	endfacet
	facet normal -0.10897679533114661 -0.09866623814758027 -0.9891354970524303
		outer loop
			vertex 0 1.4714901021884976 -0.3166231342388094
			vertex -0.0627468004822731 1.4087433322983232 -0.3034510935895335
			vertex -0.06404426693916321 1.4714901031365335 -0.3095671354422629
		endloop
	endfacet
	facet normal -0.09866543529741 -0.10897760137774046 -0.9891354883308591
		outer loop
			vertex 1.9050000688025648e-8 1.407446215022699 -0.30956712683740045
			vertex -0.0627468004822731 1.4087433322983232 -0.3034510935895335
			vertex 0 1.4714901021884976 -0.3166231342388094
		endloop
	endfacet
	facet normal -0.09875150956497872 -0.29309165073425464 -0.9509707795871059
		outer loop
			vertex 1.9050000688025648e-8 1.407446215022699 -0.30956712683740045
			vertex -0.06004514545202255 1.3495044160793752 -0.2854740541297288
			vertex -0.0627468004822731 1.4087433322983232 -0.3034510935895335
		endloop
	endfacet
	facet normal -0.28119945777176164 -0.29039262291483864 -0.9146578537931589
		outer loop
			vertex -0.06004514545202255 1.3495044160793752 -0.2854740541297288
			vertex -0.11687611788511276 1.3546139674641628 -0.26962434317588985
			vertex -0.0627468004822731 1.4087433322983232 -0.3034510935895335
		endloop
	endfacet
	facet normal -0.7049700606716375 -0.4112553415834797 -0.5778289172200395
		outer loop
			vertex -0.22464469075202942 1.313662486642937 -0.1573638319346043
			vertex -0.21053732931613922 1.3633868266952096 -0.20996533212745863
			vertex -0.19627538323402405 1.3189374932595148 -0.19572966380884127
		endloop
	endfacet
	facet normal -0.5855071030257721 -0.41155003241890065 -0.6984325329782183
		outer loop
			vertex -0.16758450865745544 1.3603828668040396 -0.2442032873642906
			vertex -0.19627538323402405 1.3189374932595148 -0.19572966380884127
			vertex -0.21053732931613922 1.3633868266952096 -0.20996533212745863
		endloop
	endfacet
	facet normal -0.6123468186863652 -0.26459403834220807 -0.7449975627600738
		outer loop
			vertex -0.16758450865745544 1.3603828668040396 -0.2442032873642906
			vertex -0.21053732931613922 1.3633868266952096 -0.20996533212745863
			vertex -0.1750764697790146 1.4141690308531498 -0.25714805426856524
		endloop
	endfacet
	facet normal -0.46419158215945355 -0.26784807324717663 -0.8442651151801066
		outer loop
			vertex -0.12198568880558014 1.411444975205775 -0.2854740624519904
			vertex -0.16758450865745544 1.3603828668040396 -0.2442032873642906
			vertex -0.1750764697790146 1.4141690308531498 -0.25714805426856524
		endloop
	endfacet
	facet normal -0.7056773023352683 -0.5770947138184416 -0.4110732735798199
		outer loop
			vertex -0.21053732931613922 1.2609527875722464 -0.10758379208597785
			vertex -0.22464469075202942 1.313662486642937 -0.1573638319346043
			vertex -0.19627538323402405 1.2752147444920985 -0.15208882989860686
		endloop
	endfacet
	facet normal -0.6367547156979139 -0.5447148371299682 -0.5457372795099684
		outer loop
			vertex -0.22464469075202942 1.313662486642937 -0.1573638319346043
			vertex -0.19627538323402405 1.3189374932595148 -0.19572966380884127
			vertex -0.19627538323402405 1.2752147444920985 -0.15208882989860686
		endloop
	endfacet
	facet normal -0.6662018866686146 -0.5268453627496973 -0.527834263711933
		outer loop
			vertex -0.19627538323402405 1.2752147444920985 -0.15208882989860686
			vertex -0.19627538323402405 1.3189374932595148 -0.19572966380884127
			vertex -0.18290391564369202 1.2885860906089748 -0.1823118179240889
		endloop
	endfacet
	facet normal -0.5496743356254029 -0.5282561742533008 -0.6471503218866836
		outer loop
			vertex -0.15782763063907623 1.3136624776789774 -0.22408039267926458
			vertex -0.18290391564369202 1.2885860906089748 -0.1823118179240889
			vertex -0.19627538323402405 1.3189374932595148 -0.19572966380884127
		endloop
	endfacet
	facet normal -0.5748422738641625 -0.4219971972409981 -0.701052584118639
		outer loop
			vertex -0.15782763063907623 1.3136624776789774 -0.22408039267926458
			vertex -0.19627538323402405 1.3189374932595148 -0.19572966380884127
			vertex -0.16758450865745544 1.3603828668040396 -0.2442032873642906
		endloop
	endfacet
	facet normal -0.4430921723140264 -0.43108209836666006 -0.7860264316814253
		outer loop
			vertex -0.11687611788511276 1.3546139674641628 -0.26962434317588985
			vertex -0.15782763063907623 1.3136624776789774 -0.22408039267926458
			vertex -0.16758450865745544 1.3603828668040396 -0.2442032873642906
		endloop
	endfacet
	facet normal -0.4556223873862992 -0.2769091243517169 -0.8460080241718603
		outer loop
			vertex -0.11687611788511276 1.3546139674641628 -0.26962434317588985
			vertex -0.16758450865745544 1.3603828668040396 -0.2442032873642906
			vertex -0.12198568880558014 1.411444975205775 -0.2854740624519904
		endloop
	endfacet
	facet normal -0.2903925755871598 -0.28119951210610294 -0.9146578521147377
		outer loop
			vertex -0.0627468004822731 1.4087433322983232 -0.3034510935895335
			vertex -0.11687611788511276 1.3546139674641628 -0.26962434317588985
			vertex -0.12198568880558014 1.411444975205775 -0.2854740624519904
		endloop
	endfacet
	facet normal -0.27690901611327745 -0.45562254745947134 -0.8460079733913379
		outer loop
			vertex -0.06004514545202255 1.3495044160793752 -0.2854740541297288
			vertex -0.11110716313123703 1.3039055509424975 -0.24420327977606401
			vertex -0.11687611788511276 1.3546139674641628 -0.26962434317588985
		endloop
	endfacet
	facet normal -0.43108177490956884 -0.4430924965331158 -0.7860264263094892
		outer loop
			vertex -0.11110716313123703 1.3039055509424975 -0.24420327977606401
			vertex -0.15782763063907623 1.3136624776789774 -0.22408039267926458
			vertex -0.11687611788511276 1.3546139674641628 -0.26962434317588985
		endloop
	endfacet
	facet normal -0.4219970215517429 -0.5748422656427706 -0.7010526966156996
		outer loop
			vertex -0.11110716313123703 1.3039055509424975 -0.24420327977606401
			vertex -0.15255264937877655 1.2752147386285675 -0.19572965793430272
			vertex -0.15782763063907623 1.3136624776789774 -0.22408039267926458
		endloop
	endfacet
	facet normal -0.5282562812478908 -0.5496741949724527 -0.6471503540163873
		outer loop
			vertex -0.15255264937877655 1.2752147386285675 -0.19572965793430272
			vertex -0.18290391564369202 1.2885860906089748 -0.1823118179240889
			vertex -0.15782763063907623 1.3136624776789774 -0.22408039267926458
		endloop
	endfacet
	facet normal -0.5281926579021223 -0.6464094616739491 -0.550606323970845
		outer loop
			vertex -0.15782763063907623 1.2468453132443775 -0.15736382295712648
			vertex -0.18290391564369202 1.2885860906089748 -0.1823118179240889
			vertex -0.15255264937877655 1.2752147386285675 -0.19572965793430272
		endloop
	endfacet
	facet normal -0.5496059263220884 -0.646461486077118 -0.5291699847597211
		outer loop
			vertex -0.19627538323402405 1.2752147444920985 -0.15208882989860686
			vertex -0.18290391564369202 1.2885860906089748 -0.1823118179240889
			vertex -0.15782763063907623 1.2468453132443775 -0.15736382295712648
		endloop
	endfacet
	facet normal -0.5751510951139159 -0.7011032262129503 -0.4214919738062113
		outer loop
			vertex -0.16758450865745544 1.226734828887761 -0.11059850886989989
			vertex -0.19627538323402405 1.2752147444920985 -0.15208882989860686
			vertex -0.15782763063907623 1.2468453132443775 -0.15736382295712648
		endloop
	endfacet
	facet normal -0.5853957438032066 -0.6985795545794266 -0.411458903246364
		outer loop
			vertex -0.21053732931613922 1.2609527875722464 -0.10758379208597785
			vertex -0.19627538323402405 1.2752147444920985 -0.15208882989860686
			vertex -0.16758450865745544 1.226734828887761 -0.11059850886989989
		endloop
	endfacet
	facet normal -0.6121729493262362 -0.7451285477219567 -0.26462752593595645
		outer loop
			vertex -0.1750764697790146 1.213779407207247 -0.056787665014617704
			vertex -0.21053732931613922 1.2609527875722464 -0.10758379208597785
			vertex -0.16758450865745544 1.226734828887761 -0.11059850886989989
		endloop
	endfacet
	facet normal 0.094692841463607 -0.9500499149455727 0.2973859863669745
		outer loop
			vertex -1.9050000688025648e-8 1.1623189119670294 0.06382828001995167
			vertex 0.05984647199511528 1.1863623637761231 0.1215830023165989
			vertex 0 1.181112147847116 0.12386644981957773
		endloop
	endfacet
	facet normal -0.09907197906716868 -0.9496430938959909 0.2972587041271708
		outer loop
			vertex -1.9050000688025648e-8 1.1623189119670294 0.06382828001995167
			vertex 0 1.181112147847116 0.12386644981957773
			vertex -0.06253459304571152 1.168437925448003 0.06253464216553324
		endloop
	endfacet
	facet normal -0.09908959011465816 -0.9884792087645189 0.11441200536298624
		outer loop
			vertex -0.06404389441013336 1.161415892976648 0.0005595973940712097
			vertex -1.9050000688025648e-8 1.1623189119670294 0.06382828001995167
			vertex -0.06253459304571152 1.168437925448003 0.06253464216553324
		endloop
	endfacet
	facet normal -0.29706435542103976 -0.9479504967971742 0.11464128558365452
		outer loop
			vertex -0.06404389441013336 1.161415892976648 0.0005595973940712097
			vertex -0.06253459304571152 1.168437925448003 0.06253464216553324
			vertex -0.12429078668355942 1.1802957859552232 0.0005595948573907181
		endloop
	endfacet
	facet normal -0.29769911820549233 -0.9499760917268364 -0.09444924651408114
		outer loop
			vertex -0.12429078668355942 1.1802957859552232 0.0005595948573907181
			vertex -0.12198568880558014 1.1855461133289114 -0.059514056270663085
			vertex -0.06404389441013336 1.161415892976648 0.0005595973940712097
		endloop
	endfacet
	facet normal -0.47120539193034716 -0.8769225699955471 -0.09472214550026398
		outer loop
			vertex -0.12429078668355942 1.1802957859552232 0.0005595948573907181
			vertex -0.1750764697790146 1.213779407207247 -0.056787665014617704
			vertex -0.12198568880558014 1.1855461133289114 -0.059514056270663085
		endloop
	endfacet
	facet normal -0.46305642131592895 -0.8448775599969097 -0.2678818009715355
		outer loop
			vertex -0.1750764697790146 1.213779407207247 -0.056787665014617704
			vertex -0.16758450865745544 1.226734828887761 -0.11059850886989989
			vertex -0.12198568880558014 1.1855461133289114 -0.059514056270663085
		endloop
	endfacet
	facet normal -0.4543160367981696 -0.8466449836419847 -0.27710866168683373
		outer loop
			vertex -0.12198568880558014 1.1855461133289114 -0.059514056270663085
			vertex -0.16758450865745544 1.226734828887761 -0.11059850886989989
			vertex -0.11687611788511276 1.2014082151000511 -0.11635431817009265
		endloop
	endfacet
	facet normal -0.4419215484501739 -0.78694386600235 -0.43060968030999464
		outer loop
			vertex -0.16758450865745544 1.226734828887761 -0.11059850886989989
			vertex -0.15782763063907623 1.2468453132443775 -0.15736382295712648
			vertex -0.11687611788511276 1.2014082151000511 -0.11635431817009265
		endloop
	endfacet
	facet normal -0.4301382971444377 -0.7869452887418209 -0.4423778451242055
		outer loop
			vertex -0.11687611788511276 1.2014082151000511 -0.11635431817009265
			vertex -0.15782763063907623 1.2468453132443775 -0.15736382295712648
			vertex -0.11110716313123703 1.2267348213074218 -0.16701712159903143
		endloop
	endfacet
	facet normal -0.4206934793334169 -0.7008304545355148 -0.5760674183130718
		outer loop
			vertex -0.15782763063907623 1.2468453132443775 -0.15736382295712648
			vertex -0.15255264937877655 1.2752147386285675 -0.19572965793430272
			vertex -0.11110716313123703 1.2267348213074218 -0.16701712159903143
		endloop
	endfacet
	facet normal -0.4115988203677462 -0.6985457934147279 -0.5853376679955495
		outer loop
			vertex -0.11110716313123703 1.2267348213074218 -0.16701712159903143
			vertex -0.15255264937877655 1.2752147386285675 -0.19572965793430272
			vertex -0.10810329020023346 1.2609527738163835 -0.20996531836453824
		endloop
	endfacet
	facet normal -0.41154993256222966 -0.5855070433982956 -0.6984326418052142
		outer loop
			vertex -0.10810329020023346 1.2609527738163835 -0.20996531836453824
			vertex -0.15255264937877655 1.2752147386285675 -0.19572965793430272
			vertex -0.11110716313123703 1.3039055509424975 -0.24420327977606401
		endloop
	endfacet
	facet normal -0.26459412893012757 -0.6123469230346331 -0.7449974448182518
		outer loop
			vertex -0.05732107162475586 1.2964136019762473 -0.25714803844708256
			vertex -0.10810329020023346 1.2609527738163835 -0.20996531836453824
			vertex -0.11110716313123703 1.3039055509424975 -0.24420327977606401
		endloop
	endfacet
	facet normal -0.26784819088066364 -0.46419151058832836 -0.844265117211224
		outer loop
			vertex -0.05732107162475586 1.2964136019762473 -0.25714803844708256
			vertex -0.11110716313123703 1.3039055509424975 -0.24420327977606401
			vertex -0.06004514545202255 1.3495044160793752 -0.2854740541297288
		endloop
	endfacet
	facet normal -0.09475607770180619 -0.47239163314044286 -0.876280452068557
		outer loop
			vertex 5.715000384043378e-8 1.3471992650321936 -0.29072432966047274
			vertex -0.05732107162475586 1.2964136019762473 -0.25714803844708256
			vertex -0.06004514545202255 1.3495044160793752 -0.2854740541297288
		endloop
	endfacet
	facet normal -0.09448722534917646 -0.29716507809291515 -0.9501395058662943
		outer loop
			vertex 5.715000384043378e-8 1.3471992650321936 -0.29072432966047274
			vertex -0.06004514545202255 1.3495044160793752 -0.2854740541297288
			vertex 1.9050000688025648e-8 1.407446215022699 -0.30956712683740045
		endloop
	endfacet
	facet normal 0.09871405726354397 -0.29704251169554285 -0.9497480092867651
		outer loop
			vertex 1.9050000688025648e-8 1.407446215022699 -0.30956712683740045
			vertex 0.0627468004822731 1.4087433322983232 -0.3034510935895335
			vertex 5.715000384043378e-8 1.3471992650321936 -0.29072432966047274
		endloop
	endfacet
	facet normal 0.7048770447215041 -0.5780615569521846 0.41108781081259876
		outer loop
			vertex 0.20982462167739868 1.261665449731792 0.10774154757543768
			vertex 0.2239072322845459 1.3141263723373493 0.15736387428335877
			vertex 0.19561059772968292 1.2758794964505695 0.1521012505174138
		endloop
	endfacet
	facet normal 0.6360361193973332 -0.5456448804914387 0.5456461483557498
		outer loop
			vertex 0.2239072322845459 1.3141263723373493 0.15736387428335877
			vertex 0.19561059772968292 1.3193889914797288 0.19561064444783696
			vertex 0.19561059772968292 1.2758794964505695 0.1521012505174138
		endloop
	endfacet
	facet normal 0.6653177385513733 -0.5278972493310707 0.5278984759568603
		outer loop
			vertex 0.19561059772968292 1.2758794964505695 0.1521012505174138
			vertex 0.19561059772968292 1.3193889914797288 0.19561064444783696
			vertex 0.18226541578769684 1.289224624633775 0.18226546476565655
		endloop
	endfacet
	facet normal 0.5278984875871241 -0.5278972424976525 0.6653177347452882
		outer loop
			vertex 0.19561059772968292 1.3193889914797288 0.19561064444783696
			vertex 0.15210120379924774 1.275879502296442 0.1956106502937214
			vertex 0.18226541578769684 1.289224624633775 0.18226546476565655
		endloop
	endfacet
	facet normal 0.5292063032438488 -0.6456643718770062 0.5505072274690412
		outer loop
			vertex 0.15736383199691772 1.2475829035043733 0.15736388322406195
			vertex 0.18226541578769684 1.289224624633775 0.18226546476565655
			vertex 0.15210120379924774 1.275879502296442 0.1956106502937214
		endloop
	endfacet
	facet normal 0.4203093082511143 -0.7008356593742254 0.5763414473616874
		outer loop
			vertex 0.15736383199691772 1.2475829035043733 0.15736388322406195
			vertex 0.15210120379924774 1.275879502296442 0.1956106502937214
			vertex 0.11074153333902359 1.2275404826715859 0.16699245132996035
		endloop
	endfacet
	facet normal 0.42971524908143777 -0.7864716092531231 0.4436295893486826
		outer loop
			vertex 0.11648111045360565 1.202184298962801 0.11648116228749719
			vertex 0.15736383199691772 1.2475829035043733 0.15736388322406195
			vertex 0.11074153333902359 1.2275404826715859 0.16699245132996035
		endloop
	endfacet
	facet normal 0.27732932033660734 -0.8456543509810659 0.45602320856336637
		outer loop
			vertex 0.11648111045360565 1.202184298962801 0.11648116228749719
			vertex 0.11074153333902359 1.2275404826715859 0.16699245132996035
			vertex 0.05984647199511528 1.1863623637761231 0.1215830023165989
		endloop
	endfacet
	facet normal 0.28164767787142697 -0.9145093832950824 0.2904258483931507
		outer loop
			vertex 0.06253459304571152 1.168437925448003 0.06253464216553324
			vertex 0.11648111045360565 1.202184298962801 0.11648116228749719
			vertex 0.05984647199511528 1.1863623637761231 0.1215830023165989
		endloop
	endfacet
	facet normal 0.0991112651435399 -0.9509104963130885 0.29316579801068643
		outer loop
			vertex 0.06253459304571152 1.168437925448003 0.06253464216553324
			vertex 0.05984647199511528 1.1863623637761231 0.1215830023165989
			vertex -1.9050000688025648e-8 1.1623189119670294 0.06382828001995167
		endloop
	endfacet
	facet normal 0.09909855893273739 -0.9883644934135849 0.11539109054325908
		outer loop
			vertex 1.3334999948710902e-7 1.154867010490805 4.254111655837834e-8
			vertex 0.06253459304571152 1.168437925448003 0.06253464216553324
			vertex -1.9050000688025648e-8 1.1623189119670294 0.06382828001995167
		endloop
	endfacet
	facet normal -0.10004841973645062 -0.9882701360795612 0.1153795988965325
		outer loop
			vertex 1.3334999948710902e-7 1.154867010490805 4.254111655837834e-8
			vertex -1.9050000688025648e-8 1.1623189119670294 0.06382828001995167
			vertex -0.06404389441013336 1.161415892976648 0.0005595973940712097
		endloop
	endfacet
	facet normal -0.10208174014609643 -0.9898377968222654 -0.09899724395551877
		outer loop
			vertex -0.06404389441013336 1.161415892976648 0.0005595973940712097
			vertex -0.0627468004822731 1.1675598129428144 -0.06220875412936482
			vertex 1.3334999948710902e-7 1.154867010490805 4.254111655837834e-8
		endloop
	endfacet
	facet normal -0.2932219861598387 -0.950890710214987 -0.099134878117226
		outer loop
			vertex -0.06404389441013336 1.161415892976648 0.0005595973940712097
			vertex -0.12198568880558014 1.1855461133289114 -0.059514056270663085
			vertex -0.0627468004822731 1.1675598129428144 -0.06220875412936482
		endloop
	endfacet
	facet normal -0.2904868628445013 -0.9145844100445489 -0.2813409664770214
		outer loop
			vertex -0.12198568880558014 1.1855461133289114 -0.059514056270663085
			vertex -0.11687611788511276 1.2014082151000511 -0.11635431817009265
			vertex -0.0627468004822731 1.1675598129428144 -0.06220875412936482
		endloop
	endfacet
	facet normal -0.2814741370281822 -0.9145862214142024 -0.29035212033586355
		outer loop
			vertex -0.0627468004822731 1.1675598129428144 -0.06220875412936482
			vertex -0.11687611788511276 1.2014082151000511 -0.11635431817009265
			vertex -0.06004514545202255 1.185546105002809 -0.12148319955336348
		endloop
	endfacet
	facet normal -0.2772713773878162 -0.8463917091170196 -0.45468852857690845
		outer loop
			vertex -0.11687611788511276 1.2014082151000511 -0.11635431817009265
			vertex -0.11110716313123703 1.2267348213074218 -0.16701712159903143
			vertex -0.06004514545202255 1.185546105002809 -0.12148319955336348
		endloop
	endfacet
	facet normal -0.2678621734894666 -0.844583308958547 -0.46360423880949403
		outer loop
			vertex -0.06004514545202255 1.185546105002809 -0.12148319955336348
			vertex -0.11110716313123703 1.2267348213074218 -0.16701712159903143
			vertex -0.05732068791985512 1.2137793913926185 -0.17449207975931894
		endloop
	endfacet
	facet normal 0.5505072129827117 -0.6456643727438021 0.5292063172557183
		outer loop
			vertex 0.19561059772968292 1.2758794964505695 0.1521012505174138
			vertex 0.18226541578769684 1.289224624633775 0.18226546476565655
			vertex 0.15736383199691772 1.2475829035043733 0.15736388322406195
		endloop
	endfacet
	facet normal 0.5763424683792411 -0.7008381105208475 0.4203038210438869
		outer loop
			vertex 0.1669923961162567 1.2275404751136831 0.11074082848618423
			vertex 0.19561059772968292 1.2758794964505695 0.1521012505174138
			vertex 0.15736383199691772 1.2475829035043733 0.15736388322406195
		endloop
	endfacet
	facet normal 0.4436352555965989 -0.7864715469054434 0.42970951339236113
		outer loop
			vertex 0.1669923961162567 1.2275404751136831 0.11074082848618423
			vertex 0.15736383199691772 1.2475829035043733 0.15736388322406195
			vertex 0.11648111045360565 1.202184298962801 0.11648116228749719
		endloop
	endfacet
	facet normal 0.4560264068735183 -0.8456526621238805 0.2773292110053004
		outer loop
			vertex 0.12158294767141342 1.1863623554812808 0.05984651834545849
			vertex 0.1669923961162567 1.2275404751136831 0.11074082848618423
			vertex 0.11648111045360565 1.202184298962801 0.11648116228749719
		endloop
	endfacet
	facet normal 0.29042576434604567 -0.9145093838574659 0.28164776271196124
		outer loop
			vertex 0.12158294767141342 1.1863623554812808 0.05984651834545849
			vertex 0.11648111045360565 1.202184298962801 0.11648116228749719
			vertex 0.06253459304571152 1.168437925448003 0.06253464216553324
		endloop
	endfacet
	facet normal 0.2933275385970667 -0.9491085865881008 0.11468149792064926
		outer loop
			vertex 0.06404389441013336 1.161415892976648 0.0005595973940712097
			vertex 0.12158294767141342 1.1863623554812808 0.05984651834545849
			vertex 0.06253459304571152 1.168437925448003 0.06253464216553324
		endloop
	endfacet
	facet normal 0.1000683293928764 -0.9883791590916957 0.11442450491792115
		outer loop
			vertex 0.06404389441013336 1.161415892976648 0.0005595973940712097
			vertex 0.06253459304571152 1.168437925448003 0.06253464216553324
			vertex 1.3334999948710902e-7 1.154867010490805 4.254111655837834e-8
		endloop
	endfacet
	facet normal 0.10207721172047976 -0.9895301027793337 -0.10203145858456546
		outer loop
			vertex 1.3334999948710902e-7 1.154867010490805 4.254111655837834e-8
			vertex 1.3334999948710902e-7 1.1614158843679554 -0.06351279879864097
			vertex 0.06404389441013336 1.161415892976648 0.0005595973940712097
		endloop
	endfacet
	facet normal -0.09904184107172907 -0.9898352756905898 -0.1020629252748344
		outer loop
			vertex 1.3334999948710902e-7 1.154867010490805 4.254111655837834e-8
			vertex -0.0627468004822731 1.1675598129428144 -0.06220875412936482
			vertex 1.3334999948710902e-7 1.1614158843679554 -0.06351279879864097
		endloop
	endfacet
	facet normal -0.09920204777342595 -0.9509297855140206 -0.2930725110613716
		outer loop
			vertex -0.0627468004822731 1.1675598129428144 -0.06220875412936482
			vertex -0.06004514545202255 1.185546105002809 -0.12148319955336348
			vertex 1.3334999948710902e-7 1.1614158843679554 -0.06351279879864097
		endloop
	endfacet
	facet normal -0.0944208166144308 -0.9499983334709201 -0.29763715458984363
		outer loop
			vertex 1.3334999948710902e-7 1.1614158843679554 -0.06351279879864097
			vertex -0.06004514545202255 1.185546105002809 -0.12148319955336348
			vertex 1.3334999948710902e-7 1.180295769249957 -0.12377361938987609
		endloop
	endfacet
	facet normal -0.09464754240406527 -0.8766275978702792 -0.4717689025031798
		outer loop
			vertex -0.06004514545202255 1.185546105002809 -0.12148319955336348
			vertex -0.05732068791985512 1.2137793913926185 -0.17449207975931894
			vertex 1.3334999948710902e-7 1.180295769249957 -0.12377361938987609
		endloop
	endfacet
	facet normal -0.09008124904259154 -0.8749252750478401 -0.4758057709332541
		outer loop
			vertex 1.3334999948710902e-7 1.180295769249957 -0.12377361938987609
			vertex -0.05732068791985512 1.2137793913926185 -0.17449207975931894
			vertex 1.1430000768086757e-7 1.209486067855236 -0.1774495726466261
		endloop
	endfacet
	facet normal -0.09024298561809446 -0.7684228232583346 -0.6335476053481875
		outer loop
			vertex -0.05732068791985512 1.2137793913926185 -0.17449207975931894
			vertex -0.055950138717889786 1.2510396842611868 -0.21987989537203215
			vertex 1.1430000768086757e-7 1.209486067855236 -0.1774495726466261
		endloop
	endfacet
	facet normal -0.0882980726048834 -0.767376707323331 -0.6350877415222763
		outer loop
			vertex 1.1430000768086757e-7 1.209486067855236 -0.1774495726466261
			vertex -0.055950138717889786 1.2510396842611868 -0.21987989537203215
			vertex 9.52500016637714e-8 1.2475164527619513 -0.2234016954130387
		endloop
	endfacet
	facet normal -0.08829723530614868 -0.6353217229227849 -0.7671830984971678
		outer loop
			vertex 9.52500016637714e-8 1.2475164527619513 -0.2234016954130387
			vertex -0.055950138717889786 1.2510396842611868 -0.21987989537203215
			vertex 7.620000275210259e-8 1.293453038295434 -0.2614428215033152
		endloop
	endfacet
	facet normal 0.0902794288875536 -0.6352083418117244 -0.7670462744923131
		outer loop
			vertex 7.620000275210259e-8 1.293453038295434 -0.2614428215033152
			vertex 0.05732068791985512 1.2964136019762473 -0.25714803844708256
			vertex 9.52500016637714e-8 1.2475164527619513 -0.2234016954130387
		endloop
	endfacet
	facet normal 0.08828119778312098 -0.6338188205203207 -0.7684270511064842
		outer loop
			vertex 9.52500016637714e-8 1.2475164527619513 -0.2234016954130387
			vertex 0.05732068791985512 1.2964136019762473 -0.25714803844708256
			vertex 0.055950138717889786 1.2510396842611868 -0.21987989537203215
		endloop
	endfacet
	facet normal 0.2643426796583595 -0.6168842221848286 -0.7413344752070127
		outer loop
			vertex 0.05732068791985512 1.2964136019762473 -0.25714803844708256
			vertex 0.11110716313123703 1.3039055509424975 -0.24420327977606401
			vertex 0.055950138717889786 1.2510396842611868 -0.21987989537203215
		endloop
	endfacet
	facet normal 0.5268451310585232 -0.6662024110665232 -0.5278338331038271
		outer loop
			vertex 0.19627538323402405 1.2752147444920985 -0.15208882989860686
			vertex 0.15255264937877655 1.2752147386285675 -0.19572965793430272
			vertex 0.18290391564369202 1.2885860906089748 -0.1823118179240889
		endloop
	endfacet
	facet normal 0.5447157170617888 -0.6367533772712838 -0.5457379628718122
		outer loop
			vertex 0.15782763063907623 1.2468453132443775 -0.15736382295712648
			vertex 0.15255264937877655 1.2752147386285675 -0.19572965793430272
			vertex 0.19627538323402405 1.2752147444920985 -0.15208882989860686
		endloop
	endfacet
	facet normal 0.41125536012768166 -0.7049691099084051 -0.5778300639817922
		outer loop
			vertex 0.15782763063907623 1.2468453132443775 -0.15736382295712648
			vertex 0.10810329020023346 1.2609527738163835 -0.20996531836453824
			vertex 0.15255264937877655 1.2752147386285675 -0.19572965793430272
		endloop
	endfacet
	facet normal 0.41982233277634157 -0.6953159182717966 -0.5833395089483304
		outer loop
			vertex 0.11110716313123703 1.2267348213074218 -0.16701712159903143
			vertex 0.10810329020023346 1.2609527738163835 -0.20996531836453824
			vertex 0.15782763063907623 1.2468453132443775 -0.15736382295712648
		endloop
	endfacet
	facet normal 0.2584471014637071 -0.7466536063088343 -0.6129547193153999
		outer loop
			vertex 0.11110716313123703 1.2267348213074218 -0.16701712159903143
			vertex 0.055950138717889786 1.2510396842611868 -0.21987989537203215
			vertex 0.10810329020023346 1.2609527738163835 -0.20996531836453824
		endloop
	endfacet
	facet normal 0.264309028673419 -0.7414988607732204 -0.616701043321422
		outer loop
			vertex 0.05732068791985512 1.2137793913926185 -0.17449207975931894
			vertex 0.055950138717889786 1.2510396842611868 -0.21987989537203215
			vertex 0.11110716313123703 1.2267348213074218 -0.16701712159903143
		endloop
	endfacet
	facet normal 0.08828248333470197 -0.768587732655282 -0.6336237845504782
		outer loop
			vertex 0.05732068791985512 1.2137793913926185 -0.17449207975931894
			vertex 9.52500016637714e-8 1.2475164527619513 -0.2234016954130387
			vertex 0.055950138717889786 1.2510396842611868 -0.21987989537203215
		endloop
	endfacet
	facet normal 0.09022877865831559 -0.7672433693899542 -0.6349774638748834
		outer loop
			vertex 1.1430000768086757e-7 1.209486067855236 -0.1774495726466261
			vertex 9.52500016637714e-8 1.2475164527619513 -0.2234016954130387
			vertex 0.05732068791985512 1.2137793913926185 -0.17449207975931894
		endloop
	endfacet
	facet normal 0.09003738139447932 -0.8771040443505999 -0.47178571972395067
		outer loop
			vertex 0.06004514545202255 1.185546105002809 -0.12148319955336348
			vertex 1.1430000768086757e-7 1.209486067855236 -0.1774495726466261
			vertex 0.05732068791985512 1.2137793913926185 -0.17449207975931894
		endloop
	endfacet
	facet normal 0.09461315211774826 -0.8745560103186726 -0.47560502127482834
		outer loop
			vertex 1.3334999948710902e-7 1.180295769249957 -0.12377361938987609
			vertex 1.1430000768086757e-7 1.209486067855236 -0.1774495726466261
			vertex 0.06004514545202255 1.185546105002809 -0.12148319955336348
		endloop
	endfacet
	facet normal 0.09437082063920424 -0.9514413920977971 -0.2930075521465089
		outer loop
			vertex 0.0627468004822731 1.1675598129428144 -0.06220875412936482
			vertex 1.3334999948710902e-7 1.180295769249957 -0.12377361938987609
			vertex 0.06004514545202255 1.185546105002809 -0.12148319955336348
		endloop
	endfacet
	facet normal 0.09916020197673132 -0.9495585211334149 -0.2974993601452889
		outer loop
			vertex 1.3334999948710902e-7 1.1614158843679554 -0.06351279879864097
			vertex 1.3334999948710902e-7 1.180295769249957 -0.12377361938987609
			vertex 0.0627468004822731 1.1675598129428144 -0.06220875412936482
		endloop
	endfacet
	facet normal 0.09900899409411192 -0.990153131912901 -0.0989646121173904
		outer loop
			vertex 0.06404389441013336 1.161415892976648 0.0005595973940712097
			vertex 1.3334999948710902e-7 1.1614158843679554 -0.06351279879864097
			vertex 0.0627468004822731 1.1675598129428144 -0.06220875412936482
		endloop
	endfacet
	facet normal 0.2975641055107676 -0.9495452585910575 -0.09909291094128934
		outer loop
			vertex 0.06404389441013336 1.161415892976648 0.0005595973940712097
			vertex 0.0627468004822731 1.1675598129428144 -0.06220875412936482
			vertex 0.12429078668355942 1.1802957859552232 0.0005595948573907181
		endloop
	endfacet
	facet normal 0.29720071855330915 -0.9483856404261258 0.11061830736783139
		outer loop
			vertex 0.12429078668355942 1.1802957859552232 0.0005595948573907181
			vertex 0.12158294767141342 1.1863623554812808 0.05984651834545849
			vertex 0.06404389441013336 1.161415892976648 0.0005595973940712097
		endloop
	endfacet
	facet normal 0.47334964979180666 -0.8738483788963116 0.11103656939162937
		outer loop
			vertex 0.12429078668355942 1.1802957859552232 0.0005595948573907181
			vertex 0.17445650696754456 1.2146575182574606 0.05712670580844794
			vertex 0.12158294767141342 1.1863623554812808 0.05984651834545849
		endloop
	endfacet
	facet normal 0.4652970369144572 -0.8437587683455713 0.2675253413764588
		outer loop
			vertex 0.17445650696754456 1.2146575182574606 0.05712670580844794
			vertex 0.1669923961162567 1.2275404751136831 0.11074082848618423
			vertex 0.12158294767141342 1.1863623554812808 0.05984651834545849
		endloop
	endfacet
	facet normal 0.6122216642856279 -0.7452052625433743 0.2642986009365104
		outer loop
			vertex 0.17445650696754456 1.2146575182574606 0.05712670580844794
			vertex 0.20982462167739868 1.261665449731792 0.10774154757543768
			vertex 0.1669923961162567 1.2275404751136831 0.11074082848618423
		endloop
	endfacet
	facet normal 0.5853936188253567 -0.6986006362344371 0.41142613199867684
		outer loop
			vertex 0.20982462167739868 1.261665449731792 0.10774154757543768
			vertex 0.19561059772968292 1.2758794964505695 0.1521012505174138
			vertex 0.1669923961162567 1.2275404751136831 0.11074082848618423
		endloop
	endfacet
	facet normal 0.5770959565317795 -0.7056762350661705 -0.4110733611139326
		outer loop
			vertex 0.21053732931613922 1.2609527875722464 -0.10758379208597785
			vertex 0.15782763063907623 1.2468453132443775 -0.15736382295712648
			vertex 0.19627538323402405 1.2752147444920985 -0.15208882989860686
		endloop
	endfacet
	facet normal 0.5831868899220857 -0.6950061861971122 -0.42054661165054014
		outer loop
			vertex 0.16758450865745544 1.226734828887761 -0.11059850886989989
			vertex 0.15782763063907623 1.2468453132443775 -0.15736382295712648
			vertex 0.21053732931613922 1.2609527875722464 -0.10758379208597785
		endloop
	endfacet
	facet normal 0.4304296289793024 -0.7931423717694719 -0.4308776074486086
		outer loop
			vertex 0.16758450865745544 1.226734828887761 -0.11059850886989989
			vertex 0.11110716313123703 1.2267348213074218 -0.16701712159903143
			vertex 0.15782763063907623 1.2468453132443775 -0.15736382295712648
		endloop
	endfacet
	facet normal 0.44058568630094486 -0.7818978400927512 -0.44104423892056027
		outer loop
			vertex 0.11687611788511276 1.2014082151000511 -0.11635431817009265
			vertex 0.11110716313123703 1.2267348213074218 -0.16701712159903143
			vertex 0.16758450865745544 1.226734828887761 -0.11059850886989989
		endloop
	endfacet
	facet normal 0.26779578176584773 -0.8492499499813329 -0.4550383958800864
		outer loop
			vertex 0.11687611788511276 1.2014082151000511 -0.11635431817009265
			vertex 0.05732068791985512 1.2137793913926185 -0.17449207975931894
			vertex 0.11110716313123703 1.2267348213074218 -0.16701712159903143
		endloop
	endfacet
	facet normal 0.2768168452035131 -0.8421505345794742 -0.4627687449678083
		outer loop
			vertex 0.06004514545202255 1.185546105002809 -0.12148319955336348
			vertex 0.05732068791985512 1.2137793913926185 -0.17449207975931894
			vertex 0.11687611788511276 1.2014082151000511 -0.11635431817009265
		endloop
	endfacet
	facet normal 0.28144790658886354 -0.9174133859673079 -0.2813178898057246
		outer loop
			vertex 0.12198568880558014 1.1855461133289114 -0.059514056270663085
			vertex 0.06004514545202255 1.185546105002809 -0.12148319955336348
			vertex 0.11687611788511276 1.2014082151000511 -0.11635431817009265
		endloop
	endfacet
	facet normal 0.2900977915065586 -0.9120111159959504 -0.2899637833641272
		outer loop
			vertex 0.0627468004822731 1.1675598129428144 -0.06220875412936482
			vertex 0.06004514545202255 1.185546105002809 -0.12148319955336348
			vertex 0.12198568880558014 1.1855461133289114 -0.059514056270663085
		endloop
	endfacet
	facet normal 0.2931587621919605 -0.9513920383923 -0.0943987787729373
		outer loop
			vertex 0.12429078668355942 1.1802957859552232 0.0005595948573907181
			vertex 0.0627468004822731 1.1675598129428144 -0.06220875412936482
			vertex 0.12198568880558014 1.1855461133289114 -0.059514056270663085
		endloop
	endfacet
	facet normal 0.4751210937032688 -0.8748109275162059 -0.09468784196740937
		outer loop
			vertex 0.12429078668355942 1.1802957859552232 0.0005595948573907181
			vertex 0.12198568880558014 1.1855461133289114 -0.059514056270663085
			vertex 0.17803707718849182 1.2094860917723378 0.0005595718432997882
		endloop
	endfacet
	facet normal 0.47437572934825256 -0.8734383733095383 0.10987754745943923
		outer loop
			vertex 0.17803707718849182 1.2094860917723378 0.0005595718432997882
			vertex 0.17445650696754456 1.2146575182574606 0.05712670580844794
			vertex 0.12429078668355942 1.1802957859552232 0.0005595948573907181
		endloop
	endfacet
	facet normal 0.6322138635131985 -0.7669268579392168 0.11013094639199028
		outer loop
			vertex 0.17803707718849182 1.2094860917723378 0.0005595718432997882
			vertex 0.21971754729747772 1.2517726201069947 0.05576388513929388
			vertex 0.17445650696754456 1.2146575182574606 0.05712670580844794
		endloop
	endfacet
	facet normal 0.6171223167363357 -0.7430610691837297 0.25888277974695517
		outer loop
			vertex 0.21971754729747772 1.2517726201069947 0.05576388513929388
			vertex 0.20982462167739868 1.261665449731792 0.10774154757543768
			vertex 0.17445650696754456 1.2146575182574606 0.05712670580844794
		endloop
	endfacet
	facet normal 0.6339813498482184 -0.7657813867668055 0.10791902393062697
		outer loop
			vertex 0.22397370636463165 1.2475164828531264 0.0005595667335806149
			vertex 0.21971754729747772 1.2517726201069947 0.05576388513929388
			vertex 0.17803707718849182 1.2094860917723378 0.0005595718432997882
		endloop
	endfacet
	facet normal 0.6351050866000663 -0.7671387667313225 -0.09021996205202173
		outer loop
			vertex 0.17803707718849182 1.2094860917723378 0.0005595718432997882
			vertex 0.1750764697790146 1.213779407207247 -0.056787665014617704
			vertex 0.22397370636463165 1.2475164828531264 0.0005595667335806149
		endloop
	endfacet
	facet normal 0.47122240328811493 -0.8774091329820907 -0.09001477655912661
		outer loop
			vertex 0.17803707718849182 1.2094860917723378 0.0005595718432997882
			vertex 0.12198568880558014 1.1855461133289114 -0.059514056270663085
			vertex 0.1750764697790146 1.213779407207247 -0.056787665014617704
		endloop
	endfacet
	facet normal 0.46223887467382446 -0.84249234417218 -0.27666201898985265
		outer loop
			vertex 0.12198568880558014 1.1855461133289114 -0.059514056270663085
			vertex 0.11687611788511276 1.2014082151000511 -0.11635431817009265
			vertex 0.1750764697790146 1.213779407207247 -0.056787665014617704
		endloop
	endfacet
	facet normal 0.45466037188850345 -0.8494469745801578 -0.26781296385878084
		outer loop
			vertex 0.1750764697790146 1.213779407207247 -0.056787665014617704
			vertex 0.11687611788511276 1.2014082151000511 -0.11635431817009265
			vertex 0.16758450865745544 1.226734828887761 -0.11059850886989989
		endloop
	endfacet
	facet normal 0.6168172713169378 -0.7413798636330042 -0.2643716164882973
		outer loop
			vertex 0.1750764697790146 1.213779407207247 -0.056787665014617704
			vertex 0.16758450865745544 1.226734828887761 -0.11059850886989989
			vertex 0.22045034170150757 1.2510397063587322 -0.05541326495878048
		endloop
	endfacet
	facet normal 0.6129664838526899 -0.7466777771186324 -0.25834935035809203
		outer loop
			vertex 0.22045034170150757 1.2510397063587322 -0.05541326495878048
			vertex 0.16758450865745544 1.226734828887761 -0.11059850886989989
			vertex 0.21053732931613922 1.2609527875722464 -0.10758379208597785
		endloop
	endfacet
	facet normal 0.6337450637624974 -0.7684896727769939 -0.08826560480604609
		outer loop
			vertex 0.22397370636463165 1.2475164828531264 0.0005595667335806149
			vertex 0.1750764697790146 1.213779407207247 -0.056787665014617704
			vertex 0.22045034170150757 1.2510397063587322 -0.05541326495878048
		endloop
	endfacet
	facet normal 0.2584560856446317 -0.6131243163174799 -0.746511235369889
		outer loop
			vertex 0.055950138717889786 1.2510396842611868 -0.21987989537203215
			vertex 0.11110716313123703 1.3039055509424975 -0.24420327977606401
			vertex 0.10810329020023346 1.2609527738163835 -0.20996531836453824
		endloop
	endfacet
	facet normal 0.42101170641853175 -0.5832025306209264 -0.6947114158669796
		outer loop
			vertex 0.11110716313123703 1.3039055509424975 -0.24420327977606401
			vertex 0.15782763063907623 1.3136624776789774 -0.22408039267926458
			vertex 0.10810329020023346 1.2609527738163835 -0.20996531836453824
		endloop
	endfacet
	facet normal 0.4111443945693427 -0.5768689556764786 -0.705820440899056
		outer loop
			vertex 0.10810329020023346 1.2609527738163835 -0.20996531836453824
			vertex 0.15782763063907623 1.3136624776789774 -0.22408039267926458
			vertex 0.15255264937877655 1.2752147386285675 -0.19572965793430272
		endloop
	endfacet
	facet normal 0.5448077636013376 -0.5448075903754039 -0.6374709328189444
		outer loop
			vertex 0.15782763063907623 1.3136624776789774 -0.22408039267926458
			vertex 0.19627538323402405 1.3189374932595148 -0.19572966380884127
			vertex 0.15255264937877655 1.2752147386285675 -0.19572965793430272
		endloop
	endfacet
	facet normal 0.5269422100776674 -0.5269420492857169 -0.6668313009547713
		outer loop
			vertex 0.15255264937877655 1.2752147386285675 -0.19572965793430272
			vertex 0.19627538323402405 1.3189374932595148 -0.19572966380884127
			vertex 0.18290391564369202 1.2885860906089748 -0.1823118179240889
		endloop
	endfacet
	facet normal 0.64641023977376 -0.5281927521880798 -0.5506053200356966
		outer loop
			vertex 0.22464469075202942 1.313662486642937 -0.1573638319346043
			vertex 0.18290391564369202 1.2885860906089748 -0.1823118179240889
			vertex 0.19627538323402405 1.3189374932595148 -0.19572966380884127
		endloop
	endfacet
	facet normal 0.6464622990622351 -0.5496047500156347 -0.5291702133070428
		outer loop
			vertex 0.19627538323402405 1.2752147444920985 -0.15208882989860686
			vertex 0.18290391564369202 1.2885860906089748 -0.1823118179240889
			vertex 0.22464469075202942 1.313662486642937 -0.1573638319346043
		endloop
	endfacet
	facet normal 0.7011039030708028 -0.5751496997292167 -0.4214927520139323
		outer loop
			vertex 0.24475519359111786 1.303905568893478 -0.11059851923847089
			vertex 0.19627538323402405 1.2752147444920985 -0.15208882989860686
			vertex 0.22464469075202942 1.313662486642937 -0.1573638319346043
		endloop
	endfacet
	facet normal 0.6985800248305948 -0.5853952151563959 -0.41145885697075785
		outer loop
			vertex 0.21053732931613922 1.2609527875722464 -0.10758379208597785
			vertex 0.19627538323402405 1.2752147444920985 -0.15208882989860686
			vertex 0.24475519359111786 1.303905568893478 -0.11059851923847089
		endloop
	endfacet
	facet normal 0.7451286499307537 -0.6121721302809556 -0.26462913286267087
		outer loop
			vertex 0.2577107548713684 1.296413628896433 -0.05678767611725575
			vertex 0.21053732931613922 1.2609527875722464 -0.10758379208597785
			vertex 0.24475519359111786 1.303905568893478 -0.11059851923847089
		endloop
	endfacet
	facet normal 0.7426970370667619 -0.6177221909761584 -0.25849643306604336
		outer loop
			vertex 0.22045034170150757 1.2510397063587322 -0.05541326495878048
			vertex 0.21053732931613922 1.2609527875722464 -0.10758379208597785
			vertex 0.2577107548713684 1.296413628896433 -0.05678767611725575
		endloop
	endfacet
	facet normal 0.7683234595014472 -0.6336694314476015 -0.0902336590669007
		outer loop
			vertex 0.2620040476322174 1.2934530734977696 0.0005595605615936513
			vertex 0.22045034170150757 1.2510397063587322 -0.05541326495878048
			vertex 0.2577107548713684 1.296413628896433 -0.05678767611725575
		endloop
	endfacet
	facet normal 0.7672726748362485 -0.6352156702250472 -0.08828190499854778
		outer loop
			vertex 0.22397370636463165 1.2475164828531264 0.0005595667335806149
			vertex 0.22045034170150757 1.2510397063587322 -0.05541326495878048
			vertex 0.2620040476322174 1.2934530734977696 0.0005595605615936513
		endloop
	endfacet
	facet normal 0.7655963399197401 -0.6338278264051185 0.11011144707095924
		outer loop
			vertex 0.2620040476322174 1.2934530734977696 0.0005595605615936513
			vertex 0.25683262944221497 1.2970336518000927 0.05712669474048632
			vertex 0.22397370636463165 1.2475164828531264 0.0005595667335806149
		endloop
	endfacet
	facet normal 0.7671494866985811 -0.6323289245780405 0.10789715566261361
		outer loop
			vertex 0.22397370636463165 1.2475164828531264 0.0005595667335806149
			vertex 0.25683262944221497 1.2970336518000927 0.05712669474048632
			vertex 0.21971754729747772 1.2517726201069947 0.05576388513929388
		endloop
	endfacet
	facet normal 0.7418966584726974 -0.6163234905468732 0.26407329124158774
		outer loop
			vertex 0.25683262944221497 1.2970336518000927 0.05712669474048632
			vertex 0.24394972622394562 1.3044977112531286 0.11074081814629938
			vertex 0.21971754729747772 1.2517726201069947 0.05576388513929388
		endloop
	endfacet
	facet normal 0.7465727097683408 -0.6129244482725936 0.25875241011224126
		outer loop
			vertex 0.21971754729747772 1.2517726201069947 0.05576388513929388
			vertex 0.24394972622394562 1.3044977112531286 0.11074081814629938
			vertex 0.20982462167739868 1.261665449731792 0.10774154757543768
		endloop
	endfacet
	facet normal 0.6954480141116398 -0.5834456753829792 0.4194558421873223
		outer loop
			vertex 0.24394972622394562 1.3044977112531286 0.11074081814629938
			vertex 0.2239072322845459 1.3141263723373493 0.15736387428335877
			vertex 0.20982462167739868 1.261665449731792 0.10774154757543768
		endloop
	endfacet
	facet normal 0.8448772007232946 -0.46305599616665744 -0.26788366899099
		outer loop
			vertex 0.2577107548713684 1.296413628896433 -0.05678767611725575
			vertex 0.24475519359111786 1.303905568893478 -0.11059851923847089
			vertex 0.28594404458999634 1.3495044464390953 -0.059514078299914286
		endloop
	endfacet
	facet normal 0.8769228114857355 -0.4712051050490114 -0.09472133694001292
		outer loop
			vertex 0.29119428992271423 1.3471993041687578 0.0005595533403125245
			vertex 0.2577107548713684 1.296413628896433 -0.05678767611725575
			vertex 0.28594404458999634 1.3495044464390953 -0.059514078299914286
		endloop
	endfacet
	facet normal 0.8751884271933376 -0.4753256660238313 -0.09005958097755912
		outer loop
			vertex 0.2620040476322174 1.2934530734977696 0.0005595605615936513
			vertex 0.2577107548713684 1.296413628896433 -0.05678767611725575
			vertex 0.29119428992271423 1.3471993041687578 0.0005595533403125245
		endloop
	endfacet
	facet normal 0.8733263033420863 -0.4743142965227333 0.11102754615405677
		outer loop
			vertex 0.29119428992271423 1.3471993041687578 0.0005595533403125245
			vertex 0.2851276993751526 1.3499071515104506 0.059846496371769656
			vertex 0.2620040476322174 1.2934530734977696 0.0005595605615936513
		endloop
	endfacet
	facet normal 0.87398905802977 -0.47336358098545356 0.10986376400280222
		outer loop
			vertex 0.2620040476322174 1.2934530734977696 0.0005595605615936513
			vertex 0.2851276993751526 1.3499071515104506 0.059846496371769656
			vertex 0.25683262944221497 1.2970336518000927 0.05712669474048632
		endloop
	endfacet
	facet normal 0.8412292257561711 -0.4644219785157909 0.27684944573748227
		outer loop
			vertex 0.2851276993751526 1.3499071515104506 0.059846496371769656
			vertex 0.2693058252334595 1.3550090789794984 0.11648114175413725
			vertex 0.25683262944221497 1.2970336518000927 0.05712669474048632
		endloop
	endfacet
	facet normal 0.8486285731698203 -0.45639604679391477 0.2674550303707929
		outer loop
			vertex 0.25683262944221497 1.2970336518000927 0.05712669474048632
			vertex 0.2693058252334595 1.3550090789794984 0.11648114175413725
			vertex 0.24394972622394562 1.3044977112531286 0.11074081814629938
		endloop
	endfacet
	facet normal 0.7805104736371103 -0.4420424688182685 0.44204282179877535
		outer loop
			vertex 0.2693058252334595 1.3550090789794984 0.11648114175413725
			vertex 0.24394972622394562 1.360749371457134 0.1669924334321688
			vertex 0.24394972622394562 1.3044977112531286 0.11074081814629938
		endloop
	endfacet
	facet normal 0.7937930233126919 -0.4300536831448574 0.4300540265520587
		outer loop
			vertex 0.24394972622394562 1.3044977112531286 0.11074081814629938
			vertex 0.24394972622394562 1.360749371457134 0.1669924334321688
			vertex 0.2239072322845459 1.3141263723373493 0.15736387428335877
		endloop
	endfacet
	facet normal 0.6954484253983073 -0.41945524391487726 0.5834456152576056
		outer loop
			vertex 0.24394972622394562 1.360749371457134 0.1669924334321688
			vertex 0.20982462167739868 1.363748564130798 0.2098246643452323
			vertex 0.2239072322845459 1.3141263723373493 0.15736387428335877
		endloop
	endfacet
	facet normal 0.7048759240412843 -0.4110885736690022 0.5780623809812667
		outer loop
			vertex 0.2239072322845459 1.3141263723373493 0.15736387428335877
			vertex 0.20982462167739868 1.363748564130798 0.2098246643452323
			vertex 0.19561059772968292 1.3193889914797288 0.19561064444783696
		endloop
	endfacet
	facet normal 0.5780624160517541 -0.41108856561662294 0.7048758999764969
		outer loop
			vertex 0.20982462167739868 1.363748564130798 0.2098246643452323
			vertex 0.15736383199691772 1.3141263812780446 0.2239072835116821
			vertex 0.19561059772968292 1.3193889914797288 0.19561064444783696
		endloop
	endfacet
	facet normal 0.5456461561865781 -0.5456448761773887 0.6360361163803315
		outer loop
			vertex 0.15736383199691772 1.3141263812780446 0.2239072835116821
			vertex 0.15210120379924774 1.275879502296442 0.1956106502937214
			vertex 0.19561059772968292 1.3193889914797288 0.19561064444783696
		endloop
	endfacet
	facet normal 0.41108780648689813 -0.5780615429430124 0.7048770587330351
		outer loop
			vertex 0.15736383199691772 1.3141263812780446 0.2239072835116821
			vertex 0.10774150490760803 1.2616654634475628 0.20982467806099916
			vertex 0.15210120379924774 1.275879502296442 0.1956106502937214
		endloop
	endfacet
	facet normal 0.4114262903712032 -0.6985969242557211 0.5853979373142997
		outer loop
			vertex 0.11074153333902359 1.2275404826715859 0.16699245132996035
			vertex 0.15210120379924774 1.275879502296442 0.1956106502937214
			vertex 0.10774150490760803 1.2616654634475628 0.20982467806099916
		endloop
	endfacet
	facet normal 0.26429495367437267 -0.7452038359500515 0.6122249752726445
		outer loop
			vertex 0.11074153333902359 1.2275404826715859 0.16699245132996035
			vertex 0.10774150490760803 1.2616654634475628 0.20982467806099916
			vertex 0.057126663625240326 1.2146575340217642 0.17445656491505576
		endloop
	endfacet
	facet normal 0.2675217821255494 -0.8437596882564149 0.46529741516776985
		outer loop
			vertex 0.05984647199511528 1.1863623637761231 0.1215830023165989
			vertex 0.11074153333902359 1.2275404826715859 0.16699245132996035
			vertex 0.057126663625240326 1.2146575340217642 0.17445656491505576
		endloop
	endfacet
	facet normal 0.09488714428351963 -0.8756709111407567 0.47349433495199894
		outer loop
			vertex 0.05984647199511528 1.1863623637761231 0.1215830023165989
			vertex 0.057126663625240326 1.2146575340217642 0.17445656491505576
			vertex 0 1.181112147847116 0.12386644981957773
		endloop
	endfacet
	facet normal 0.9172653461262095 -0.2816241030929743 0.2816241277892272
		outer loop
			vertex 0.2851276993751526 1.3499071515104506 0.059846496371769656
			vertex 0.2851276993751526 1.411643632600561 0.12158297204806928
			vertex 0.2693058252334595 1.3550090789794984 0.11648114175413725
		endloop
	endfacet
	facet normal 0.8412293711785039 -0.27684913121798266 0.4644219025955462
		outer loop
			vertex 0.2851276993751526 1.411643632600561 0.12158297204806928
			vertex 0.25683262944221497 1.4143635192204225 0.17445653808279155
			vertex 0.2693058252334595 1.3550090789794984 0.11648114175413725
		endloop
	endfacet
	facet normal 0.848628278373264 -0.26745527881898107 0.4563964493475941
		outer loop
			vertex 0.2693058252334595 1.3550090789794984 0.11648114175413725
			vertex 0.25683262944221497 1.4143635192204225 0.17445653808279155
			vertex 0.24394972622394562 1.360749371457134 0.1669924334321688
		endloop
	endfacet
	facet normal 0.7418966784079233 -0.264073669714178 0.6163233043873791
		outer loop
			vertex 0.25683262944221497 1.4143635192204225 0.17445653808279155
			vertex 0.21971754729747772 1.4157263260828927 0.21971758431084198
			vertex 0.24394972622394562 1.360749371457134 0.1669924334321688
		endloop
	endfacet
	facet normal 0.7465725960068176 -0.25875294199621823 0.6129243622992504
		outer loop
			vertex 0.24394972622394562 1.360749371457134 0.1669924334321688
			vertex 0.21971754729747772 1.4157263260828927 0.21971758431084198
			vertex 0.20982462167739868 1.363748564130798 0.2098246643452323
		endloop
	endfacet
	facet normal 0.6129244248481736 -0.25875293035614344 0.7465725486894389
		outer loop
			vertex 0.21971754729747772 1.4157263260828927 0.21971758431084198
			vertex 0.1669923961162567 1.3607493817970329 0.24394977387975658
			vertex 0.20982462167739868 1.363748564130798 0.2098246643452323
		endloop
	endfacet
	facet normal 0.5834456485198788 -0.4194552369389497 0.6954484017004481
		outer loop
			vertex 0.1669923961162567 1.3607493817970329 0.24394977387975658
			vertex 0.15736383199691772 1.3141263812780446 0.2239072835116821
			vertex 0.20982462167739868 1.363748564130798 0.2098246643452323
		endloop
	endfacet
	facet normal 0.4300540522741984 -0.43005365999538553 0.7937930219188846
		outer loop
			vertex 0.1669923961162567 1.3607493817970329 0.24394977387975658
			vertex 0.1107407808303833 1.3044977291509303 0.24394978143766327
			vertex 0.15736383199691772 1.3141263812780446 0.2239072835116821
		endloop
	endfacet
	facet normal 0.4194558374953378 -0.5834456624223008 0.6954480278149385
		outer loop
			vertex 0.1107407808303833 1.3044977291509303 0.24394978143766327
			vertex 0.10774150490760803 1.2616654634475628 0.20982467806099916
			vertex 0.15736383199691772 1.3141263812780446 0.2239072835116821
		endloop
	endfacet
	facet normal 0.2587523795758032 -0.6129244231164406 0.7465727410046781
		outer loop
			vertex 0.1107407808303833 1.3044977291509303 0.24394978143766327
			vertex 0.0557638481259346 1.2517726421356261 0.21971760633946852
			vertex 0.10774150490760803 1.2616654634475628 0.20982467806099916
		endloop
	endfacet
	facet normal 0.25888272560896247 -0.7430610523818417 0.6171223596779367
		outer loop
			vertex 0.057126663625240326 1.2146575340217642 0.17445656491505576
			vertex 0.10774150490760803 1.2616654634475628 0.20982467806099916
			vertex 0.0557638481259346 1.2517726421356261 0.21971760633946852
		endloop
	endfacet
	facet normal 0.09052172029084299 -0.768746191349146 0.633115401362002
		outer loop
			vertex 0.057126663625240326 1.2146575340217642 0.17445656491505576
			vertex 0.0557638481259346 1.2517726421356261 0.21971760633946852
			vertex -1.9050000688025648e-8 1.2103626615575254 0.17740948429916184
		endloop
	endfacet
	facet normal 0.09038832705636056 -0.873991481090815 0.4774608269927868
		outer loop
			vertex 0 1.181112147847116 0.12386644981957773
			vertex 0.057126663625240326 1.2146575340217642 0.17445656491505576
			vertex -1.9050000688025648e-8 1.2103626615575254 0.17740948429916184
		endloop
	endfacet
	facet normal -0.09485159526045119 -0.8736271593843516 0.4772617324514676
		outer loop
			vertex 0 1.181112147847116 0.12386644981957773
			vertex -1.9050000688025648e-8 1.2103626615575254 0.17740948429916184
			vertex -0.05984647199511528 1.1863623637761231 0.1215830023165989
		endloop
	endfacet
	facet normal -0.09464654856867795 -0.9513836269144962 0.29310616725523875
		outer loop
			vertex -0.06253459304571152 1.168437925448003 0.06253464216553324
			vertex 0 1.181112147847116 0.12386644981957773
			vertex -0.05984647199511528 1.1863623637761231 0.1215830023165989
		endloop
	endfacet
	facet normal -0.29004668381184895 -0.9120009835213752 0.2900467673769076
		outer loop
			vertex -0.06253459304571152 1.168437925448003 0.06253464216553324
			vertex -0.05984647199511528 1.1863623637761231 0.1215830023165989
			vertex -0.12158294767141342 1.1863623554812808 0.05984651834545849
		endloop
	endfacet
	facet normal -0.2932917343694996 -0.9496080098908941 0.11056485020831339
		outer loop
			vertex -0.12429078668355942 1.1802957859552232 0.0005595948573907181
			vertex -0.06253459304571152 1.168437925448003 0.06253464216553324
			vertex -0.12158294767141342 1.1863623554812808 0.05984651834545849
		endloop
	endfacet
	facet normal -0.4743147217593917 -0.8733261155507224 0.11102720666303903
		outer loop
			vertex -0.12429078668355942 1.1802957859552232 0.0005595948573907181
			vertex -0.12158294767141342 1.1863623554812808 0.05984651834545849
			vertex -0.17803707718849182 1.2094860917723402 0.000559590935415133
		endloop
	endfacet
	facet normal -0.28162467222982235 -0.9172649780075524 0.2816247576337169
		outer loop
			vertex -0.12158294767141342 1.1863623554812808 0.05984651834545849
			vertex -0.05984647199511528 1.1863623637761231 0.1215830023165989
			vertex -0.11648111045360565 1.202184298962801 0.11648116228749719
		endloop
	endfacet
	facet normal -0.27684960242298134 -0.8412287227262022 0.46442279627369665
		outer loop
			vertex -0.05984647199511528 1.1863623637761231 0.1215830023165989
			vertex -0.057126663625240326 1.2146575340217642 0.17445656491505576
			vertex -0.11648111045360565 1.202184298962801 0.11648116228749719
		endloop
	endfacet
	facet normal -0.0903459195438349 -0.8761412933805143 0.47351245902858646
		outer loop
			vertex -0.05984647199511528 1.1863623637761231 0.1215830023165989
			vertex -1.9050000688025648e-8 1.2103626615575254 0.17740948429916184
			vertex -0.057126663625240326 1.2146575340217642 0.17445656491505576
		endloop
	endfacet
	facet normal -0.09050500590802865 -0.7674000496051788 0.6347487753210376
		outer loop
			vertex -1.9050000688025648e-8 1.2103626615575254 0.17740948429916184
			vertex 3.8100001376051296e-8 1.248261570930477 0.22322860398227876
			vertex -0.057126663625240326 1.2146575340217642 0.17445656491505576
		endloop
	endfacet
	facet normal 0.08830056169921308 -0.7675526349272219 0.6348747619963189
		outer loop
			vertex -1.9050000688025648e-8 1.2103626615575254 0.17740948429916184
			vertex 0.0557638481259346 1.2517726421356261 0.21971760633946852
			vertex 3.8100001376051296e-8 1.248261570930477 0.22322860398227876
		endloop
	endfacet
	facet normal 0.08828212363373796 -0.6332023871362242 0.768934980067694
		outer loop
			vertex 0.057126663625240326 1.297033678632358 0.25683268738972614
			vertex 3.8100001376051296e-8 1.248261570930477 0.22322860398227876
			vertex 0.0557638481259346 1.2517726421356261 0.21971760633946852
		endloop
	endfacet
	facet normal 0.2640732609683152 -0.6163234661511406 0.7418966895147896
		outer loop
			vertex 0.057126663625240326 1.297033678632358 0.25683268738972614
			vertex 0.0557638481259346 1.2517726421356261 0.21971760633946852
			vertex 0.1107407808303833 1.3044977291509303 0.24394978143766327
		endloop
	endfacet
	facet normal 0.2674550282936769 -0.4563960084831646 0.8486285944281303
		outer loop
			vertex 0.11648111045360565 1.3550090995128523 0.269305877067345
			vertex 0.057126663625240326 1.297033678632358 0.25683268738972614
			vertex 0.1107407808303833 1.3044977291509303 0.24394978143766327
		endloop
	endfacet
	facet normal 0.4420428463750715 -0.44204244791838115 0.780510471554963
		outer loop
			vertex 0.11648111045360565 1.3550090995128523 0.269305877067345
			vertex 0.1107407808303833 1.3044977291509303 0.24394978143766327
			vertex 0.1669923961162567 1.3607493817970329 0.24394977387975658
		endloop
	endfacet
	facet normal 0.45639650612198196 -0.2674552445132946 0.8486282586515616
		outer loop
			vertex 0.17445650696754456 1.4143635302883841 0.25683267162542356
			vertex 0.11648111045360565 1.3550090995128523 0.269305877067345
			vertex 0.1669923961162567 1.3607493817970329 0.24394977387975658
		endloop
	endfacet
	facet normal 0.6163233658387394 -0.2640736588937354 0.7418966312092827
		outer loop
			vertex 0.17445650696754456 1.4143635302883841 0.25683267162542356
			vertex 0.1669923961162567 1.3607493817970329 0.24394977387975658
			vertex 0.21971754729747772 1.4157263260828927 0.21971758431084198
		endloop
	endfacet
	facet normal 0.6332024342845023 -0.0882811144849555 0.7689350571026624
		outer loop
			vertex 0.2232285439968109 1.4714901747223461 0.22322857398954282
			vertex 0.17445650696754456 1.4143635302883841 0.25683267162542356
			vertex 0.21971754729747772 1.4157263260828927 0.21971758431084198
		endloop
	endfacet
	facet normal 0.7689351288923933 -0.0882811304644389 0.6332023448781275
		outer loop
			vertex 0.25683262944221497 1.4143635192204225 0.17445653808279155
			vertex 0.2232285439968109 1.4714901747223461 0.22322857398954282
			vertex 0.21971754729747772 1.4157263260828927 0.21971758431084198
		endloop
	endfacet
	facet normal 0.7674002887608943 -0.09050411315855786 0.6347486134770831
		outer loop
			vertex 0.26112744212150574 1.471490168566142 0.1774094492143733
			vertex 0.2232285439968109 1.4714901747223461 0.22322857398954282
			vertex 0.25683262944221497 1.4143635192204225 0.17445653808279155
		endloop
	endfacet
	facet normal 0.876142048443295 -0.09034492108106065 0.4735112524369869
		outer loop
			vertex 0.2851276993751526 1.411643632600561 0.12158297204806928
			vertex 0.26112744212150574 1.471490168566142 0.1774094492143733
			vertex 0.25683262944221497 1.4143635192204225 0.17445653808279155
		endloop
	endfacet
	facet normal 0.8736267278185434 -0.09485271861241466 0.47726229917404817
		outer loop
			vertex 0.29037800431251526 1.4714901613721614 0.12386641080472512
			vertex 0.26112744212150574 1.471490168566142 0.1774094492143733
			vertex 0.2851276993751526 1.411643632600561 0.12158297204806928
		endloop
	endfacet
	facet normal 0.9513833016830803 -0.09464782690809095 0.29310681012248285
		outer loop
			vertex 0.3030521869659424 1.4089555740356476 0.06253460984986134
			vertex 0.29037800431251526 1.4714901613721614 0.12386641080472512
			vertex 0.2851276993751526 1.411643632600561 0.12158297204806928
		endloop
	endfacet
	facet normal 0.9496434788397308 -0.09907144897833538 0.2972576510277021
		outer loop
			vertex 0.30917128920555115 1.4714901533054503 0.0638278510498197
			vertex 0.29037800431251526 1.4714901613721614 0.12386641080472512
			vertex 0.3030521869659424 1.4089555740356476 0.06253460984986134
		endloop
	endfacet
	facet normal 0.6347487024637646 -0.09050409759737729 0.767400216991533
		outer loop
			vertex 0.17740942537784576 1.471490179814399 0.26112747720629026
			vertex 0.17445650696754456 1.4143635302883841 0.25683267162542356
			vertex 0.2232285439968109 1.4714901747223461 0.22322857398954282
		endloop
	endfacet
	facet normal 0.11518829354019494 -0.11518900603506678 0.9866423617096274
		outer loop
			vertex 0 1.4714901872707309 0.3166231342388094
			vertex 0 1.4076624246266747 0.30917133932127594
			vertex 0.0638282299041748 1.471490186269515 0.309171330745452
		endloop
	endfacet
	facet normal 0.09893490352588877 -0.0989354963074868 0.9901634473331736
		outer loop
			vertex 0.0638282299041748 1.471490186269515 0.309171330745452
			vertex 0 1.4076624246266747 0.30917133932127594
			vertex 0.06253459304571152 1.4089556063513167 0.3030522360857611
		endloop
	endfacet
	facet normal 0.2972594034628427 -0.09907317852289946 0.9496427498540094
		outer loop
			vertex 0.0638282299041748 1.471490186269515 0.309171330745452
			vertex 0.06253459304571152 1.4089556063513167 0.3030522360857611
			vertex 0.12386639416217804 1.471490183744471 0.2903780433273719
		endloop
	endfacet
	facet normal 0.2931068690492615 -0.09464774888064975 0.9513832912911414
		outer loop
			vertex 0.12386639416217804 1.471490183744471 0.2903780433273719
			vertex 0.06253459304571152 1.4089556063513167 0.3030522360857611
			vertex 0.12158294767141342 1.4116436545742468 0.28512774572549426
		endloop
	endfacet
	facet normal 0.4772623848892192 -0.09485267218122512 0.8736266860335347
		outer loop
			vertex 0.12386639416217804 1.471490183744471 0.2903780433273719
			vertex 0.12158294767141342 1.4116436545742468 0.28512774572549426
			vertex 0.17740942537784576 1.471490179814399 0.26112747720629026
		endloop
	endfacet
	facet normal 0.4735113384908812 -0.09034487358034687 0.8761420068335529
		outer loop
			vertex 0.17740942537784576 1.471490179814399 0.26112747720629026
			vertex 0.12158294767141342 1.4116436545742468 0.28512774572549426
			vertex 0.17445650696754456 1.4143635302883841 0.25683267162542356
		endloop
	endfacet
	facet normal 0.4644219584967123 -0.27684909889078807 0.8412293509557527
		outer loop
			vertex 0.12158294767141342 1.4116436545742468 0.28512774572549426
			vertex 0.11648111045360565 1.3550090995128523 0.269305877067345
			vertex 0.17445650696754456 1.4143635302883841 0.25683267162542356
		endloop
	endfacet
	facet normal 0.2816241566247226 -0.28162404652445083 0.9172653546409608
		outer loop
			vertex 0.12158294767141342 1.4116436545742468 0.28512774572549426
			vertex 0.05984647199511528 1.3499071817789787 0.2851277540203351
			vertex 0.11648111045360565 1.3550090995128523 0.269305877067345
		endloop
	endfacet
	facet normal 0.27684944400764777 -0.46442194206159 0.8412292464509289
		outer loop
			vertex 0.05984647199511528 1.3499071817789787 0.2851277540203351
			vertex 0.057126663625240326 1.297033678632358 0.25683268738972614
			vertex 0.11648111045360565 1.3550090995128523 0.269305877067345
		endloop
	endfacet
	facet normal 0.09034512751861415 -0.4735115425331273 0.8761418703734822
		outer loop
			vertex 0.05984647199511528 1.3499071817789787 0.2851277540203351
			vertex 1.9050000688025648e-8 1.294080745501189 0.2611275010428158
			vertex 0.057126663625240326 1.297033678632358 0.25683268738972614
		endloop
	endfacet
	facet normal 0.09050438075028475 -0.6347481482310339 0.7674006420262371
		outer loop
			vertex 1.9050000688025648e-8 1.294080745501189 0.2611275010428158
			vertex 3.8100001376051296e-8 1.248261570930477 0.22322860398227876
			vertex 0.057126663625240326 1.297033678632358 0.25683268738972614
		endloop
	endfacet
	facet normal -0.0883002630607524 -0.6348742920198749 0.7675530580198769
		outer loop
			vertex 1.9050000688025648e-8 1.294080745501189 0.2611275010428158
			vertex -0.0557638481259346 1.2517726421356261 0.21971760633946852
			vertex 3.8100001376051296e-8 1.248261570930477 0.22322860398227876
		endloop
	endfacet
	facet normal -0.08828218418266409 -0.768934782903461 0.6332026181224661
		outer loop
			vertex -0.057126663625240326 1.2146575340217642 0.17445656491505576
			vertex 3.8100001376051296e-8 1.248261570930477 0.22322860398227876
			vertex -0.0557638481259346 1.2517726421356261 0.21971760633946852
		endloop
	endfacet
	facet normal -0.2640744711400672 -0.7418962292502489 0.6163235016745313
		outer loop
			vertex -0.057126663625240326 1.2146575340217642 0.17445656491505576
			vertex -0.0557638481259346 1.2517726421356261 0.21971760633946852
			vertex -0.1107407808303833 1.2275404826715859 0.16699245132996035
		endloop
	endfacet
	facet normal -0.2674561714419712 -0.8486273179066125 0.456397712154906
		outer loop
			vertex -0.11648111045360565 1.202184298962801 0.11648116228749719
			vertex -0.057126663625240326 1.2146575340217642 0.17445656491505576
			vertex -0.1107407808303833 1.2275404826715859 0.16699245132996035
		endloop
	endfacet
	facet normal -0.44203865920585306 -0.7805116138332209 0.44204461815404217
		outer loop
			vertex -0.11648111045360565 1.202184298962801 0.11648116228749719
			vertex -0.1107407808303833 1.2275404826715859 0.16699245132996035
			vertex -0.1669923961162567 1.2275404751137842 0.11074158099492562
		endloop
	endfacet
	facet normal -0.45639463705881 -0.848630057252889 0.2674527270208994
		outer loop
			vertex -0.17445650696754456 1.2146575182574606 0.05712670580844794
			vertex -0.11648111045360565 1.202184298962801 0.11648116228749719
			vertex -0.1669923961162567 1.2275404751137842 0.11074158099492562
		endloop
	endfacet
	facet normal -0.6163239953949582 -0.7418970261052007 0.26407108012172525
		outer loop
			vertex -0.17445650696754456 1.2146575182574606 0.05712670580844794
			vertex -0.1669923961162567 1.2275404751137842 0.11074158099492562
			vertex -0.21971754729747772 1.2517726201069947 0.05576388513929388
		endloop
	endfacet
	facet normal -0.6323290664437144 -0.7671493665412504 0.10789717858117844
		outer loop
			vertex -0.22397370636463165 1.2475164828531315 0.0005596048596036358
			vertex -0.17445650696754456 1.2146575182574606 0.05712670580844794
			vertex -0.21971754729747772 1.2517726201069947 0.05576388513929388
		endloop
	endfacet
	facet normal -0.7657815362217721 -0.6339811484518744 0.10791914653788491
		outer loop
			vertex -0.22397370636463165 1.2475164828531315 0.0005596048596036358
			vertex -0.21971754729747772 1.2517726201069947 0.05576388513929388
			vertex -0.2620040476322174 1.2934530734977747 0.0005595986876166722
		endloop
	endfacet
	facet normal -0.7671389676675981 -0.6351049759565696 -0.09021903236622199
		outer loop
			vertex -0.2620040476322174 1.2934530734977747 0.0005595986876166722
			vertex -0.2577107548713684 1.296413628896433 -0.05678767611725575
			vertex -0.22397370636463165 1.2475164828531315 0.0005596048596036358
		endloop
	endfacet
	facet normal -0.7669269707734824 -0.6322137174491147 0.11013099913004093
		outer loop
			vertex -0.2620040476322174 1.2934530734977747 0.0005595986876166722
			vertex -0.21971754729747772 1.2517726201069947 0.05576388513929388
			vertex -0.25683262944221497 1.2970336518000927 0.05712669474048632
		endloop
	endfacet
	facet normal -0.7430611549441469 -0.6171221244109092 0.25888299205555576
		outer loop
			vertex -0.21971754729747772 1.2517726201069947 0.05576388513929388
			vertex -0.20982462167739868 1.261665449731792 0.10774154757543768
			vertex -0.25683262944221497 1.2970336518000927 0.05712669474048632
		endloop
	endfacet
	facet normal -0.6129261981922146 -0.7465713339757544 0.2587522344933487
		outer loop
			vertex -0.21971754729747772 1.2517726201069947 0.05576388513929388
			vertex -0.1669923961162567 1.2275404751137842 0.11074158099492562
			vertex -0.20982462167739868 1.261665449731792 0.10774154757543768
		endloop
	endfacet
	facet normal -0.5834483661360269 -0.6954437561355584 0.4194591590432456
		outer loop
			vertex -0.1669923961162567 1.2275404751137842 0.11074158099492562
			vertex -0.15736383199691772 1.2475829035043733 0.15736388322406195
			vertex -0.20982462167739868 1.261665449731792 0.10774154757543768
		endloop
	endfacet
	facet normal -0.43005226474969405 -0.7937916028869443 0.4300580667419637
		outer loop
			vertex -0.1669923961162567 1.2275404751137842 0.11074158099492562
			vertex -0.1107407808303833 1.2275404826715859 0.16699245132996035
			vertex -0.15736383199691772 1.2475829035043733 0.15736388322406195
		endloop
	endfacet
	facet normal -0.4194541454845166 -0.6954494330978818 0.583445203802113
		outer loop
			vertex -0.1107407808303833 1.2275404826715859 0.16699245132996035
			vertex -0.10774150490760803 1.2616654634475628 0.20982467806099916
			vertex -0.15736383199691772 1.2475829035043733 0.15736388322406195
		endloop
	endfacet
	facet normal -0.7452033391379127 -0.6122261156318515 0.26429371289540743
		outer loop
			vertex -0.25683262944221497 1.2970336518000927 0.05712669474048632
			vertex -0.20982462167739868 1.261665449731792 0.10774154757543768
			vertex -0.24394972622394562 1.3044977112532297 0.11074157065504077
		endloop
	endfacet
	facet normal -0.6985961667748677 -0.5853988270462674 0.41142631060776313
		outer loop
			vertex -0.20982462167739868 1.261665449731792 0.10774154757543768
			vertex -0.19561059772968292 1.2758794964505695 0.1521012505174138
			vertex -0.24394972622394562 1.3044977112532297 0.11074157065504077
		endloop
	endfacet
	facet normal -0.5780621602854763 -0.7048765008560678 0.4110878949652912
		outer loop
			vertex -0.20982462167739868 1.261665449731792 0.10774154757543768
			vertex -0.15736383199691772 1.2475829035043733 0.15736388322406195
			vertex -0.19561059772968292 1.2758794964505695 0.1521012505174138
		endloop
	endfacet
	facet normal -0.5456456457289871 -0.6360358836894013 0.5456456578737149
		outer loop
			vertex -0.15736383199691772 1.2475829035043733 0.15736388322406195
			vertex -0.15210120379924774 1.275879502296442 0.1956106502937214
			vertex -0.19561059772968292 1.2758794964505695 0.1521012505174138
		endloop
	endfacet
	facet normal -0.5278983507122268 -0.6653169493835405 0.5278983691756305
		outer loop
			vertex -0.19561059772968292 1.2758794964505695 0.1521012505174138
			vertex -0.15210120379924774 1.275879502296442 0.1956106502937214
			vertex -0.18226541578769684 1.289224624633775 0.18226546476565655
		endloop
	endfacet
	facet normal -0.5292064177522025 -0.5505065631783772 0.6456648444103279
		outer loop
			vertex -0.15736383199691772 1.3141263812780446 0.2239072835116821
			vertex -0.18226541578769684 1.289224624633775 0.18226546476565655
			vertex -0.15210120379924774 1.275879502296442 0.1956106502937214
		endloop
	endfacet
	facet normal -0.4203056574171636 -0.5763414858799517 0.7008378171851283
		outer loop
			vertex -0.15736383199691772 1.3141263812780446 0.2239072835116821
			vertex -0.15210120379924774 1.275879502296442 0.1956106502937214
			vertex -0.1107407808303833 1.3044977291509303 0.24394978143766327
		endloop
	endfacet
	facet normal -0.4297112204359708 -0.44363345739776766 0.7864716285465939
		outer loop
			vertex -0.11648111045360565 1.3550090995128523 0.269305877067345
			vertex -0.15736383199691772 1.3141263812780446 0.2239072835116821
			vertex -0.1107407808303833 1.3044977291509303 0.24394978143766327
		endloop
	endfacet
	facet normal -0.2773290123097281 -0.45602473412519545 0.845653629329027
		outer loop
			vertex -0.11648111045360565 1.3550090995128523 0.269305877067345
			vertex -0.1107407808303833 1.3044977291509303 0.24394978143766327
			vertex -0.05984647199511528 1.3499071817789787 0.2851277540203351
		endloop
	endfacet
	facet normal -0.28164717938372485 -0.2904261990281171 0.9145094254644249
		outer loop
			vertex -0.06253459304571152 1.4089556063513167 0.3030522360857611
			vertex -0.11648111045360565 1.3550090995128523 0.269305877067345
			vertex -0.05984647199511528 1.3499071817789787 0.2851277540203351
		endloop
	endfacet
	facet normal -0.41108786461466723 -0.704876494063553 0.5780621901519136
		outer loop
			vertex -0.15736383199691772 1.2475829035043733 0.15736388322406195
			vertex -0.10774150490760803 1.2616654634475628 0.20982467806099916
			vertex -0.15210120379924774 1.275879502296442 0.1956106502937214
		endloop
	endfacet
	facet normal -0.4114261174844956 -0.5853945239080486 0.698599886365653
		outer loop
			vertex -0.1107407808303833 1.3044977291509303 0.24394978143766327
			vertex -0.15210120379924774 1.275879502296442 0.1956106502937214
			vertex -0.10774150490760803 1.2616654634475628 0.20982467806099916
		endloop
	endfacet
	facet normal -0.26429727685186954 -0.6122228229426724 0.7452047802562672
		outer loop
			vertex -0.1107407808303833 1.3044977291509303 0.24394978143766327
			vertex -0.10774150490760803 1.2616654634475628 0.20982467806099916
			vertex -0.057126663625240326 1.297033678632358 0.25683268738972614
		endloop
	endfacet
	facet normal -0.26752413139631664 -0.46529632794538 0.8437595429511845
		outer loop
			vertex -0.05984647199511528 1.3499071817789787 0.2851277540203351
			vertex -0.1107407808303833 1.3044977291509303 0.24394978143766327
			vertex -0.057126663625240326 1.297033678632358 0.25683268738972614
		endloop
	endfacet
	facet normal 0.09907116966093044 -0.29725692262300396 0.949643735984562
		outer loop
			vertex 0 1.4076624246266747 0.30917133932127594
			vertex 1.9050000688025648e-8 1.3476237282362564 0.290378059969925
			vertex 0.06253459304571152 1.4089556063513167 0.3030522360857611
		endloop
	endfacet
	facet normal 0.0946480305541046 -0.2931065400214985 0.9513833646374394
		outer loop
			vertex 0.06253459304571152 1.4089556063513167 0.3030522360857611
			vertex 1.9050000688025648e-8 1.3476237282362564 0.290378059969925
			vertex 0.05984647199511528 1.3499071817789787 0.2851277540203351
		endloop
	endfacet
	facet normal 0.29004718072650154 -0.2900470717266525 0.9120007286923638
		outer loop
			vertex 0.06253459304571152 1.4089556063513167 0.3030522360857611
			vertex 0.05984647199511528 1.3499071817789787 0.2851277540203351
			vertex 0.12158294767141342 1.4116436545742468 0.28512774572549426
		endloop
	endfacet
	facet normal 0.09485296600042013 -0.4772626192415332 0.8736265261057695
		outer loop
			vertex 1.9050000688025648e-8 1.3476237282362564 0.290378059969925
			vertex 1.9050000688025648e-8 1.294080745501189 0.2611275010428158
			vertex 0.05984647199511528 1.3499071817789787 0.2851277540203351
		endloop
	endfacet
	facet normal -0.258752092182118 -0.7465735950553375 0.6129235041646925
		outer loop
			vertex -0.1107407808303833 1.2275404826715859 0.16699245132996035
			vertex -0.0557638481259346 1.2517726421356261 0.21971760633946852
			vertex -0.10774150490760803 1.2616654634475628 0.20982467806099916
		endloop
	endfacet
	facet normal -0.25888296079697204 -0.6171220995813708 0.7430611864559166
		outer loop
			vertex -0.057126663625240326 1.297033678632358 0.25683268738972614
			vertex -0.10774150490760803 1.2616654634475628 0.20982467806099916
			vertex -0.0557638481259346 1.2517726421356261 0.21971760633946852
		endloop
	endfacet
	facet normal -0.09052108894883498 -0.6331151931739338 0.7687464371480688
		outer loop
			vertex -0.057126663625240326 1.297033678632358 0.25683268738972614
			vertex -0.0557638481259346 1.2517726421356261 0.21971760633946852
			vertex 1.9050000688025648e-8 1.294080745501189 0.2611275010428158
		endloop
	endfacet
	facet normal -0.0903875580728207 -0.47746175948627373 0.8739910511978394
		outer loop
			vertex 1.9050000688025648e-8 1.3476237282362564 0.290378059969925
			vertex -0.057126663625240326 1.297033678632358 0.25683268738972614
			vertex 1.9050000688025648e-8 1.294080745501189 0.2611275010428158
		endloop
	endfacet
	facet normal -0.09488847497516197 -0.4734934102004737 0.8756712669795752
		outer loop
			vertex -0.05984647199511528 1.3499071817789787 0.2851277540203351
			vertex -0.057126663625240326 1.297033678632358 0.25683268738972614
			vertex 1.9050000688025648e-8 1.3476237282362564 0.290378059969925
		endloop
	endfacet
	facet normal -0.09469423962096604 -0.2973842523011276 0.9500503183862983
		outer loop
			vertex 0 1.4076624246266747 0.30917133932127594
			vertex -0.05984647199511528 1.3499071817789787 0.2851277540203351
			vertex 1.9050000688025648e-8 1.3476237282362564 0.290378059969925
		endloop
	endfacet
	facet normal -0.09911052608480031 -0.29316614022285215 0.950910467839128
		outer loop
			vertex -0.06253459304571152 1.4089556063513167 0.3030522360857611
			vertex -0.05984647199511528 1.3499071817789787 0.2851277540203351
			vertex 0 1.4076624246266747 0.30917133932127594
		endloop
	endfacet
	facet normal -0.09909915077357619 -0.11539006930310407 0.9883645533011496
		outer loop
			vertex 0 1.4714901872707309 0.3166231342388094
			vertex -0.06253459304571152 1.4089556063513167 0.3030522360857611
			vertex 0 1.4076624246266747 0.30917133932127594
		endloop
	endfacet
	facet normal -0.11539005628550547 -0.09909916074499477 0.9883645538211424
		outer loop
			vertex -0.06382784247398376 1.471490186269515 0.309171330745452
			vertex -0.06253459304571152 1.4089556063513167 0.3030522360857611
			vertex 0 1.4714901872707309 0.3166231342388094
		endloop
	endfacet
	facet normal -0.2931664707209295 -0.09911072868245205 0.9509103448301884
		outer loop
			vertex -0.06382784247398376 1.471490186269515 0.309171330745452
			vertex -0.12158294767141342 1.4116436545742468 0.28512774572549426
			vertex -0.06253459304571152 1.4089556063513167 0.3030522360857611
		endloop
	endfacet
	facet normal -0.2904263184645427 -0.28164705790371963 0.9145094249472286
		outer loop
			vertex -0.12158294767141342 1.4116436545742468 0.28512774572549426
			vertex -0.11648111045360565 1.3550090995128523 0.269305877067345
			vertex -0.06253459304571152 1.4089556063513167 0.3030522360857611
		endloop
	endfacet
	facet normal -0.4560252454476736 -0.2773286506757718 0.8456534721910299
		outer loop
			vertex -0.12158294767141342 1.4116436545742468 0.28512774572549426
			vertex -0.1669923961162567 1.3607493817970329 0.24394977387975658
			vertex -0.11648111045360565 1.3550090995128523 0.269305877067345
		endloop
	endfacet
	facet normal -0.443633866984399 -0.42971080513686566 0.7864716244169876
		outer loop
			vertex -0.1669923961162567 1.3607493817970329 0.24394977387975658
			vertex -0.15736383199691772 1.3141263812780446 0.2239072835116821
			vertex -0.11648111045360565 1.3550090995128523 0.269305877067345
		endloop
	endfacet
	facet normal -0.5763426286675098 -0.4203049315968555 0.7008373126881784
		outer loop
			vertex -0.1669923961162567 1.3607493817970329 0.24394977387975658
			vertex -0.19561059772968292 1.3193889914797288 0.19561064444783696
			vertex -0.15736383199691772 1.3141263812780446 0.2239072835116821
		endloop
	endfacet
	facet normal -0.5505078232795203 -0.5292051906983436 0.6456647757512984
		outer loop
			vertex -0.19561059772968292 1.3193889914797288 0.19561064444783696
			vertex -0.18226541578769684 1.289224624633775 0.18226546476565655
			vertex -0.15736383199691772 1.3141263812780446 0.2239072835116821
		endloop
	endfacet
	facet normal -0.6456647815243405 -0.5292051953902375 0.5505078119982552
		outer loop
			vertex -0.2239072322845459 1.3141263723373493 0.15736387428335877
			vertex -0.18226541578769684 1.289224624633775 0.18226546476565655
			vertex -0.19561059772968292 1.3193889914797288 0.19561064444783696
		endloop
	endfacet
	facet normal -0.6456648453261243 -0.5505065687053757 0.5292064108854175
		outer loop
			vertex -0.19561059772968292 1.2758794964505695 0.1521012505174138
			vertex -0.18226541578769684 1.289224624633775 0.18226546476565655
			vertex -0.2239072322845459 1.3141263723373493 0.15736387428335877
		endloop
	endfacet
	facet normal -0.7008353594539625 -0.5763404494190466 0.42031117675180457
		outer loop
			vertex -0.24394972622394562 1.3044977112532297 0.11074157065504077
			vertex -0.19561059772968292 1.2758794964505695 0.1521012505174138
			vertex -0.2239072322845459 1.3141263723373493 0.15736387428335877
		endloop
	endfacet
	facet normal -0.1151889829911901 0.11518929580926501 0.9866422473867724
		outer loop
			vertex 0 1.4714901872707309 0.3166231342388094
			vertex 1.9050000688025648e-8 1.5353179479123558 0.3091713221696281
			vertex -0.06382784247398376 1.471490186269515 0.309171330745452
		endloop
	endfacet
	facet normal -0.877409373672685 -0.4712221138222535 -0.09001394578727269
		outer loop
			vertex -0.2620040476322174 1.2934530734977747 0.0005595986876166722
			vertex -0.28594404458999634 1.3495044464390953 -0.059514078299914286
			vertex -0.2577107548713684 1.296413628896433 -0.05678767611725575
		endloop
	endfacet
	facet normal -0.8748111890509772 -0.4751207839470142 -0.09468697995389853
		outer loop
			vertex -0.29119428992271423 1.3471993041687629 0.0005595914663355454
			vertex -0.28594404458999634 1.3495044464390953 -0.059514078299914286
			vertex -0.2620040476322174 1.2934530734977747 0.0005595986876166722
		endloop
	endfacet
	facet normal -0.8734386100200814 -0.47437529182240373 0.10987755473525024
		outer loop
			vertex -0.2620040476322174 1.2934530734977747 0.0005595986876166722
			vertex -0.25683262944221497 1.2970336518000927 0.05712669474048632
			vertex -0.29119428992271423 1.3471993041687629 0.0005595914663355454
		endloop
	endfacet
	facet normal -0.8738487592054933 -0.47334885069107296 0.11103698295820279
		outer loop
			vertex -0.29119428992271423 1.3471993041687629 0.0005595914663355454
			vertex -0.25683262944221497 1.2970336518000927 0.05712669474048632
			vertex -0.2851276993751526 1.3499071515104506 0.059846496371769656
		endloop
	endfacet
	facet normal -0.8437604512511965 -0.46529668367332266 0.26752064792644564
		outer loop
			vertex -0.25683262944221497 1.2970336518000927 0.05712669474048632
			vertex -0.24394972622394562 1.3044977112532297 0.11074157065504077
			vertex -0.2851276993751526 1.3499071515104506 0.059846496371769656
		endloop
	endfacet
	facet normal -0.8456553071349978 -0.45602151269148555 0.2773291933370554
		outer loop
			vertex -0.2851276993751526 1.3499071515104506 0.059846496371769656
			vertex -0.24394972622394562 1.3044977112532297 0.11074157065504077
			vertex -0.2693058252334595 1.3550090789794984 0.11648114175413725
		endloop
	endfacet
	facet normal -0.7864716916803606 -0.44362776640900276 0.42971698018159765
		outer loop
			vertex -0.24394972622394562 1.3044977112532297 0.11074157065504077
			vertex -0.2239072322845459 1.3141263723373493 0.15736387428335877
			vertex -0.2693058252334595 1.3550090789794984 0.11648114175413725
		endloop
	endfacet
	facet normal -0.7864716277873535 -0.4297108268515699 0.4436338399762249
		outer loop
			vertex -0.2693058252334595 1.3550090789794984 0.11648114175413725
			vertex -0.2239072322845459 1.3141263723373493 0.15736387428335877
			vertex -0.24394972622394562 1.360749371457134 0.1669924334321688
		endloop
	endfacet
	facet normal -0.7008373354079572 -0.4203049393446987 0.5763425953898632
		outer loop
			vertex -0.2239072322845459 1.3141263723373493 0.15736387428335877
			vertex -0.19561059772968292 1.3193889914797288 0.19561064444783696
			vertex -0.24394972622394562 1.360749371457134 0.1669924334321688
		endloop
	endfacet
	facet normal -0.6985997644935249 -0.4114268260696912 0.5853941713408254
		outer loop
			vertex -0.24394972622394562 1.360749371457134 0.1669924334321688
			vertex -0.19561059772968292 1.3193889914797288 0.19561064444783696
			vertex -0.20982462167739868 1.363748564130798 0.2098246643452323
		endloop
	endfacet
	facet normal -0.5853942061474902 -0.41142681889459354 0.6985997395527895
		outer loop
			vertex -0.20982462167739868 1.363748564130798 0.2098246643452323
			vertex -0.19561059772968292 1.3193889914797288 0.19561064444783696
			vertex -0.1669923961162567 1.3607493817970329 0.24394977387975658
		endloop
	endfacet
	facet normal -0.6122228357413368 -0.26429766378161157 0.7452046325113784
		outer loop
			vertex -0.17445650696754456 1.4143635302883841 0.25683267162542356
			vertex -0.20982462167739868 1.363748564130798 0.2098246643452323
			vertex -0.1669923961162567 1.3607493817970329 0.24394977387975658
		endloop
	endfacet
	facet normal -0.46529628135748385 -0.2675243525756786 0.8437594985147495
		outer loop
			vertex -0.17445650696754456 1.4143635302883841 0.25683267162542356
			vertex -0.1669923961162567 1.3607493817970329 0.24394977387975658
			vertex -0.12158294767141342 1.4116436545742468 0.28512774572549426
		endloop
	endfacet
	facet normal -0.47349321108554543 -0.09488824066536405 0.8756714000350423
		outer loop
			vertex -0.12386639416217804 1.471490183744471 0.2903780433273719
			vertex -0.17445650696754456 1.4143635302883841 0.25683267162542356
			vertex -0.12158294767141342 1.4116436545742468 0.28512774572549426
		endloop
	endfacet
	facet normal -0.2973849965427455 -0.09469402160147058 0.9500501071544657
		outer loop
			vertex -0.12386639416217804 1.471490183744471 0.2903780433273719
			vertex -0.12158294767141342 1.4116436545742468 0.28512774572549426
			vertex -0.06382784247398376 1.471490186269515 0.309171330745452
		endloop
	endfacet
	facet normal -0.2972577101447413 0.09907162733859859 0.949643441727466
		outer loop
			vertex -0.06382784247398376 1.471490186269515 0.309171330745452
			vertex -0.06253459304571152 1.5340247645434029 0.3030522192816143
			vertex -0.12386639416217804 1.471490183744471 0.2903780433273719
		endloop
	endfacet
	facet normal -0.0989348671210231 0.09893515497688522 0.9901634850757955
		outer loop
			vertex -0.06382784247398376 1.471490186269515 0.309171330745452
			vertex 1.9050000688025648e-8 1.5353179479123558 0.3091713221696281
			vertex -0.06253459304571152 1.5340247645434029 0.3030522192816143
		endloop
	endfacet
	facet normal -0.09907113949490241 0.2972572073358893 0.9496436500109131
		outer loop
			vertex 1.9050000688025648e-8 1.5353179479123558 0.3091713221696281
			vertex 1.9050000688025648e-8 1.5953566392526857 0.2903780266848188
			vertex -0.06253459304571152 1.5340247645434029 0.3030522192816143
		endloop
	endfacet
	facet normal -0.8749257185927383 0.09008009907419291 -0.47580517304435077
		outer loop
			vertex -0.29119428992271423 1.4714900088902236 -0.12377365851439591
			vertex -0.2577107548713684 1.528811200611406 -0.1744921220866269
			vertex -0.2620040476322174 1.4714900016783856 -0.17744960784917035
		endloop
	endfacet
	facet normal -0.8745565028628022 -0.09461192319254946 -0.4756043600411933
		outer loop
			vertex -0.29119428992271423 1.4714900088902236 -0.12377365851439591
			vertex -0.2620040476322174 1.4714900016783856 -0.17744960784917035
			vertex -0.28594404458999634 1.4114449972393928 -0.12148322990487626
		endloop
	endfacet
	facet normal -0.9514416520524607 -0.09436943891579379 -0.2930071530498916
		outer loop
			vertex -0.3039303123950958 1.4087433647113594 -0.062208786534506705
			vertex -0.29119428992271423 1.4714900088902236 -0.12377365851439591
			vertex -0.28594404458999634 1.4114449972393928 -0.12148322990487626
		endloop
	endfacet
	facet normal -0.9120114127412327 -0.2900972656078552 -0.28996337616427775
		outer loop
			vertex -0.3039303123950958 1.4087433647113594 -0.062208786534506705
			vertex -0.28594404458999634 1.4114449972393928 -0.12148322990487626
			vertex -0.28594404458999634 1.3495044464390953 -0.059514078299914286
		endloop
	endfacet
	facet normal -0.9513923378098393 -0.2931581477038225 -0.09439766941822565
		outer loop
			vertex -0.29119428992271423 1.3471993041687629 0.0005595914663355454
			vertex -0.3039303123950958 1.4087433647113594 -0.062208786534506705
			vertex -0.28594404458999634 1.3495044464390953 -0.059514078299914286
		endloop
	endfacet
	facet normal -0.9495454201058826 -0.29756383605823233 -0.09909217237628987
		outer loop
			vertex -0.31007418036460876 1.4074462566909636 0.0005595833716249814
			vertex -0.3039303123950958 1.4087433647113594 -0.062208786534506705
			vertex -0.29119428992271423 1.3471993041687629 0.0005595914663355454
		endloop
	endfacet
	facet normal -0.9483856993681412 -0.29720038036289936 0.11061871065127146
		outer loop
			vertex -0.29119428992271423 1.3471993041687629 0.0005595914663355454
			vertex -0.2851276993751526 1.3499071515104506 0.059846496371769656
			vertex -0.31007418036460876 1.4074462566909636 0.0005595833716249814
		endloop
	endfacet
	facet normal -0.9491084863159344 -0.2933280537195581 0.11468101021604178
		outer loop
			vertex -0.31007418036460876 1.4074462566909636 0.0005595833716249814
			vertex -0.2851276993751526 1.3499071515104506 0.059846496371769656
			vertex -0.3030521869659424 1.4089555740356476 0.06253460984986134
		endloop
	endfacet
	facet normal -0.9145094163008056 -0.29042625451950754 0.28164715191695083
		outer loop
			vertex -0.2851276993751526 1.3499071515104506 0.059846496371769656
			vertex -0.2693058252334595 1.3550090789794984 0.11648114175413725
			vertex -0.3030521869659424 1.4089555740356476 0.06253460984986134
		endloop
	endfacet
	facet normal -0.9145094175802682 -0.281647113298534 0.2904262879417108
		outer loop
			vertex -0.3030521869659424 1.4089555740356476 0.06253460984986134
			vertex -0.2693058252334595 1.3550090789794984 0.11648114175413725
			vertex -0.2851276993751526 1.411643632600561 0.12158297204806928
		endloop
	endfacet
	facet normal -0.8456534909252297 -0.27732868412779266 0.456025190363339
		outer loop
			vertex -0.2693058252334595 1.3550090789794984 0.11648114175413725
			vertex -0.24394972622394562 1.360749371457134 0.1669924334321688
			vertex -0.2851276993751526 1.411643632600561 0.12158297204806928
		endloop
	endfacet
	facet normal -0.8437595197719033 -0.2675243856177083 0.4652962238124811
		outer loop
			vertex -0.2851276993751526 1.411643632600561 0.12158297204806928
			vertex -0.24394972622394562 1.360749371457134 0.1669924334321688
			vertex -0.25683262944221497 1.4143635192204225 0.17445653808279155
		endloop
	endfacet
	facet normal -0.7452046790516303 -0.26429767523874115 0.6122227741459423
		outer loop
			vertex -0.24394972622394562 1.360749371457134 0.1669924334321688
			vertex -0.20982462167739868 1.363748564130798 0.2098246643452323
			vertex -0.25683262944221497 1.4143635192204225 0.17445653808279155
		endloop
	endfacet
	facet normal -0.7430611418083095 -0.25888352681407906 0.6171219158957454
		outer loop
			vertex -0.25683262944221497 1.4143635192204225 0.17445653808279155
			vertex -0.20982462167739868 1.363748564130798 0.2098246643452323
			vertex -0.21971754729747772 1.4157263260828927 0.21971758431084198
		endloop
	endfacet
	facet normal -0.6171219782317491 -0.258883515851429 0.743061093856848
		outer loop
			vertex -0.21971754729747772 1.4157263260828927 0.21971758431084198
			vertex -0.20982462167739868 1.363748564130798 0.2098246643452323
			vertex -0.17445650696754456 1.4143635302883841 0.25683267162542356
		endloop
	endfacet
	facet normal -0.6331152097804241 -0.09052087145830778 0.7687464490813067
		outer loop
			vertex -0.17740942537784576 1.471490179814399 0.26112747720629026
			vertex -0.21971754729747772 1.4157263260828927 0.21971758431084198
			vertex -0.17445650696754456 1.4143635302883841 0.25683267162542356
		endloop
	endfacet
	facet normal -0.47746152035289674 -0.09038736296531215 0.8739912020143439
		outer loop
			vertex -0.17740942537784576 1.471490179814399 0.26112747720629026
			vertex -0.17445650696754456 1.4143635302883841 0.25683267162542356
			vertex -0.12386639416217804 1.471490183744471 0.2903780433273719
		endloop
	endfacet
	facet normal -0.47726238488921907 0.09485290694015514 0.8736266605449136
		outer loop
			vertex -0.12386639416217804 1.471490183744471 0.2903780433273719
			vertex -0.12158294767141342 1.5313367115038452 0.28512772964367417
			vertex -0.17740942537784576 1.471490179814399 0.26112747720629026
		endloop
	endfacet
	facet normal -0.43043123403629674 0.7931405120715037 -0.43087942730762124
		outer loop
			vertex -0.16758450865745544 1.7162454308516846 -0.1105985746399758
			vertex -0.11110716313123703 1.7162454232713453 -0.16701718736910734
			vertex -0.15782763063907623 1.6961348147190967 -0.15736388332314205
		endloop
	endfacet
	facet normal -0.4198237848068576 0.6953151849718205 -0.583339337999803
		outer loop
			vertex -0.11110716313123703 1.7162454232713453 -0.16701718736910734
			vertex -0.10810329020023346 1.6820274592214453 -0.2099653749396439
			vertex -0.15782763063907623 1.6961348147190967 -0.15736388332314205
		endloop
	endfacet
	facet normal -0.4112552949052969 0.704970100785224 -0.5778289015021908
		outer loop
			vertex -0.15782763063907623 1.6961348147190967 -0.15736388332314205
			vertex -0.10810329020023346 1.6820274592214453 -0.2099653749396439
			vertex -0.15255264937877655 1.667765498234635 -0.19572971067696684
		endloop
	endfacet
	facet normal -0.4111443945693461 0.5768687660100298 -0.7058205959139132
		outer loop
			vertex -0.10810329020023346 1.6820274592214453 -0.2099653749396439
			vertex -0.15782763063907623 1.6293177515658832 -0.22408043509034054
			vertex -0.15255264937877655 1.667765498234635 -0.19572971067696684
		endloop
	endfacet
	facet normal -0.5448077636013392 0.5448074190756774 -0.637471079218349
		outer loop
			vertex -0.15782763063907623 1.6293177515658832 -0.22408043509034054
			vertex -0.19627538323402405 1.6240427436036877 -0.19572970480242832
			vertex -0.15255264937877655 1.667765498234635 -0.19572971067696684
		endloop
	endfacet
	facet normal -0.5768689719410846 0.4111443070942256 -0.7058204785606929
		outer loop
			vertex -0.15782763063907623 1.6293177515658832 -0.22408043509034054
			vertex -0.21053732931613922 1.5795934063426191 -0.20996536117672354
			vertex -0.19627538323402405 1.6240427436036877 -0.19572970480242832
		endloop
	endfacet
	facet normal -0.6985466933636973 0.4115986571116175 -0.5853367087878205
		outer loop
			vertex -0.24475519359111786 1.5825972481947808 -0.16701716941229375
			vertex -0.19627538323402405 1.6240427436036877 -0.19572970480242832
			vertex -0.21053732931613922 1.5795934063426191 -0.20996536117672354
		endloop
	endfacet
	facet normal -0.7451459607910395 0.2645629985219752 -0.6121796443282481
		outer loop
			vertex -0.24475519359111786 1.5825972481947808 -0.16701716941229375
			vertex -0.21053732931613922 1.5795934063426191 -0.20996536117672354
			vertex -0.2577107548713684 1.528811200611406 -0.1744921220866269
		endloop
	endfacet
	facet normal -0.8445831003891109 0.26786601290607887 -0.46360240041108236
		outer loop
			vertex -0.28594404458999634 1.5315352595751424 -0.12148324604006443
			vertex -0.24475519359111786 1.5825972481947808 -0.16701716941229375
			vertex -0.2577107548713684 1.528811200611406 -0.1744921220866269
		endloop
	endfacet
	facet normal -0.8766279958395338 0.09464622546408859 -0.47176842721377965
		outer loop
			vertex -0.28594404458999634 1.5315352595751424 -0.12148324604006443
			vertex -0.2577107548713684 1.528811200611406 -0.1744921220866269
			vertex -0.29119428992271423 1.4714900088902236 -0.12377365851439591
		endloop
	endfacet
	facet normal -0.9499989658844541 0.09441938933562176 -0.2976355888262629
		outer loop
			vertex -0.31007418036460876 1.4714900169868483 -0.06351246048017978
			vertex -0.28594404458999634 1.5315352595751424 -0.12148324604006443
			vertex -0.29119428992271423 1.4714900088902236 -0.12377365851439591
		endloop
	endfacet
	facet normal -0.9495592796832777 -0.09915759263774565 -0.29749780871405057
		outer loop
			vertex -0.31007418036460876 1.4714900169868483 -0.06351246048017978
			vertex -0.29119428992271423 1.4714900088902236 -0.12377365851439591
			vertex -0.3039303123950958 1.4087433647113594 -0.062208786534506705
		endloop
	endfacet
	facet normal -0.9901533665856368 -0.09900748208919945 -0.09896377685540599
		outer loop
			vertex -0.31007418036460876 1.4074462566909636 0.0005595833716249814
			vertex -0.31007418036460876 1.4714900169868483 -0.06351246048017978
			vertex -0.3039303123950958 1.4087433647113594 -0.062208786534506705
		endloop
	endfacet
	facet normal -0.9895299340685597 -0.10207768340733978 -0.10203262288338469
		outer loop
			vertex -0.31662309169769287 1.4714900255203087 1.6016823852908044e-14
			vertex -0.31007418036460876 1.4714900169868483 -0.06351246048017978
			vertex -0.31007418036460876 1.4074462566909636 0.0005595833716249814
		endloop
	endfacet
	facet normal -0.9883791834898684 -0.10006871880797348 0.11442395361125973
		outer loop
			vertex -0.31007418036460876 1.4074462566909636 0.0005595833716249814
			vertex -0.3030521869659424 1.4089555740356476 0.06253460984986134
			vertex -0.31662309169769287 1.4714900255203087 1.6016823852908044e-14
		endloop
	endfacet
	facet normal -0.9883645351402177 -0.09909996841755705 0.11538952264699279
		outer loop
			vertex -0.31662309169769287 1.4714900255203087 1.6016823852908044e-14
			vertex -0.3030521869659424 1.4089555740356476 0.06253460984986134
			vertex -0.30917128920555115 1.4714901533055023 0.06382823848006279
		endloop
	endfacet
	facet normal -0.9509101603177043 -0.09911260390768872 0.2931664352397724
		outer loop
			vertex -0.3030521869659424 1.4089555740356476 0.06253460984986134
			vertex -0.2851276993751526 1.411643632600561 0.12158297204806928
			vertex -0.30917128920555115 1.4714901533055023 0.06382823848006279
		endloop
	endfacet
	facet normal -0.9500495693765786 -0.09469411745706405 0.29738668404352847
		outer loop
			vertex -0.30917128920555115 1.4714901533055023 0.06382823848006279
			vertex -0.2851276993751526 1.411643632600561 0.12158297204806928
			vertex -0.29037800431251526 1.4714901613721614 0.12386641080472512
		endloop
	endfacet
	facet normal -0.6464102397737596 0.5281926042306769 -0.5506054619704078
		outer loop
			vertex -0.22464469075202942 1.6293177605298428 -0.15736387434568025
			vertex -0.18290391564369202 1.6543941498598391 -0.18231186707363486
			vertex -0.19627538323402405 1.6240427436036877 -0.19572970480242832
		endloop
	endfacet
	facet normal -0.7008313671831065 0.4206933744070242 -0.5760663846313977
		outer loop
			vertex -0.22464469075202942 1.6293177605298428 -0.15736387434568025
			vertex -0.19627538323402405 1.6240427436036877 -0.19572970480242832
			vertex -0.24475519359111786 1.5825972481947808 -0.16701716941229375
		endloop
	endfacet
	facet normal -0.7869440180100841 0.4301380116528862 -0.44238038321047424
		outer loop
			vertex -0.2700819671154022 1.5883662701354144 -0.11635437016132746
			vertex -0.22464469075202942 1.6293177605298428 -0.15736387434568025
			vertex -0.24475519359111786 1.5825972481947808 -0.16701716941229375
		endloop
	endfacet
	facet normal -0.8463905976120399 0.2772705817568113 -0.45469108278717507
		outer loop
			vertex -0.2700819671154022 1.5883662701354144 -0.11635437016132746
			vertex -0.24475519359111786 1.5825972481947808 -0.16701716941229375
			vertex -0.28594404458999634 1.5315352595751424 -0.12148324604006443
		endloop
	endfacet
	facet normal -0.9145865358517739 0.28147345326629575 -0.2903517927359819
		outer loop
			vertex -0.3039303123950958 1.5342369080312666 -0.062208803395673425
			vertex -0.2700819671154022 1.5883662701354144 -0.11635437016132746
			vertex -0.28594404458999634 1.5315352595751424 -0.12148324604006443
		endloop
	endfacet
	facet normal -0.9509301791580411 0.09919941715667215 -0.2930721242326409
		outer loop
			vertex -0.3039303123950958 1.5342369080312666 -0.062208803395673425
			vertex -0.28594404458999634 1.5315352595751424 -0.12148324604006443
			vertex -0.31007418036460876 1.4714900169868483 -0.06351246048017978
		endloop
	endfacet
	facet normal -0.9898352999883011 0.09904034967073251 -0.10206413686584054
		outer loop
			vertex -0.31662309169769287 1.4714900255203087 1.6016823852908044e-14
			vertex -0.3039303123950958 1.5342369080312666 -0.062208803395673425
			vertex -0.31007418036460876 1.4714900169868483 -0.06351246048017978
		endloop
	endfacet
	facet normal -0.9898270475330903 0.09750968329283076 -0.10360635905222043
		outer loop
			vertex -0.31053799390792847 1.5332602345490525 -8.29935752214569e-9
			vertex -0.3039303123950958 1.5342369080312666 -0.062208803395673425
			vertex -0.31662309169769287 1.4714900255203087 1.6016823852908044e-14
		endloop
	endfacet
	facet normal -0.9885330088992266 0.0973822345749783 0.11540879821671247
		outer loop
			vertex -0.31662309169769287 1.4714900255203087 1.6016823852908044e-14
			vertex -0.30917128920555115 1.4714901533055023 0.06382823848006279
			vertex -0.31053799390792847 1.5332602345490525 -8.29935752214569e-9
		endloop
	endfacet
	facet normal -0.9881643884666728 0.09911534741050095 0.11707813320164684
		outer loop
			vertex -0.31053799390792847 1.5332602345490525 -8.29935752214569e-9
			vertex -0.30917128920555115 1.4714901533055023 0.06382823848006279
			vertex -0.3030521869659424 1.5340247322277338 0.06253459304571451
		endloop
	endfacet
	facet normal -0.9496427603440529 0.09907333522696526 0.2972593177229824
		outer loop
			vertex -0.30917128920555115 1.4714901533055023 0.06382823848006279
			vertex -0.29037800431251526 1.4714901613721614 0.12386641080472512
			vertex -0.3030521869659424 1.5340247322277338 0.06253459304571451
		endloop
	endfacet
	facet normal -0.9513833016830804 0.09464790567106834 0.29310678468892787
		outer loop
			vertex -0.3030521869659424 1.5340247322277338 0.06253459304571451
			vertex -0.29037800431251526 1.4714901613721614 0.12386641080472512
			vertex -0.2851276993751526 1.5313366895301594 0.12158295596624917
		endloop
	endfacet
	facet normal -0.8736267278185437 0.09485284686122732 0.4772622736854286
		outer loop
			vertex -0.29037800431251526 1.4714901613721614 0.12386641080472512
			vertex -0.26112744212150574 1.471490168566142 0.1774094492143733
			vertex -0.2851276993751526 1.5313366895301594 0.12158295596624917
		endloop
	endfacet
	facet normal -0.876142048443295 0.09034504832190124 0.4735112281596927
		outer loop
			vertex -0.2851276993751526 1.5313366895301594 0.12158295596624917
			vertex -0.26112744212150574 1.471490168566142 0.1774094492143733
			vertex -0.25683262944221497 1.5286168171183598 0.17445652273185114
		endloop
	endfacet
	facet normal -0.7674002887608938 0.09050428372672756 0.6347485891570054
		outer loop
			vertex -0.26112744212150574 1.471490168566142 0.1774094492143733
			vertex -0.2232285439968109 1.4714901747223461 0.22322857398954282
			vertex -0.25683262944221497 1.5286168171183598 0.17445652273185114
		endloop
	endfacet
	facet normal -0.7689351288923933 0.08828130061709862 0.6332023211554045
		outer loop
			vertex -0.25683262944221497 1.5286168171183598 0.17445652273185114
			vertex -0.2232285439968109 1.4714901747223461 0.22322857398954282
			vertex -0.21971754729747772 1.5272540224183326 0.21971756932611025
		endloop
	endfacet
	facet normal -0.6332024342845025 0.08828132111139439 0.7689350333799387
		outer loop
			vertex -0.2232285439968109 1.4714901747223461 0.22322857398954282
			vertex -0.17445650696754456 1.5286168281863215 0.25683265627448315
			vertex -0.21971754729747772 1.5272540224183326 0.21971756932611025
		endloop
	endfacet
	facet normal -0.6163233658387403 0.26407385825446456 0.7418965602479953
		outer loop
			vertex -0.17445650696754456 1.5286168281863215 0.25683265627448315
			vertex -0.1669923961162567 1.5822309732158086 0.2439497441217472
			vertex -0.21971754729747772 1.5272540224183326 0.21971756932611025
		endloop
	endfacet
	facet normal -0.6464622990622346 0.5496046078182252 -0.5291703609955352
		outer loop
			vertex -0.19627538323402405 1.667765504098166 -0.152088882641271
			vertex -0.18290391564369202 1.6543941498598391 -0.18231186707363486
			vertex -0.22464469075202942 1.6293177605298428 -0.15736387434568025
		endloop
	endfacet
	facet normal -0.7011063768658755 0.5751506484214053 -0.4214873425601794
		outer loop
			vertex -0.24475519359111786 1.6390746908460698 -0.11059780431208181
			vertex -0.19627538323402405 1.667765504098166 -0.152088882641271
			vertex -0.22464469075202942 1.6293177605298428 -0.15736387434568025
		endloop
	endfacet
	facet normal -0.7869425469619122 0.4419289442056888 -0.43060450073628337
		outer loop
			vertex -0.24475519359111786 1.6390746908460698 -0.11059780431208181
			vertex -0.22464469075202942 1.6293177605298428 -0.15736387434568025
			vertex -0.2700819671154022 1.5883662701354144 -0.11635437016132746
		endloop
	endfacet
	facet normal -0.8466424349967658 0.4543212168578754 -0.2771079558142041
		outer loop
			vertex -0.28594404458999634 1.5934758270276443 -0.059514111079625606
			vertex -0.24475519359111786 1.6390746908460698 -0.11059780431208181
			vertex -0.2700819671154022 1.5883662701354144 -0.11635437016132746
		endloop
	endfacet
	facet normal -0.9145847285359365 0.2904862609687672 -0.28134055256438345
		outer loop
			vertex -0.28594404458999634 1.5934758270276443 -0.059514111079625606
			vertex -0.2700819671154022 1.5883662701354144 -0.11635437016132746
			vertex -0.3039303123950958 1.5342369080312666 -0.062208803395673425
		endloop
	endfacet
	facet normal -0.9511799716970971 0.29318605314042784 -0.09642924704802032
		outer loop
			vertex -0.31053799390792847 1.5332602345490525 -8.29935752214569e-9
			vertex -0.28594404458999634 1.5934758270276443 -0.059514111079625606
			vertex -0.3039303123950958 1.5342369080312666 -0.062208803395673425
		endloop
	endfacet
	facet normal -0.952026519998297 0.28878717217344585 -0.10122980987830182
		outer loop
			vertex -0.29252076148986816 1.5926565094667229 -1.6279772031277252e-8
			vertex -0.28594404458999634 1.5934758270276443 -0.059514111079625606
			vertex -0.31053799390792847 1.5332602345490525 -8.29935752214569e-9
		endloop
	endfacet
	facet normal -0.9511005601864195 0.2885063204725538 0.11032600536803241
		outer loop
			vertex -0.31053799390792847 1.5332602345490525 -8.29935752214569e-9
			vertex -0.3030521869659424 1.5340247322277338 0.06253459304571451
			vertex -0.29252076148986816 1.5926565094667229 -1.6279772031277252e-8
		endloop
	endfacet
	facet normal -0.9490447172510795 0.29333221785395935 0.11519693844324226
		outer loop
			vertex -0.29252076148986816 1.5926565094667229 -1.6279772031277252e-8
			vertex -0.3030521869659424 1.5340247322277338 0.06253459304571451
			vertex -0.2851276993751526 1.5930731540305851 0.05984646370026799
		endloop
	endfacet
	facet normal -0.9120007206476974 0.2900472040974241 0.2900470736507233
		outer loop
			vertex -0.3030521869659424 1.5340247322277338 0.06253459304571451
			vertex -0.2851276993751526 1.5313366895301594 0.12158295596624917
			vertex -0.2851276993751526 1.5930731540305851 0.05984646370026799
		endloop
	endfacet
	facet normal -0.9172653461262098 0.2816241787703455 0.2816240521118414
		outer loop
			vertex -0.2851276993751526 1.5930731540305851 0.05984646370026799
			vertex -0.2851276993751526 1.5313366895301594 0.12158295596624917
			vertex -0.2693058252334595 1.587971241780268 0.11648111045361165
		endloop
	endfacet
	facet normal -0.8412293711785038 0.27684925601634736 0.46442182820127453
		outer loop
			vertex -0.2851276993751526 1.5313366895301594 0.12158295596624917
			vertex -0.25683262944221497 1.5286168171183598 0.17445652273185114
			vertex -0.2693058252334595 1.587971241780268 0.11648111045361165
		endloop
	endfacet
	facet normal -0.8486282783732642 0.26745540146076463 0.4563963774776167
		outer loop
			vertex -0.2693058252334595 1.587971241780268 0.11648111045361165
			vertex -0.25683262944221497 1.5286168171183598 0.17445652273185114
			vertex -0.24394972622394562 1.5822309628759097 0.1669924036741594
		endloop
	endfacet
	facet normal -0.7418966784079228 0.2640738353311346 0.6163232334260943
		outer loop
			vertex -0.25683262944221497 1.5286168171183598 0.17445652273185114
			vertex -0.21971754729747772 1.5272540224183326 0.21971756932611025
			vertex -0.24394972622394562 1.5822309628759097 0.1669924036741594
		endloop
	endfacet
	facet normal -0.7465720997218647 0.2587536750707075 0.6129246573228141
		outer loop
			vertex -0.24394972622394562 1.5822309628759097 0.1669924036741594
			vertex -0.21971754729747772 1.5272540224183326 0.21971756932611025
			vertex -0.20982462167739868 1.5792316625027176 0.2098246353931735
		endloop
	endfacet
	facet normal -0.6129247894032857 0.2587536993441197 0.7465719828728312
		outer loop
			vertex -0.21971754729747772 1.5272540224183326 0.21971756932611025
			vertex -0.1669923961162567 1.5822309732158086 0.2439497441217472
			vertex -0.20982462167739868 1.5792316625027176 0.2098246353931735
		endloop
	endfacet
	facet normal -0.5834463699659856 0.4194553355156498 0.6954477369874519
		outer loop
			vertex -0.1669923961162567 1.5822309732158086 0.2439497441217472
			vertex -0.15736383199691772 1.6288539683490235 0.22390724122524905
			vertex -0.20982462167739868 1.5792316625027176 0.2098246353931735
		endloop
	endfacet
	facet normal -0.578062584801664 0.41108783243450286 0.7048761891826971
		outer loop
			vertex -0.20982462167739868 1.5792316625027176 0.2098246353931735
			vertex -0.15736383199691772 1.6288539683490235 0.22390724122524905
			vertex -0.19561059772968292 1.6235913505435327 0.19561060357556134
		endloop
	endfacet
	facet normal -0.5456461561865763 0.5456450470915153 0.6360359697558878
		outer loop
			vertex -0.15736383199691772 1.6288539683490235 0.22390724122524905
			vertex -0.15210120379924774 1.6671008397268194 0.1956105977296769
			vertex -0.19561059772968292 1.6235913505435327 0.19561060357556134
		endloop
	endfacet
	facet normal -0.6653177385513696 0.5278973911867068 0.5278983341015205
		outer loop
			vertex -0.19561059772968292 1.667100833880947 0.1521011979533693
			vertex -0.19561059772968292 1.6235913505435327 0.19561060357556134
			vertex -0.18226541578769684 1.6537557138033994 0.18226541578768282
		endloop
	endfacet
	facet normal -0.6360361193973384 0.545645027116182 0.5456460017313018
		outer loop
			vertex -0.2239072322845459 1.6288539594083282 0.15736383199692572
			vertex -0.19561059772968292 1.6235913505435327 0.19561060357556134
			vertex -0.19561059772968292 1.667100833880947 0.1521011979533693
		endloop
	endfacet
	facet normal -0.7048763237141618 0.41108780640981657 0.5780624392644566
		outer loop
			vertex -0.2239072322845459 1.6288539594083282 0.15736383199692572
			vertex -0.20982462167739868 1.5792316625027176 0.2098246353931735
			vertex -0.19561059772968292 1.6235913505435327 0.19561060357556134
		endloop
	endfacet
	facet normal -0.6954478734004483 0.41945531239471323 0.583446223988679
		outer loop
			vertex -0.24394972622394562 1.5822309628759097 0.1669924036741594
			vertex -0.20982462167739868 1.5792316625027176 0.2098246353931735
			vertex -0.2239072322845459 1.6288539594083282 0.15736383199692572
		endloop
	endfacet
	facet normal -0.7937900369952303 0.4300536781840964 0.4300595436069761
		outer loop
			vertex -0.24394972622394562 1.6384826079642105 0.11074152578121797
			vertex -0.24394972622394562 1.5822309628759097 0.1669924036741594
			vertex -0.2239072322845459 1.6288539594083282 0.15736383199692572
		endloop
	endfacet
	facet normal -0.7805130370560854 0.4420373677534714 0.4420433966196851
		outer loop
			vertex -0.2693058252334595 1.587971241780268 0.11648111045361165
			vertex -0.24394972622394562 1.5822309628759097 0.1669924036741594
			vertex -0.24394972622394562 1.6384826079642105 0.11074152578121797
		endloop
	endfacet
	facet normal -0.8486313027011448 0.45639310466141975 0.2674513901501891
		outer loop
			vertex -0.25683262944221497 1.6459466530100824 0.05712664786094074
			vertex -0.2693058252334595 1.587971241780268 0.11648111045361165
			vertex -0.24394972622394562 1.6384826079642105 0.11074152578121797
		endloop
	endfacet
	facet normal -0.8412292257561715 0.46442205291011435 0.2768493209390756
		outer loop
			vertex -0.2851276993751526 1.5930731540305851 0.05984646370026799
			vertex -0.2693058252334595 1.587971241780268 0.11648111045361165
			vertex -0.25683262944221497 1.6459466530100824 0.05712664786094074
		endloop
	endfacet
	facet normal -0.8739273965858203 0.47335720233562717 0.11038054399992171
		outer loop
			vertex -0.26326248049736023 1.6473968265368393 -2.3634617451909097e-8
			vertex -0.2851276993751526 1.5930731540305851 0.05984646370026799
			vertex -0.25683262944221497 1.6459466530100824 0.05712664786094074
		endloop
	endfacet
	facet normal -0.8770454777497085 0.4687741170953854 0.10508119289495875
		outer loop
			vertex -0.29252076148986816 1.5926565094667229 -1.6279772031277252e-8
			vertex -0.2851276993751526 1.5930731540305851 0.05984646370026799
			vertex -0.26326248049736023 1.6473968265368393 -2.3634617451909097e-8
		endloop
	endfacet
	facet normal -0.878129830728697 0.4693536688979522 -0.09270994486257364
		outer loop
			vertex -0.26326248049736023 1.6473968265368393 -2.3634617451909097e-8
			vertex -0.2577107548713684 1.646566645302937 -0.05678772316340833
			vertex -0.29252076148986816 1.5926565094667229 -1.6279772031277252e-8
		endloop
	endfacet
	facet normal -0.87736337169525 0.47122091076500494 -0.09046749286534979
		outer loop
			vertex -0.29252076148986816 1.5926565094667229 -1.6279772031277252e-8
			vertex -0.2577107548713684 1.646566645302937 -0.05678772316340833
			vertex -0.28594404458999634 1.5934758270276443 -0.059514111079625606
		endloop
	endfacet
	facet normal -0.8448762617207799 0.46305560522272887 -0.2678873062549488
		outer loop
			vertex -0.2577107548713684 1.646566645302937 -0.05678772316340833
			vertex -0.24475519359111786 1.6390746908460698 -0.11059780431208181
			vertex -0.28594404458999634 1.5934758270276443 -0.059514111079625606
		endloop
	endfacet
	facet normal -0.7451300714927237 0.6121687636506596 -0.2646329181482745
		outer loop
			vertex -0.2577107548713684 1.646566645302937 -0.05678772316340833
			vertex -0.21053732931613922 1.6820274729773081 -0.1075838486610835
			vertex -0.24475519359111786 1.6390746908460698 -0.11059780431208181
		endloop
	endfacet
	facet normal -0.698583756391051 0.5853907841529963 -0.4114588255649757
		outer loop
			vertex -0.21053732931613922 1.6820274729773081 -0.1075838486610835
			vertex -0.19627538323402405 1.667765504098166 -0.152088882641271
			vertex -0.24475519359111786 1.6390746908460698 -0.11059780431208181
		endloop
	endfacet
	facet normal -0.7426970370667615 0.6177221215135766 -0.25849659905890393
		outer loop
			vertex -0.22045034170150757 1.6919405682099646 -0.055413324197708176
			vertex -0.21053732931613922 1.6820274729773081 -0.1075838486610835
			vertex -0.2577107548713684 1.646566645302937 -0.05678772316340833
		endloop
	endfacet
	facet normal -0.7688033366476159 0.6338875898484656 -0.08442720530490157
		outer loop
			vertex -0.26326248049736023 1.6473968265368393 -2.3634617451909097e-8
			vertex -0.22045034170150757 1.6919405682099646 -0.055413324197708176
			vertex -0.2577107548713684 1.646566645302937 -0.05678772316340833
		endloop
	endfacet
	facet normal -0.7700727905595149 0.6320070155574459 -0.08691967283677526
		outer loop
			vertex -0.22388559579849243 1.6953758302137723 -3.0081020658302105e-8
			vertex -0.22045034170150757 1.6919405682099646 -0.055413324197708176
			vertex -0.26326248049736023 1.6473968265368393 -2.3634617451909097e-8
		endloop
	endfacet
	facet normal -0.7689217615653917 0.6310623791328 0.10256509267009517
		outer loop
			vertex -0.26326248049736023 1.6473968265368393 -2.3634617451909097e-8
			vertex -0.25683262944221497 1.6459466530100824 0.05712664786094074
			vertex -0.22388559579849243 1.6953758302137723 -3.0081020658302105e-8
		endloop
	endfacet
	facet normal -0.7674668370769032 0.6324911326098482 0.1046404374851597
		outer loop
			vertex -0.22388559579849243 1.6953758302137723 -3.0081020658302105e-8
			vertex -0.25683262944221497 1.6459466530100824 0.05712664786094074
			vertex -0.21971754729747772 1.6912076843369679 0.05576382609730906
		endloop
	endfacet
	facet normal -0.7418974389056533 0.6163240977750801 0.26406968142322934
		outer loop
			vertex -0.25683262944221497 1.6459466530100824 0.05712664786094074
			vertex -0.24394972622394562 1.6384826079642105 0.11074152578121797
			vertex -0.21971754729747772 1.6912076843369679 0.05576382609730906
		endloop
	endfacet
	facet normal -0.7465704320709824 0.6129272552079192 0.258752332898919
		outer loop
			vertex -0.21971754729747772 1.6912076843369679 0.05576382609730906
			vertex -0.24394972622394562 1.6384826079642105 0.11074152578121797
			vertex -0.20982462167739868 1.6813148686794877 0.10774149119182917
		endloop
	endfacet
	facet normal -0.6954423304585196 0.5834489783644089 0.41946067116232827
		outer loop
			vertex -0.24394972622394562 1.6384826079642105 0.11074152578121797
			vertex -0.2239072322845459 1.6288539594083282 0.15736383199692572
			vertex -0.20982462167739868 1.6813148686794877 0.10774149119182917
		endloop
	endfacet
	facet normal -0.7048770447215071 0.5780616674187214 0.41108765547722553
		outer loop
			vertex -0.20982462167739868 1.6813148686794877 0.10774149119182917
			vertex -0.2239072322845459 1.6288539594083282 0.15736383199692572
			vertex -0.19561059772968292 1.667100833880947 0.1521011979533693
		endloop
	endfacet
	facet normal -0.5278984875871268 0.5278974212802726 0.6653175928899391
		outer loop
			vertex -0.19561059772968292 1.6235913505435327 0.19561060357556134
			vertex -0.15210120379924774 1.6671008397268194 0.1956105977296769
			vertex -0.18226541578769684 1.6537557138033994 0.18226541578768282
		endloop
	endfacet
	facet normal -0.5292063032438518 0.6456645198080068 0.5505070539675879
		outer loop
			vertex -0.15736383199691772 1.6953974282413045 0.15736382305622254
			vertex -0.18226541578769684 1.6537557138033994 0.18226541578768282
			vertex -0.15210120379924774 1.6671008397268194 0.1956105977296769
		endloop
	endfacet
	facet normal -0.5505072129827093 0.6456645149508714 0.5292061437542707
		outer loop
			vertex -0.19561059772968292 1.667100833880947 0.1521011979533693
			vertex -0.18226541578769684 1.6537557138033994 0.18226541578768282
			vertex -0.15736383199691772 1.6953974282413045 0.15736382305622254
		endloop
	endfacet
	facet normal -0.5763414185926614 0.7008357786397261 0.42030914883338855
		outer loop
			vertex -0.1669923961162567 1.715439844103656 0.11074151544133311
			vertex -0.19561059772968292 1.667100833880947 0.1521011979533693
			vertex -0.15736383199691772 1.6953974282413045 0.15736382305622254
		endloop
	endfacet
	facet normal -0.5853979084650112 0.6985970419102618 0.4114261316433638
		outer loop
			vertex -0.20982462167739868 1.6813148686794877 0.10774149119182917
			vertex -0.19561059772968292 1.667100833880947 0.1521011979533693
			vertex -0.1669923961162567 1.715439844103656 0.11074151544133311
		endloop
	endfacet
	facet normal -0.6122249323197851 0.7452039231834371 0.2642948072097682
		outer loop
			vertex -0.17445650696754456 1.7283227865527144 0.057126636792979114
			vertex -0.20982462167739868 1.6813148686794877 0.10774149119182917
			vertex -0.1669923961162567 1.715439844103656 0.11074151544133311
		endloop
	endfacet
	facet normal -0.6171223167363331 0.7430611387500843 0.25888258007330106
		outer loop
			vertex -0.21971754729747772 1.6912076843369679 0.05576382609730906
			vertex -0.20982462167739868 1.6813148686794877 0.10774149119182917
			vertex -0.17445650696754456 1.7283227865527144 0.057126636792979114
		endloop
	endfacet
	facet normal -0.6325958770581185 0.7676742996653522 0.1024628028231773
		outer loop
			vertex -0.1759066879749298 1.7347525711916412 -3.537163383998185e-8
			vertex -0.21971754729747772 1.6912076843369679 0.05576382609730906
			vertex -0.17445650696754456 1.7283227865527144 0.057126636792979114
		endloop
	endfacet
	facet normal -0.6309259550370973 0.7687568356847014 0.1046201072861807
		outer loop
			vertex -0.22388559579849243 1.6953758302137723 -3.0081020658302105e-8
			vertex -0.21971754729747772 1.6912076843369679 0.05576382609730906
			vertex -0.1759066879749298 1.7347525711916412 -3.537163383998185e-8
		endloop
	endfacet
	facet normal -0.6321362350265554 0.7702314856895731 -0.08454134384361608
		outer loop
			vertex -0.1759066879749298 1.7347525711916412 -3.537163383998185e-8
			vertex -0.1750764697790146 1.729200866992123 -0.05678773426604638
			vertex -0.22388559579849243 1.6953758302137723 -3.0081020658302105e-8
		endloop
	endfacet
	facet normal -0.6337951414982869 0.7685995652298744 -0.08693921406140574
		outer loop
			vertex -0.22388559579849243 1.6953758302137723 -3.0081020658302105e-8
			vertex -0.1750764697790146 1.729200866992123 -0.05678773426604638
			vertex -0.22045034170150757 1.6919405682099646 -0.055413324197708176
		endloop
	endfacet
	facet normal -0.6168172713169394 0.74137979259165 -0.26437181571016094
		outer loop
			vertex -0.1750764697790146 1.729200866992123 -0.05678773426604638
			vertex -0.16758450865745544 1.7162454308516846 -0.1105985746399758
			vertex -0.22045034170150757 1.6919405682099646 -0.055413324197708176
		endloop
	endfacet
	facet normal -0.6129664838526908 0.7466777076955683 -0.25834955100359763
		outer loop
			vertex -0.22045034170150757 1.6919405682099646 -0.055413324197708176
			vertex -0.16758450865745544 1.7162454308516846 -0.1105985746399758
			vertex -0.21053732931613922 1.6820274729773081 -0.1075838486610835
		endloop
	endfacet
	facet normal -0.5831865322314599 0.6950054965254645 -0.420548247438076
		outer loop
			vertex -0.16758450865745544 1.7162454308516846 -0.1105985746399758
			vertex -0.15782763063907623 1.6961348147190967 -0.15736388332314205
			vertex -0.21053732931613922 1.6820274729773081 -0.1075838486610835
		endloop
	endfacet
	facet normal -0.5770946041015038 0.7056772693719661 -0.41107348419553186
		outer loop
			vertex -0.21053732931613922 1.6820274729773081 -0.1075838486610835
			vertex -0.15782763063907623 1.6961348147190967 -0.15736388332314205
			vertex -0.19627538323402405 1.667765504098166 -0.152088882641271
		endloop
	endfacet
	facet normal -0.5447147890072748 0.6367548214247982 -0.5457372041825934
		outer loop
			vertex -0.15782763063907623 1.6961348147190967 -0.15736388332314205
			vertex -0.15255264937877655 1.667765498234635 -0.19572971067696684
			vertex -0.19627538323402405 1.667765504098166 -0.152088882641271
		endloop
	endfacet
	facet normal -0.5268451310585218 0.6662022692282191 -0.527834012124172
		outer loop
			vertex -0.19627538323402405 1.667765504098166 -0.152088882641271
			vertex -0.15255264937877655 1.667765498234635 -0.19572971067696684
			vertex -0.18290391564369202 1.6543941498598391 -0.18231186707363486
		endloop
	endfacet
	facet normal -0.5269422100776662 0.5269418700963384 -0.6668314425533926
		outer loop
			vertex -0.15255264937877655 1.667765498234635 -0.19572971067696684
			vertex -0.19627538323402405 1.6240427436036877 -0.19572970480242832
			vertex -0.18290391564369202 1.6543941498598391 -0.18231186707363486
		endloop
	endfacet
	facet normal -0.4563965061219813 0.2674554725546986 0.8486281867815794
		outer loop
			vertex -0.17445650696754456 1.5286168281863215 0.25683265627448315
			vertex -0.11648111045360565 1.587971262313622 0.2693058457668194
			vertex -0.1669923961162567 1.5822309732158086 0.2439497441217472
		endloop
	endfacet
	facet normal -0.44204284637507063 0.44204265765532486 0.7805103527703161
		outer loop
			vertex -0.11648111045360565 1.587971262313622 0.2693058457668194
			vertex -0.1107407808303833 1.6384826258619112 0.24394973656384047
			vertex -0.1669923961162567 1.5822309732158086 0.2439497441217472
		endloop
	endfacet
	facet normal -0.43005405227420035 0.43005387330158856 0.7937929063558334
		outer loop
			vertex -0.1669923961162567 1.5822309732158086 0.2439497441217472
			vertex -0.1107407808303833 1.6384826258619112 0.24394973656384047
			vertex -0.15736383199691772 1.6288539683490235 0.22390724122524905
		endloop
	endfacet
	facet normal -0.4194558374953403 0.5834458493014596 0.6954478710327476
		outer loop
			vertex -0.1107407808303833 1.6384826258619112 0.24394973656384047
			vertex -0.10774150490760803 1.6813148823952584 0.20982462167739066
			vertex -0.15736383199691772 1.6288539683490235 0.22390724122524905
		endloop
	endfacet
	facet normal -0.4110878064868957 0.5780617323559156 0.7048769033976575
		outer loop
			vertex -0.15736383199691772 1.6288539683490235 0.22390724122524905
			vertex -0.10774150490760803 1.6813148823952584 0.20982462167739066
			vertex -0.15210120379924774 1.6671008397268194 0.1956105977296769
		endloop
	endfacet
	facet normal -0.4114262903712003 0.6985970815624698 0.5853977495889378
		outer loop
			vertex -0.11074153333902359 1.7154398516614577 0.16699238577636782
			vertex -0.15210120379924774 1.6671008397268194 0.1956105977296769
			vertex -0.10774150490760803 1.6813148823952584 0.20982462167739066
		endloop
	endfacet
	facet normal -0.4203093082511164 0.7008358142473363 0.5763412590347331
		outer loop
			vertex -0.15736383199691772 1.6953974282413045 0.15736382305622254
			vertex -0.15210120379924774 1.6671008397268194 0.1956105977296769
			vertex -0.11074153333902359 1.7154398516614577 0.16699238577636782
		endloop
	endfacet
	facet normal -0.4297152490814397 0.7864717284642064 0.44362937800984253
		outer loop
			vertex -0.11648111045360565 1.7407960217969654 0.1164810899202517
			vertex -0.15736383199691772 1.6953974282413045 0.15736382305622254
			vertex -0.11074153333902359 1.7154398516614577 0.16699238577636782
		endloop
	endfacet
	facet normal -0.4436295425604969 0.786471725310606 0.42971508497436206
		outer loop
			vertex -0.1669923961162567 1.715439844103656 0.11074151544133311
			vertex -0.15736383199691772 1.6953974282413045 0.15736382305622254
			vertex -0.11648111045360565 1.7407960217969654 0.1164810899202517
		endloop
	endfacet
	facet normal -0.4560232137694646 0.8456549352011403 0.2773275303198808
		outer loop
			vertex -0.12158294767141342 1.7566178308504492 0.05984644172659517
			vertex -0.1669923961162567 1.715439844103656 0.11074151544133311
			vertex -0.11648111045360565 1.7407960217969654 0.1164810899202517
		endloop
	endfacet
	facet normal -0.46529588722051873 0.8437605827460811 0.26752161845290995
		outer loop
			vertex -0.17445650696754456 1.7283227865527144 0.057126636792979114
			vertex -0.1669923961162567 1.715439844103656 0.11074151544133311
			vertex -0.12158294767141342 1.7566178308504492 0.05984644172659517
		endloop
	endfacet
	facet normal -0.47341935339525554 0.8745870069254592 0.10474580253158075
		outer loop
			vertex -0.12116628885269165 1.7640109455222375 -3.930275503142257e-8
			vertex -0.17445650696754456 1.7283227865527144 0.057126636792979114
			vertex -0.12158294767141342 1.7566178308504492 0.05984644172659517
		endloop
	endfacet
	facet normal -0.46849523981064667 0.8765222756024288 0.11054822769951897
		outer loop
			vertex -0.1759066879749298 1.7347525711916412 -3.537163383998185e-8
			vertex -0.17445650696754456 1.7283227865527144 0.057126636792979114
			vertex -0.12116628885269165 1.7640109455222375 -3.930275503142257e-8
		endloop
	endfacet
	facet normal -0.46944602121800394 0.8783010949724548 -0.09059591454791015
		outer loop
			vertex -0.12116628885269165 1.7640109455222375 -3.930275503142257e-8
			vertex -0.12198568880558014 1.7574341601378283 -0.05951413310887681
			vertex -0.1759066879749298 1.7347525711916412 -3.537163383998185e-8
		endloop
	endfacet
	facet normal -0.47121421840780187 0.877140195142892 -0.09264037151811207
		outer loop
			vertex -0.1759066879749298 1.7347525711916412 -3.537163383998185e-8
			vertex -0.12198568880558014 1.7574341601378283 -0.05951413310887681
			vertex -0.1750764697790146 1.729200866992123 -0.05678773426604638
		endloop
	endfacet
	facet normal -0.462238874673826 0.842492269828173 -0.2766622453824306
		outer loop
			vertex -0.12198568880558014 1.7574341601378283 -0.05951413310887681
			vertex -0.11687611788511276 1.7415720430927057 -0.11635439074587718
			vertex -0.1750764697790146 1.729200866992123 -0.05678773426604638
		endloop
	endfacet
	facet normal -0.45466037188850145 0.8494469026140511 -0.267813192120187
		outer loop
			vertex -0.1750764697790146 1.729200866992123 -0.05678773426604638
			vertex -0.11687611788511276 1.7415720430927057 -0.11635439074587718
			vertex -0.16758450865745544 1.7162454308516846 -0.1105985746399758
		endloop
	endfacet
	facet normal -0.4405856863009433 0.7818977215763419 -0.4410444490303132
		outer loop
			vertex -0.11687611788511276 1.7415720430927057 -0.11635439074587718
			vertex -0.11110716313123703 1.7162454232713453 -0.16701718736910734
			vertex -0.16758450865745544 1.7162454308516846 -0.1105985746399758
		endloop
	endfacet
	facet normal -0.2904275257041962 0.9145094453622534 0.28164574673969806
		outer loop
			vertex -0.12158294767141342 1.7566178308504492 0.05984644172659517
			vertex -0.11648111045360565 1.7407960217969654 0.1164810899202517
			vertex -0.06253459304571152 1.7745423808153784 0.06253456073004261
		endloop
	endfacet
	facet normal -0.2932890960238188 0.9496632605051202 0.11009631147461679
		outer loop
			vertex -0.06177010387182236 1.7820282399657255 -4.1723537785751965e-8
			vertex -0.12158294767141342 1.7566178308504492 0.05984644172659517
			vertex -0.06253459304571152 1.7745423808153784 0.06253456073004261
		endloop
	endfacet
	facet normal -0.28833970228636685 0.9505466332611164 0.11541799721605915
		outer loop
			vertex -0.12116628885269165 1.7640109455222375 -3.930275503142257e-8
			vertex -0.12158294767141342 1.7566178308504492 0.05984644172659517
			vertex -0.06177010387182236 1.7820282399657255 -4.1723537785751965e-8
		endloop
	endfacet
	facet normal -0.2889211341601673 0.9524633650937838 -0.09663392980640108
		outer loop
			vertex -0.06177010387182236 1.7820282399657255 -4.1723537785751965e-8
			vertex -0.0627468004822731 1.7754204597998116 -0.06220883580081531
			vertex -0.12116628885269165 1.7640109455222375 -3.930275503142257e-8
		endloop
	endfacet
	facet normal -0.2932453156560147 0.9506849988613842 -0.10102087796952884
		outer loop
			vertex -0.12116628885269165 1.7640109455222375 -3.930275503142257e-8
			vertex -0.0627468004822731 1.7754204597998116 -0.06220883580081531
			vertex -0.12198568880558014 1.7574341601378283 -0.05951413310887681
		endloop
	endfacet
	facet normal -0.2900977915065576 0.9120110380775226 -0.2899640284376283
		outer loop
			vertex -0.0627468004822731 1.7754204597998116 -0.06220883580081531
			vertex -0.06004514545202255 1.757434151811726 -0.1214832763915772
			vertex -0.12198568880558014 1.7574341601378283 -0.05951413310887681
		endloop
	endfacet
	facet normal -0.2814479065888621 0.9174133103721847 -0.2813181363309111
		outer loop
			vertex -0.12198568880558014 1.7574341601378283 -0.05951413310887681
			vertex -0.06004514545202255 1.757434151811726 -0.1214832763915772
			vertex -0.11687611788511276 1.7415720430927057 -0.11635439074587718
		endloop
	endfacet
	facet normal -0.2768169353278992 0.8421512371154951 -0.46276741257408266
		outer loop
			vertex -0.06004514545202255 1.757434151811726 -0.1214832763915772
			vertex -0.05732107162475586 1.7292008511774946 -0.1744921490107476
			vertex -0.11687611788511276 1.7415720430927057 -0.11635439074587718
		endloop
	endfacet
	facet normal -0.26779755676924466 0.849249300818329 -0.4550385628141891
		outer loop
			vertex -0.11687611788511276 1.7415720430927057 -0.11635439074587718
			vertex -0.05732107162475586 1.7292008511774946 -0.1744921490107476
			vertex -0.11110716313123703 1.7162454232713453 -0.16701718736910734
		endloop
	endfacet
	facet normal -0.26431070488039654 0.7414972106050088 -0.6167023090200159
		outer loop
			vertex -0.05732107162475586 1.7292008511774946 -0.1744921490107476
			vertex -0.055950138717889786 1.6919405461124193 -0.21987995461095985
			vertex -0.11110716313123703 1.7162454232713453 -0.16701718736910734
		endloop
	endfacet
	facet normal -0.25844710146370503 0.7466534415970396 -0.6129549199544007
		outer loop
			vertex -0.11110716313123703 1.7162454232713453 -0.16701718736910734
			vertex -0.055950138717889786 1.6919405461124193 -0.21987995461095985
			vertex -0.10810329020023346 1.6820274592214453 -0.2099653749396439
		endloop
	endfacet
	facet normal -0.25845608564463 0.6131241157166918 -0.7465114001272053
		outer loop
			vertex -0.055950138717889786 1.6919405461124193 -0.21987995461095985
			vertex -0.11110716313123703 1.6390746728949872 -0.24420332480899795
			vertex -0.10810329020023346 1.6820274592214453 -0.2099653749396439
		endloop
	endfacet
	facet normal -0.4210117064185316 0.5832023439396665 -0.6947115725837847
		outer loop
			vertex -0.11110716313123703 1.6390746728949872 -0.24420332480899795
			vertex -0.15782763063907623 1.6293177515658832 -0.22408043509034054
			vertex -0.10810329020023346 1.6820274592214453 -0.2099653749396439
		endloop
	endfacet
	facet normal -0.43136453865150126 0.43136374826376245 -0.7923698325137164
		outer loop
			vertex -0.11110716313123703 1.6390746728949872 -0.24420332480899795
			vertex -0.16758450865745544 1.5825972378241395 -0.24420331722075536
			vertex -0.15782763063907623 1.6293177515658832 -0.22408043509034054
		endloop
	endfacet
	facet normal -0.5832020833169762 0.4210108893872387 -0.6947122865129889
		outer loop
			vertex -0.16758450865745544 1.5825972378241395 -0.24420331722075536
			vertex -0.21053732931613922 1.5795934063426191 -0.20996536117672354
			vertex -0.15782763063907623 1.6293177515658832 -0.22408043509034054
		endloop
	endfacet
	facet normal -0.6131239009192059 0.2584547424731143 -0.7465120415738596
		outer loop
			vertex -0.16758450865745544 1.5825972378241395 -0.24420331722075536
			vertex -0.22045034170150757 1.5274401682898195 -0.21987993250888016
			vertex -0.21053732931613922 1.5795934063426191 -0.20996536117672354
		endloop
	endfacet
	facet normal -0.7427793783732871 0.25858921943230956 -0.617584334853777
		outer loop
			vertex -0.2577107548713684 1.528811200611406 -0.1744921220866269
			vertex -0.21053732931613922 1.5795934063426191 -0.20996536117672354
			vertex -0.22045034170150757 1.5274401682898195 -0.21987993250888016
		endloop
	endfacet
	facet normal -0.7684214094130122 0.09024186058285044 -0.6335494804309016
		outer loop
			vertex -0.2577107548713684 1.528811200611406 -0.1744921220866269
			vertex -0.22045034170150757 1.5274401682898195 -0.21987993250888016
			vertex -0.2620040476322174 1.4714900016783856 -0.17744960784917035
		endloop
	endfacet
	facet normal -0.09437070188931346 0.9514413256576899 -0.29300780613433536
		outer loop
			vertex -0.0627468004822731 1.7754204597998116 -0.06220883580081531
			vertex -5.715000384043378e-8 1.7626844869491016 -0.12377369763894776
			vertex -0.06004514545202255 1.757434151811726 -0.1214832763915772
		endloop
	endfacet
	facet normal -0.0946130331240879 0.8745558924501752 -0.4756052616863465
		outer loop
			vertex -5.715000384043378e-8 1.7626844869491016 -0.12377369763894776
			vertex -3.8100001376051296e-8 1.7334941739201466 -0.17744964305174662
			vertex -0.06004514545202255 1.757434151811726 -0.1214832763915772
		endloop
	endfacet
	facet normal -0.09003665884380453 0.8771042632482098 -0.47178545066169614
		outer loop
			vertex -0.06004514545202255 1.757434151811726 -0.1214832763915772
			vertex -3.8100001376051296e-8 1.7334941739201466 -0.17744964305174662
			vertex -0.05732107162475586 1.7292008511774946 -0.1744921490107476
		endloop
	endfacet
	facet normal -0.09022806084657022 0.7672432672330295 -0.6349776893099898
		outer loop
			vertex -3.8100001376051296e-8 1.7334941739201466 -0.17744964305174662
			vertex -3.8100001376051296e-8 1.6954637766652847 -0.22340175559872086
			vertex -0.05732107162475586 1.7292008511774946 -0.1744921490107476
		endloop
	endfacet
	facet normal -0.08828239871702326 0.7685872025017988 -0.6336244394175682
		outer loop
			vertex -0.05732107162475586 1.7292008511774946 -0.1744921490107476
			vertex -3.8100001376051296e-8 1.6954637766652847 -0.22340175559872086
			vertex -0.055950138717889786 1.6919405461124193 -0.21987995461095985
		endloop
	endfacet
	facet normal -0.08828111317485196 0.6338190623098325 -0.7684268613923475
		outer loop
			vertex -3.8100001376051296e-8 1.6954637766652847 -0.22340175559872086
			vertex -0.05732107162475586 1.6465666183827514 -0.25714808549323515
			vertex -0.055950138717889786 1.6919405461124193 -0.21987995461095985
		endloop
	endfacet
	facet normal -0.26434435653203914 0.6168850892008941 -0.7413331558019426
		outer loop
			vertex -0.05732107162475586 1.6465666183827514 -0.25714808549323515
			vertex -0.11110716313123703 1.6390746728949872 -0.24420332480899795
			vertex -0.055950138717889786 1.6919405461124193 -0.21987995461095985
		endloop
	endfacet
	facet normal -0.26778329357794844 0.45596268700984727 -0.8487579959772436
		outer loop
			vertex -0.05732107162475586 1.6465666183827514 -0.25714808549323515
			vertex -0.11687611788511276 1.5883662495422346 -0.26962437458257493
			vertex -0.11110716313123703 1.6390746728949872 -0.24420332480899795
		endloop
	endfacet
	facet normal -0.4417209603438942 0.4417201550805328 -0.7808750846252542
		outer loop
			vertex -0.11687611788511276 1.5883662495422346 -0.26962437458257493
			vertex -0.16758450865745544 1.5825972378241395 -0.24420331722075536
			vertex -0.11110716313123703 1.6390746728949872 -0.24420332480899795
		endloop
	endfacet
	facet normal -0.4559632476102924 0.26778350106001275 -0.8487576293552346
		outer loop
			vertex -0.11687611788511276 1.5883662495422346 -0.26962437458257493
			vertex -0.1750764697790146 1.528811189505849 -0.2571480696717525
			vertex -0.16758450865745544 1.5825972378241395 -0.24420331722075536
		endloop
	endfacet
	facet normal -0.6168858733671654 0.26434456860324146 -0.7413324276530711
		outer loop
			vertex -0.1750764697790146 1.528811189505849 -0.2571480696717525
			vertex -0.22045034170150757 1.5274401682898195 -0.21987993250888016
			vertex -0.16758450865745544 1.5825972378241395 -0.24420331722075536
		endloop
	endfacet
	facet normal -0.6338196362940557 0.0882825925417787 -0.7684262179950482
		outer loop
			vertex -0.1750764697790146 1.528811189505849 -0.2571480696717525
			vertex -0.22397370636463165 1.471490114713618 -0.22340172550587978
			vertex -0.22045034170150757 1.5274401682898195 -0.21987993250888016
		endloop
	endfacet
	facet normal -0.767376982031204 0.08830008254543066 -0.6350871301413308
		outer loop
			vertex -0.2620040476322174 1.4714900016783856 -0.17744960784917035
			vertex -0.22045034170150757 1.5274401682898195 -0.21987993250888016
			vertex -0.22397370636463165 1.471490114713618 -0.22340172550587978
		endloop
	endfacet
	facet normal -0.7672436140311636 -0.09022860558610372 -0.6349771928678907
		outer loop
			vertex -0.2620040476322174 1.4714900016783856 -0.17744960784917035
			vertex -0.22397370636463165 1.471490114713618 -0.22340172550587978
			vertex -0.2577107548713684 1.4141695187959293 -0.17449210668350368
		endloop
	endfacet
	facet normal -0.8771039890867169 -0.09003712481189635 -0.4717858714329789
		outer loop
			vertex -0.28594404458999634 1.4114449972393928 -0.12148322990487626
			vertex -0.2620040476322174 1.4714900016783856 -0.17744960784917035
			vertex -0.2577107548713684 1.4141695187959293 -0.17449210668350368
		endloop
	endfacet
	facet normal -0.8421505106807078 -0.27681628956653276 -0.4627691208268338
		outer loop
			vertex -0.28594404458999634 1.4114449972393928 -0.12148322990487626
			vertex -0.2577107548713684 1.4141695187959293 -0.17449210668350368
			vertex -0.2700819671154022 1.3546139880573427 -0.11635433875464235
		endloop
	endfacet
	facet normal -0.9174137236704605 -0.28144729629014076 -0.2813173990923244
		outer loop
			vertex -0.28594404458999634 1.3495044464390953 -0.059514078299914286
			vertex -0.28594404458999634 1.4114449972393928 -0.12148322990487626
			vertex -0.2700819671154022 1.3546139880573427 -0.11635433875464235
		endloop
	endfacet
	facet normal -0.842492629546207 -0.46223867175397076 -0.27666148899954046
		outer loop
			vertex -0.28594404458999634 1.3495044464390953 -0.059514078299914286
			vertex -0.2700819671154022 1.3546139880573427 -0.11635433875464235
			vertex -0.2577107548713684 1.296413628896433 -0.05678767611725575
		endloop
	endfacet
	facet normal -0.09009091194056464 0.4724093273967016 -0.8767628270942567
		outer loop
			vertex -3.8100001376051296e-8 1.649527180909481 -0.2614428693450234
			vertex -0.06004514545202255 1.5934757966679243 -0.28547408690944015
			vertex -0.05732107162475586 1.6465666183827514 -0.25714808549323515
		endloop
	endfacet
	facet normal -0.276468472270802 0.46338542904890756 -0.8419258447068892
		outer loop
			vertex -0.06004514545202255 1.5934757966679243 -0.28547408690944015
			vertex -0.11687611788511276 1.5883662495422346 -0.26962437458257493
			vertex -0.05732107162475586 1.6465666183827514 -0.25714808549323515
		endloop
	endfacet
	facet normal -0.28117478752835684 0.28117459264890476 -0.917541054834663
		outer loop
			vertex -0.06004514545202255 1.5934757966679243 -0.28547408690944015
			vertex -0.12198568880558014 1.5315352375415245 -0.28547407858717855
			vertex -0.11687611788511276 1.5883662495422346 -0.26962437458257493
		endloop
	endfacet
	facet normal -0.4633857042533982 0.2764683446936084 -0.8419257351310498
		outer loop
			vertex -0.12198568880558014 1.5315352375415245 -0.28547407858717855
			vertex -0.1750764697790146 1.528811189505849 -0.2571480696717525
			vertex -0.11687611788511276 1.5883662495422346 -0.26962437458257493
		endloop
	endfacet
	facet normal -0.47240967069171613 0.09009108758184162 -0.8767626240752201
		outer loop
			vertex -0.12198568880558014 1.5315352375415245 -0.28547407858717855
			vertex -0.17803707718849182 1.4714901096024573 -0.26144284542416935
			vertex -0.1750764697790146 1.528811189505849 -0.2571480696717525
		endloop
	endfacet
	facet normal -0.6352079588030829 0.09027908536678635 -0.7670466321016979
		outer loop
			vertex -0.17803707718849182 1.4714901096024573 -0.26144284542416935
			vertex -0.22397370636463165 1.471490114713618 -0.22340172550587978
			vertex -0.1750764697790146 1.528811189505849 -0.2571480696717525
		endloop
	endfacet
	facet normal -0.6353211810738638 -0.08829912359223431 -0.7671833298839034
		outer loop
			vertex -0.17803707718849182 1.4714901096024573 -0.26144284542416935
			vertex -0.22045034170150757 1.4155400620837866 -0.21987991747411187
			vertex -0.22397370636463165 1.471490114713618 -0.22340172550587978
		endloop
	endfacet
	facet normal -0.7685865448908671 -0.08828438783777702 -0.633624959954095
		outer loop
			vertex -0.2577107548713684 1.4141695187959293 -0.17449210668350368
			vertex -0.22397370636463165 1.471490114713618 -0.22340172550587978
			vertex -0.22045034170150757 1.4155400620837866 -0.21987991747411187
		endloop
	endfacet
	facet normal -0.7414976584668161 -0.26430997941768886 -0.6167020814529895
		outer loop
			vertex -0.2577107548713684 1.4141695187959293 -0.17449210668350368
			vertex -0.22045034170150757 1.4155400620837866 -0.21987991747411187
			vertex -0.24475519359111786 1.3603828771746809 -0.16701713955582898
		endloop
	endfacet
	facet normal -0.8492485315169727 -0.26779702760843577 -0.45504030999500716
		outer loop
			vertex -0.2700819671154022 1.3546139880573427 -0.11635433875464235
			vertex -0.2577107548713684 1.4141695187959293 -0.17449210668350368
			vertex -0.24475519359111786 1.3603828771746809 -0.16701713955582898
		endloop
	endfacet
	facet normal -0.7818935826919292 -0.44059255309228684 -0.44104492685530305
		outer loop
			vertex -0.2700819671154022 1.3546139880573427 -0.11635433875464235
			vertex -0.24475519359111786 1.3603828771746809 -0.16701713955582898
			vertex -0.24475519359111786 1.3039055688935801 -0.11059775927914789
		endloop
	endfacet
	facet normal -0.8494426172995647 -0.4546653030660302 -0.2678184125543655
		outer loop
			vertex -0.2577107548713684 1.296413628896433 -0.05678767611725575
			vertex -0.2700819671154022 1.3546139880573427 -0.11635433875464235
			vertex -0.24475519359111786 1.3039055688935801 -0.11059775927914789
		endloop
	endfacet
	facet normal -0.7413781184820553 -0.6168172290570497 -0.26437660897740317
		outer loop
			vertex -0.2577107548713684 1.296413628896433 -0.05678767611725575
			vertex -0.24475519359111786 1.3039055688935801 -0.11059775927914789
			vertex -0.22045034170150757 1.2510397063587322 -0.05541326495878048
		endloop
	endfacet
	facet normal -0.7684890364314676 -0.6337457956136564 -0.08826589050504306
		outer loop
			vertex -0.22397370636463165 1.2475164828531315 0.0005596048596036358
			vertex -0.2577107548713684 1.296413628896433 -0.05678767611725575
			vertex -0.22045034170150757 1.2510397063587322 -0.05541326495878048
		endloop
	endfacet
	facet normal -0.6352158785275115 -0.7672725470394648 -0.08828151689959784
		outer loop
			vertex -0.22397370636463165 1.2475164828531315 0.0005596048596036358
			vertex -0.22045034170150757 1.2510397063587322 -0.05541326495878048
			vertex -0.17803707718849182 1.2094860917723402 0.000559590935415133
		endloop
	endfacet
	facet normal -0.6338279885250997 -0.7655961975698837 0.11011150361684112
		outer loop
			vertex -0.17803707718849182 1.2094860917723402 0.000559590935415133
			vertex -0.17445650696754456 1.2146575182574606 0.05712670580844794
			vertex -0.22397370636463165 1.2475164828531315 0.0005596048596036358
		endloop
	endfacet
	facet normal -0.47336437346844945 -0.8739886152699273 0.10986387172031266
		outer loop
			vertex -0.17803707718849182 1.2094860917723402 0.000559590935415133
			vertex -0.12158294767141342 1.1863623554812808 0.05984651834545849
			vertex -0.17445650696754456 1.2146575182574606 0.05712670580844794
		endloop
	endfacet
	facet normal -0.46442273697031156 -0.8412287322127865 0.27684967308030684
		outer loop
			vertex -0.12158294767141342 1.1863623554812808 0.05984651834545849
			vertex -0.11648111045360565 1.202184298962801 0.11648116228749719
			vertex -0.17445650696754456 1.2146575182574606 0.05712670580844794
		endloop
	endfacet
	facet normal -0.09472167484585146 0.4762648711867874 -0.8741850929796445
		outer loop
			vertex -1.9050000688025648e-8 1.5957809463042643 -0.2907243630596187
			vertex -0.06004514545202255 1.5934757966679243 -0.28547408690944015
			vertex -3.8100001376051296e-8 1.649527180909481 -0.2614428693450234
		endloop
	endfacet
	facet normal -0.09444125662067311 0.29303310364680674 -0.9514265337980795
		outer loop
			vertex -1.9050000688025648e-8 1.5957809463042643 -0.2907243630596187
			vertex -0.0627468004822731 1.5342368756182303 -0.3034511104507002
			vertex -0.06004514545202255 1.5934757966679243 -0.28547408690944015
		endloop
	endfacet
	facet normal -0.289997101601666 0.28999690521576593 -0.9120326068885427
		outer loop
			vertex -0.0627468004822731 1.5342368756182303 -0.3034511104507002
			vertex -0.12198568880558014 1.5315352375415245 -0.28547407858717855
			vertex -0.06004514545202255 1.5934757966679243 -0.28547408690944015
		endloop
	endfacet
	facet normal -0.2930333437231963 0.09444086880031796 -0.9514264983521558
		outer loop
			vertex -0.0627468004822731 1.5342368756182303 -0.3034511104507002
			vertex -0.12429078668355942 1.4714901056682288 -0.29072434636004574
			vertex -0.12198568880558014 1.5315352375415245 -0.28547407858717855
		endloop
	endfacet
	facet normal -0.4762646246279316 0.0947211410527738 -0.8741852851459331
		outer loop
			vertex -0.12429078668355942 1.4714901056682288 -0.29072434636004574
			vertex -0.17803707718849182 1.4714901096024573 -0.26144284542416935
			vertex -0.12198568880558014 1.5315352375415245 -0.28547407858717855
		endloop
	endfacet
	facet normal -0.09871405671097776 0.2970423133619551 -0.9497480713748463
		outer loop
			vertex -1.9050000688025648e-8 1.5355339912503683 -0.30956714404712526
			vertex -0.0627468004822731 1.5342368756182303 -0.3034511104507002
			vertex -1.9050000688025648e-8 1.5957809463042643 -0.2907243630596187
		endloop
	endfacet
	facet normal -0.09855763547872648 0.09855805609244282 -0.9902387096393079
		outer loop
			vertex -1.9050000688025648e-8 1.5355339912503683 -0.30956714404712526
			vertex -0.06404426693916321 1.4714901031365335 -0.3095671354422629
			vertex -0.0627468004822731 1.5342368756182303 -0.3034511104507002
		endloop
	endfacet
	facet normal -0.2970443361535793 0.09871556621536098 -0.9497472818312566
		outer loop
			vertex -0.06404426693916321 1.4714901031365335 -0.3095671354422629
			vertex -0.12429078668355942 1.4714901056682288 -0.29072434636004574
			vertex -0.0627468004822731 1.5342368756182303 -0.3034511104507002
		endloop
	endfacet
	facet normal -0.10886031858946625 0.10886079737018646 -0.9880783156372411
		outer loop
			vertex 0 1.4714901021884976 -0.3166231342388094
			vertex -0.06404426693916321 1.4714901031365335 -0.3095671354422629
			vertex -1.9050000688025648e-8 1.5355339912503683 -0.30956714404712526
		endloop
	endfacet
	facet normal -0.10238038974037683 0.9435220279806645 -0.31509433271936627
		outer loop
			vertex 0 1.154867010490805 4.254111655837834e-8
			vertex -0.05143846571445465 1.2021545022567004 0.15831161820819484
			vertex 0.13466784358024597 1.2021544941320685 0.09784196780203055
		endloop
	endfacet
	facet normal 0.26803522605578634 0.9435220004840409 -0.19473919018989802
		outer loop
			vertex 0 1.154867010490805 4.254111655837834e-8
			vertex -0.1664585918188095 1.2021544809861429 5.5237630194610573e-8
			vertex -0.05143846571445465 1.2021545022567004 0.15831161820819484
		endloop
	endfacet
	facet normal -0.33130975845417615 0.943522042112965 -1.2677052625060139e-7
		outer loop
			vertex 0 1.154867010490805 4.254111655837834e-8
			vertex 0.13466784358024597 1.2021544941320685 0.09784196780203055
			vertex 0.13466784358024597 1.2021544678402138 -0.09784188052561349
		endloop
	endfacet
	facet normal -0.6070619211228758 0.7946545311785443 -1.0676886030063499e-7
		outer loop
			vertex 0.13466784358024597 1.2021544678402138 -0.09784188052561349
			vertex 0.13466784358024597 1.2021544941320685 0.09784196780203055
			vertex 0.26933565735816956 1.3050315156444556 2.2365188062090846e-8
		endloop
	endfacet
	facet normal -0.700227600085891 0.661693856865611 -0.2680346019906122
		outer loop
			vertex 0.13466784358024597 1.2021544941320685 0.09784196780203055
			vertex 0.22911059856414795 1.3298919234299365 0.1664586630112975
			vertex 0.26933565735816956 1.3050315156444556 2.2365188062090846e-8
		endloop
	endfacet
	facet normal -0.471298222367544 0.6616938717749411 -0.5831288070818323
		outer loop
			vertex 0.13466784358024597 1.2021544941320685 0.09784196780203055
			vertex 0.08322934061288834 1.3050315500609342 0.25615346149434365
			vertex 0.22911059856414795 1.3298919234299365 0.1664586630112975
		endloop
	endfacet
	facet normal -0.18759259030274522 0.7946544190392679 -0.5773503047239779
		outer loop
			vertex 0.13466784358024597 1.2021544941320685 0.09784196780203055
			vertex -0.05143846571445465 1.2021545022567004 0.15831161820819484
			vertex 0.08322934061288834 1.3050315500609342 0.25615346149434365
		endloop
	endfacet
	facet normal 0.03853348408643573 0.66169389210751 -0.7487832555231023
		outer loop
			vertex -0.05143846571445465 1.2021545022567004 0.15831161820819484
			vertex -0.08751236647367477 1.3298919372523852 0.26933577217542887
			vertex 0.08322934061288834 1.3050315500609342 0.25615346149434365
		endloop
	endfacet
	facet normal 0.40894907919277496 0.6616939050922929 -0.6284280599966025
		outer loop
			vertex -0.05143846571445465 1.2021545022567004 0.15831161820819484
			vertex -0.21789710223674774 1.3050315369150178 0.15831161928691917
			vertex -0.08751236647367477 1.3298919372523852 0.26933577217542887
		endloop
	endfacet
	facet normal 0.49112324749582503 0.7946545776614589 -0.3568221657504524
		outer loop
			vertex -0.05143846571445465 1.2021545022567004 0.15831161820819484
			vertex -0.1664585918188095 1.2021544809861429 5.5237630194610573e-8
			vertex -0.21789710223674774 1.3050315369150178 0.15831161928691917
		endloop
	endfacet
	facet normal 0.7240426731065126 0.661693958463806 -0.19473908917645433
		outer loop
			vertex -0.1664585918188095 1.2021544809861429 5.5237630194610573e-8
			vertex -0.2831963002681732 1.329891901064749 3.8074978799934185e-8
			vertex -0.21789710223674774 1.3050315369150178 0.15831161928691917
		endloop
	endfacet
	facet normal 0.26803527222577006 0.9435220584354865 0.1947388458641979
		outer loop
			vertex 0 1.154867010490805 4.254111655837834e-8
			vertex -0.05143854394555092 1.202154459715586 -0.15831150112945136
			vertex -0.1664585918188095 1.2021544809861429 5.5237630194610573e-8
		endloop
	endfacet
	facet normal 0.4911233700547159 0.7946546601096776 0.356821813447653
		outer loop
			vertex -0.1664585918188095 1.2021544809861429 5.5237630194610573e-8
			vertex -0.05143854394555092 1.202154459715586 -0.15831150112945136
			vertex -0.21789714694023132 1.3050314943739014 -0.15831151495189025
		endloop
	endfacet
	facet normal 0.7240426982043676 0.6616940337302258 0.19473874011804124
		outer loop
			vertex -0.1664585918188095 1.2021544809861429 5.5237630194610573e-8
			vertex -0.21789714694023132 1.3050314943739014 -0.15831151495189025
			vertex -0.2831963002681732 1.329891901064749 3.8074978799934185e-8
		endloop
	endfacet
	facet normal 0.8896977709383004 0.3303840356424272 0.3150940579891078
		outer loop
			vertex -0.3011264204978943 1.471490131583693 -0.09784187946033243
			vertex -0.2831963002681732 1.329891901064749 3.8074978799934185e-8
			vertex -0.21789714694023132 1.3050314943739014 -0.15831151495189025
		endloop
	endfacet
	facet normal 0.9920779796149705 0.12562357407380956 -1.6878637507002438e-8
		outer loop
			vertex -0.2831963002681732 1.329891901064749 3.8074978799934185e-8
			vertex -0.3011264204978943 1.471490131583693 -0.09784187946033243
			vertex -0.3011264204978943 1.4714901578755466 0.09784196141673002
		endloop
	endfacet
	facet normal 0.8896976580349865 0.33038412700695946 -0.31509428098413605
		outer loop
			vertex -0.3011264204978943 1.4714901578755466 0.09784196141673002
			vertex -0.21789710223674774 1.3050315369150178 0.15831161928691917
			vertex -0.2831963002681732 1.329891901064749 3.8074978799934185e-8
		endloop
	endfacet
	facet normal 0.7946544485395014 0.18759239398411887 -0.5773503279081846
		outer loop
			vertex -0.3011264204978943 1.4714901578755466 0.09784196141673002
			vertex -0.18610632419586182 1.4714901791461048 0.2561535285361347
			vertex -0.21789710223674774 1.3050315369150178 0.15831161928691917
		endloop
	endfacet
	facet normal 0.5746038385823621 0.3303841878606786 -0.7487834914700342
		outer loop
			vertex -0.18610632419586182 1.4714901791461048 0.2561535285361347
			vertex -0.08751236647367477 1.3298919372523852 0.26933577217542887
			vertex -0.21789710223674774 1.3050315369150178 0.15831161928691917
		endloop
	endfacet
	facet normal 0.3065688116325025 0.12562367940576533 -0.9435222598893961
		outer loop
			vertex -0.08751236647367477 1.3298919372523852 0.26933577217542887
			vertex -0.18610632419586182 1.4714901791461048 0.2561535285361347
			vertex 7.620000275210259e-8 1.4714901872707309 0.3166231342388094
		endloop
	endfacet
	facet normal -0.024741019954955937 0.3303841932658737 -0.943522213184007
		outer loop
			vertex 7.620000275210259e-8 1.4714901872707309 0.3166231342388094
			vertex 0.08322934061288834 1.3050315500609342 0.25615346149434365
			vertex -0.08751236647367477 1.3298919372523852 0.26933577217542887
		endloop
	endfacet
	facet normal -0.30353142178836917 0.18759249636880118 -0.9341722171490933
		outer loop
			vertex 7.620000275210259e-8 1.4714901872707309 0.3166231342388094
			vertex 0.1861063688993454 1.4714901791460928 0.25615343912915556
			vertex 0.08322934061288834 1.3050315500609342 0.25615346149434365
		endloop
	endfacet
	facet normal -0.534572872708617 0.3303839005037233 -0.7778678049977403
		outer loop
			vertex 0.1861063688993454 1.4714901791460928 0.25615343912915556
			vertex 0.22911059856414795 1.3298919234299365 0.1664586630112975
			vertex 0.08322934061288834 1.3050315500609342 0.25615346149434365
		endloop
	endfacet
	facet normal -0.8026079182637041 0.12562355406084713 -0.5831288470016938
		outer loop
			vertex 0.22911059856414795 1.3298919234299365 0.1664586630112975
			vertex 0.1861063688993454 1.4714901791460928 0.25615343912915556
			vertex 0.3011264204978943 1.4714901578755426 0.09784193161440362
		endloop
	endfacet
	facet normal -0.9049882523035948 0.330384124227744 -0.26803468740211916
		outer loop
			vertex 0.3011264204978943 1.4714901578755426 0.09784193161440362
			vertex 0.26933565735816956 1.3050315156444556 2.2365188062090846e-8
			vertex 0.22911059856414795 1.3298919234299365 0.1664586630112975
		endloop
	endfacet
	facet normal -0.9822469530693948 0.18759243904243478 -2.5204702335079174e-8
		outer loop
			vertex 0.3011264204978943 1.4714901578755426 0.09784193161440362
			vertex 0.3011264204978943 1.471490131583688 -0.09784191671324043
			vertex 0.26933565735816956 1.3050315156444556 2.2365188062090846e-8
		endloop
	endfacet
	facet normal -0.9049882501180333 0.3303841846129672 0.2680346203495459
		outer loop
			vertex 0.3011264204978943 1.471490131583688 -0.09784191671324043
			vertex 0.22911059856414795 1.3298918786995582 -0.16645861006018323
			vertex 0.26933565735816956 1.3050315156444556 2.2365188062090846e-8
		endloop
	endfacet
	facet normal -0.7002275886969672 0.6616939321421638 0.2680344459092389
		outer loop
			vertex 0.13466784358024597 1.2021544678402138 -0.09784188052561349
			vertex 0.26933565735816956 1.3050315156444556 2.2365188062090846e-8
			vertex 0.22911059856414795 1.3298918786995582 -0.16645861006018323
		endloop
	endfacet
	facet normal -0.47129836287880206 0.6616940551152845 0.5831284854754156
		outer loop
			vertex 0.13466784358024597 1.2021544678402138 -0.09784188052561349
			vertex 0.22911059856414795 1.3298918786995582 -0.16645861006018323
			vertex 0.08322928100824356 1.305031481227965 -0.2561535061709466
		endloop
	endfacet
	facet normal -0.1875923411908103 0.7946548069603168 0.577349851737586
		outer loop
			vertex -0.05143854394555092 1.202154459715586 -0.15831150112945136
			vertex 0.13466784358024597 1.2021544678402138 -0.09784188052561349
			vertex 0.08322928100824356 1.305031481227965 -0.2561535061709466
		endloop
	endfacet
	facet normal 0.3035308753131245 -0.1875924368290349 -0.9341724066660249
		outer loop
			vertex 7.620000275210259e-8 1.4714901872707309 0.3166231342388094
			vertex -0.18610632419586182 1.4714901791461048 0.2561535285361347
			vertex -0.08322928100824356 1.6379488082312637 0.2561535061709467
		endloop
	endfacet
	facet normal 0.5345729000721056 -0.3303841742963647 -0.7778676699047261
		outer loop
			vertex -0.18610632419586182 1.4714901791461048 0.2561535285361347
			vertex -0.22911061346530914 1.6130884107596766 0.16645865476367278
			vertex -0.08322928100824356 1.6379488082312637 0.2561535061709467
		endloop
	endfacet
	facet normal 0.8026079238085821 -0.12562362372795455 -0.5831288243614222
		outer loop
			vertex -0.22911061346530914 1.6130884107596766 0.16645865476367278
			vertex -0.18610632419586182 1.4714901791461048 0.2561535285361347
			vertex -0.3011264204978943 1.4714901578755466 0.09784196141673002
		endloop
	endfacet
	facet normal 0.10238016643562078 -0.9435222634229224 0.3150937002637471
		outer loop
			vertex 0 1.7881132789684238 -4.254111655837834e-8
			vertex -0.13466784358024597 1.7408259145364697 -0.0978419379997202
			vertex 0.05143854394555092 1.7408259064118359 -0.15831160330704766
		endloop
	endfacet
	facet normal -0.26803465318790787 -0.9435223363578076 -0.19473835134441891
		outer loop
			vertex 0 1.7881132789684238 -4.254111655837834e-8
			vertex 0.1664585918188095 1.740825927682394 -3.618764296387241e-8
			vertex 0.05143856257200241 1.7408259489529523 0.15831153093176173
		endloop
	endfacet
	facet normal -0.268034651541827 -0.9435222782336797 0.19473863522572515
		outer loop
			vertex 0 1.7881132789684238 -4.254111655837834e-8
			vertex 0.05143854394555092 1.7408259064118359 -0.15831160330704766
			vertex 0.1664585918188095 1.740825927682394 -3.618764296387241e-8
		endloop
	endfacet
	facet normal 0.10238010388422454 -0.9435223567797154 -0.31509344103853837
		outer loop
			vertex 0 1.7881132789684238 -4.254111655837834e-8
			vertex 0.05143856257200241 1.7408259489529523 0.15831153093176173
			vertex -0.13466784358024597 1.7408259408283224 0.09784189542676065
		endloop
	endfacet
	facet normal 0.3313090149171783 -0.9435223031993429 1.2677056134771164e-7
		outer loop
			vertex 0 1.7881132789684238 -4.254111655837834e-8
			vertex -0.13466784358024597 1.7408259408283224 0.09784189542676065
			vertex -0.13466784358024597 1.7408259145364697 -0.0978419379997202
		endloop
	endfacet
	facet normal 0.6070623653255436 -0.7946541918377736 1.067688147222346e-7
		outer loop
			vertex -0.13466784358024597 1.7408259145364697 -0.0978419379997202
			vertex -0.13466784358024597 1.7408259408283224 0.09784189542676065
			vertex -0.26933565735816956 1.6379487738147782 1.5734818433033104e-8
		endloop
	endfacet
	facet normal 0.7002278999807859 -0.6616935976965599 0.26803445833676265
		outer loop
			vertex -0.13466784358024597 1.7408259145364697 -0.0978419379997202
			vertex -0.26933565735816956 1.6379487738147782 1.5734818433033104e-8
			vertex -0.22911064326763153 1.6130883660292983 -0.16645861830780792
		endloop
	endfacet
	facet normal 0.904988367194062 -0.33038399161160814 0.2680344629524472
		outer loop
			vertex -0.3011264204978943 1.471490131583693 -0.09784187946033243
			vertex -0.22911064326763153 1.6130883660292983 -0.16645861830780792
			vertex -0.26933565735816956 1.6379487738147782 1.5734818433033104e-8
		endloop
	endfacet
	facet normal 0.9822469530693948 -0.18759243904243464 2.5204702230421795e-8
		outer loop
			vertex -0.3011264204978943 1.4714901578755466 0.09784196141673002
			vertex -0.3011264204978943 1.471490131583693 -0.09784187946033243
			vertex -0.26933565735816956 1.6379487738147782 1.5734818433033104e-8
		endloop
	endfacet
	facet normal 0.9049882882366838 -0.3303841511329079 -0.26803453291437107
		outer loop
			vertex -0.3011264204978943 1.4714901578755466 0.09784196141673002
			vertex -0.26933565735816956 1.6379487738147782 1.5734818433033104e-8
			vertex -0.22911061346530914 1.6130884107596766 0.16645865476367278
		endloop
	endfacet
	facet normal 0.7002278763444392 -0.6616936465619208 -0.26803439945228075
		outer loop
			vertex -0.13466784358024597 1.7408259408283224 0.09784189542676065
			vertex -0.22911061346530914 1.6130884107596766 0.16645865476367278
			vertex -0.26933565735816956 1.6379487738147782 1.5734818433033104e-8
		endloop
	endfacet
	facet normal 0.4712983083237549 -0.6616937797957833 -0.583128841981544
		outer loop
			vertex -0.13466784358024597 1.7408259408283224 0.09784189542676065
			vertex -0.08322928100824356 1.6379488082312637 0.2561535061709467
			vertex -0.22911061346530914 1.6130884107596766 0.16645865476367278
		endloop
	endfacet
	facet normal 0.18759251945536723 -0.7946544276509356 -0.5773503158907526
		outer loop
			vertex -0.13466784358024597 1.7408259408283224 0.09784189542676065
			vertex 0.05143856257200241 1.7408259489529523 0.15831153093176173
			vertex -0.08322928100824356 1.6379488082312637 0.2561535061709467
		endloop
	endfacet
	facet normal -0.038534033726666125 -0.6616936760903145 -0.7487834181302616
		outer loop
			vertex 0.05143856257200241 1.7408259489529523 0.15831153093176173
			vertex 0.08751250058412552 1.6130884245821133 0.26933567452082496
			vertex -0.08322928100824356 1.6379488082312637 0.2561535061709467
		endloop
	endfacet
	facet normal -0.40894962461339723 -0.6616936183144029 -0.6284280070227257
		outer loop
			vertex 0.05143856257200241 1.7408259489529523 0.15831153093176173
			vertex 0.21789714694023132 1.6379487950853253 0.15831150005072706
			vertex 0.08751250058412552 1.6130884245821133 0.26933567452082496
		endloop
	endfacet
	facet normal -0.49112383901121187 -0.794654254116053 -0.3568220721454168
		outer loop
			vertex 0.05143856257200241 1.7408259489529523 0.15831153093176173
			vertex 0.1664585918188095 1.740825927682394 -3.618764296387241e-8
			vertex 0.21789714694023132 1.6379487950853253 0.15831150005072706
		endloop
	endfacet
	facet normal -0.724042974491941 -0.6616936687090932 -0.1947389531633653
		outer loop
			vertex 0.1664585918188095 1.740825927682394 -3.618764296387241e-8
			vertex 0.2831963002681732 1.6130883883944824 -1.9024975552372196e-8
			vertex 0.21789714694023132 1.6379487950853253 0.15831150005072706
		endloop
	endfacet
	facet normal -0.7240429656114875 -0.6616936082635286 0.19473919156583297
		outer loop
			vertex 0.1664585918188095 1.740825927682394 -3.618764296387241e-8
			vertex 0.21789711713790894 1.637948752544213 -0.15831160438575595
			vertex 0.2831963002681732 1.6130883883944824 -1.9024975552372196e-8
		endloop
	endfacet
	facet normal -0.4911237690238722 -0.7946541983720515 0.35682229261841053
		outer loop
			vertex 0.1664585918188095 1.740825927682394 -3.618764296387241e-8
			vertex 0.05143854394555092 1.7408259064118359 -0.15831160330704766
			vertex 0.21789711713790894 1.637948752544213 -0.15831160438575595
		endloop
	endfacet
	facet normal -0.4089494693094136 -0.6616935178290481 0.6284282138912674
		outer loop
			vertex 0.05143854394555092 1.7408259064118359 -0.15831160330704766
			vertex 0.08751246333122253 1.6130883522068475 -0.2693357423731024
			vertex 0.21789711713790894 1.637948752544213 -0.15831160438575595
		endloop
	endfacet
	facet normal -0.03853351960937056 -0.6616935013963783 0.7487835989632222
		outer loop
			vertex 0.05143854394555092 1.7408259064118359 -0.15831160330704766
			vertex -0.08322929590940475 1.6379487393982946 -0.2561534614943436
			vertex 0.08751246333122253 1.6130883522068475 -0.2693357423731024
		endloop
	endfacet
	facet normal 0.18759268087578543 -0.7946541221706925 0.5773506838992764
		outer loop
			vertex 0.05143854394555092 1.7408259064118359 -0.15831160330704766
			vertex -0.13466784358024597 1.7408259145364697 -0.0978419379997202
			vertex -0.08322929590940475 1.6379487393982946 -0.2561534614943436
		endloop
	endfacet
	facet normal 0.4712982601847627 -0.661693555497088 0.5831291354069337
		outer loop
			vertex -0.13466784358024597 1.7408259145364697 -0.0978419379997202
			vertex -0.22911064326763153 1.6130883660292983 -0.16645861830780792
			vertex -0.08322929590940475 1.6379487393982946 -0.2561534614943436
		endloop
	endfacet
	facet normal -0.10238033253757808 0.9435220815584147 0.3150941908718273
		outer loop
			vertex 0 1.154867010490805 4.254111655837834e-8
			vertex 0.13466784358024597 1.2021544678402138 -0.09784188052561349
			vertex -0.05143854394555092 1.202154459715586 -0.15831150112945136
		endloop
	endfacet
	facet normal 0.03853413639404989 0.6616941385952476 0.7487830041347481
		outer loop
			vertex -0.05143854394555092 1.202154459715586 -0.15831150112945136
			vertex 0.08322928100824356 1.305031481227965 -0.2561535061709466
			vertex -0.08751248568296432 1.3298918648771154 -0.2693356745208249
		endloop
	endfacet
	facet normal 0.4089492233248342 0.6616940828719131 0.6284277790122845
		outer loop
			vertex -0.05143854394555092 1.202154459715586 -0.15831150112945136
			vertex -0.08751248568296432 1.3298918648771154 -0.2693356745208249
			vertex -0.21789714694023132 1.3050314943739014 -0.15831151495189025
		endloop
	endfacet
	facet normal 0.5746040894618066 0.33038423640627185 0.7487832775296286
		outer loop
			vertex -0.18610639870166779 1.4714901103131357 -0.25615343912915556
			vertex -0.21789714694023132 1.3050314943739014 -0.15831151495189025
			vertex -0.08751248568296432 1.3298918648771154 -0.2693356745208249
		endloop
	endfacet
	facet normal 0.7946546322448392 0.18759242754828354 0.5773500641537691
		outer loop
			vertex -0.18610639870166779 1.4714901103131357 -0.25615343912915556
			vertex -0.3011264204978943 1.471490131583693 -0.09784187946033243
			vertex -0.21789714694023132 1.3050314943739014 -0.15831151495189025
		endloop
	endfacet
	facet normal 0.802608090761848 -0.12562346329783178 0.583128629131412
		outer loop
			vertex -0.22911064326763153 1.6130883660292983 -0.16645861830780792
			vertex -0.3011264204978943 1.471490131583693 -0.09784187946033243
			vertex -0.18610639870166779 1.4714901103131357 -0.25615343912915556
		endloop
	endfacet
	facet normal 0.5345727976604245 -0.33038409339274893 0.7778677746471814
		outer loop
			vertex -0.18610639870166779 1.4714901103131357 -0.25615343912915556
			vertex -0.08322929590940475 1.6379487393982946 -0.2561534614943436
			vertex -0.22911064326763153 1.6130883660292983 -0.16645861830780792
		endloop
	endfacet
	facet normal 0.3035312631795024 -0.18759253420181465 0.9341722610869992
		outer loop
			vertex -0.18610639870166779 1.4714901103131357 -0.25615343912915556
			vertex 0 1.4714901021884976 -0.3166231342388094
			vertex -0.08322929590940475 1.6379487393982946 -0.2561534614943436
		endloop
	endfacet
	facet normal 0.024740834315638453 -0.3303842730266312 0.9435221901227501
		outer loop
			vertex 0 1.4714901021884976 -0.3166231342388094
			vertex 0.08751246333122253 1.6130883522068475 -0.2693357423731024
			vertex -0.08322929590940475 1.6379487393982946 -0.2561534614943436
		endloop
	endfacet
	facet normal -0.30656885394920763 -0.12562379727904427 0.9435222304458244
		outer loop
			vertex 0.08751246333122253 1.6130883522068475 -0.2693357423731024
			vertex 0 1.4714901021884976 -0.3166231342388094
			vertex 0.1861063688993454 1.4714901103131237 -0.2561535285361347
		endloop
	endfacet
	facet normal -0.5746039845440871 -0.33038424836227825 0.74878335276644
		outer loop
			vertex 0.1861063688993454 1.4714901103131237 -0.2561535285361347
			vertex 0.21789711713790894 1.637948752544213 -0.15831160438575595
			vertex 0.08751246333122253 1.6130883522068475 -0.2693357423731024
		endloop
	endfacet
	facet normal -0.7946546313196738 -0.18759240336826707 0.5773500732837146
		outer loop
			vertex 0.1861063688993454 1.4714901103131237 -0.2561535285361347
			vertex 0.3011264204978943 1.471490131583688 -0.09784191671324043
			vertex 0.21789711713790894 1.637948752544213 -0.15831160438575595
		endloop
	endfacet
	facet normal -0.8896977110291374 -0.33038403783981896 0.31509422484420535
		outer loop
			vertex 0.3011264204978943 1.471490131583688 -0.09784191671324043
			vertex 0.2831963002681732 1.6130883883944824 -1.9024975552372196e-8
			vertex 0.21789711713790894 1.637948752544213 -0.15831160438575595
		endloop
	endfacet
	facet normal -0.9920779796149706 -0.12562357407380934 1.6878637577087486e-8
		outer loop
			vertex 0.2831963002681732 1.6130883883944824 -1.9024975552372196e-8
			vertex 0.3011264204978943 1.471490131583688 -0.09784191671324043
			vertex 0.3011264204978943 1.4714901578755426 0.09784193161440362
		endloop
	endfacet
	facet normal -0.8896977248591831 -0.3303841271079576 -0.3150940921939134
		outer loop
			vertex 0.3011264204978943 1.4714901578755426 0.09784193161440362
			vertex 0.21789714694023132 1.6379487950853253 0.15831150005072706
			vertex 0.2831963002681732 1.6130883883944824 -1.9024975552372196e-8
		endloop
	endfacet
	facet normal -0.7946544600788864 -0.18759249604359146 -0.577350278864459
		outer loop
			vertex 0.3011264204978943 1.4714901578755426 0.09784193161440362
			vertex 0.1861063688993454 1.4714901791460928 0.25615343912915556
			vertex 0.21789714694023132 1.6379487950853253 0.15831150005072706
		endloop
	endfacet
	facet normal -0.5746042121026338 -0.33038414541800887 -0.7487832235636183
		outer loop
			vertex 0.1861063688993454 1.4714901791460928 0.25615343912915556
			vertex 0.08751250058412552 1.6130884245821133 0.26933567452082496
			vertex 0.21789714694023132 1.6379487950853253 0.15831150005072706
		endloop
	endfacet
	facet normal -0.30656938123048555 -0.1256239549001017 -0.9435220381354188
		outer loop
			vertex 0.08751250058412552 1.6130884245821133 0.26933567452082496
			vertex 0.1861063688993454 1.4714901791460928 0.25615343912915556
			vertex 7.620000275210259e-8 1.4714901872707309 0.3166231342388094
		endloop
	endfacet
	facet normal 0.024740203375891605 -0.33038435409820677 -0.9435221782788312
		outer loop
			vertex 7.620000275210259e-8 1.4714901872707309 0.3166231342388094
			vertex -0.08322928100824356 1.6379488082312637 0.2561535061709467
			vertex 0.08751250058412552 1.6130884245821133 0.26933567452082496
		endloop
	endfacet
	facet normal -0.8026080793113743 0.12562392214878648 0.5831285460411471
		outer loop
			vertex 0.22911059856414795 1.3298918786995582 -0.16645861006018323
			vertex 0.3011264204978943 1.471490131583688 -0.09784191671324043
			vertex 0.1861063688993454 1.4714901103131237 -0.2561535285361347
		endloop
	endfacet
	facet normal -0.5345730894023651 0.33038443487168956 0.7778674291171506
		outer loop
			vertex 0.1861063688993454 1.4714901103131237 -0.2561535285361347
			vertex 0.08322928100824356 1.305031481227965 -0.2561535061709466
			vertex 0.22911059856414795 1.3298918786995582 -0.16645861006018323
		endloop
	endfacet
	facet normal -0.3035309155005687 0.18759254318131083 0.9341723722515856
		outer loop
			vertex 0.1861063688993454 1.4714901103131237 -0.2561535285361347
			vertex 0 1.4714901021884976 -0.3166231342388094
			vertex 0.08322928100824356 1.305031481227965 -0.2561535061709466
		endloop
	endfacet
	facet normal -0.02474020383544485 0.3303843639377852 0.9435221748213478
		outer loop
			vertex 0 1.4714901021884976 -0.3166231342388094
			vertex -0.08751248568296432 1.3298918648771154 -0.2693356745208249
			vertex 0.08322928100824356 1.305031481227965 -0.2561535061709466
		endloop
	endfacet
	facet normal 0.30656922398116554 0.12562393721862675 0.9435220915830624
		outer loop
			vertex -0.08751248568296432 1.3298918648771154 -0.2693356745208249
			vertex 0 1.4714901021884976 -0.3166231342388094
			vertex -0.18610639870166779 1.4714901103131357 -0.25615343912915556
		endloop
	endfacet
	facet normal -0.331309668839171 0.9435220735805115 -1.0502143342180696e-7
		outer loop
			vertex -0.15621468424797058 1.7839196300571407 0.11349661955667595
			vertex 0 1.838773061508961 -4.934770609915907e-8
			vertex -0.15621469914913177 1.7839195995585866 -0.11349666625908941
		endloop
	endfacet
	facet normal -0.6070621960220787 0.7946543211742114 -6.691773342141618e-8
		outer loop
			vertex -0.15621468424797058 1.7839196300571407 0.11349661955667595
			vertex -0.15621469914913177 1.7839195995585866 -0.11349666625908941
			vertex -0.31242936849594116 1.6645821592367758 1.215638770242557e-8
		endloop
	endfacet
	facet normal -0.7002277934506744 0.6616937177702066 -0.2680344402173755
		outer loop
			vertex -0.31242936849594116 1.6645821592367758 1.215638770242557e-8
			vertex -0.15621469914913177 1.7839195995585866 -0.11349666625908941
			vertex -0.2657683491706848 1.635744090973991 -0.19309200677380292
		endloop
	endfacet
	facet normal -0.9049883288799428 0.3303840911719809 -0.2680344695958949
		outer loop
			vertex -0.2657683491706848 1.635744090973991 -0.19309200677380292
			vertex -0.3493066728115082 1.4714901294803426 -0.11349660192968389
			vertex -0.31242936849594116 1.6645821592367758 1.215638770242557e-8
		endloop
	endfacet
	facet normal -0.49112366582835526 -0.7946543891754588 -0.35682200972963596
		outer loop
			vertex -0.05966871604323387 1.1590606499775227 -0.18364135680735985
			vertex -0.1930919736623764 1.1590606746513703 6.102766396027038e-8
			vertex -0.2527606785297394 1.278398105548615 -0.1836413579402386
		endloop
	endfacet
	facet normal -0.2680351782103415 -0.9435221013377216 -0.19473876740135973
		outer loop
			vertex -0.05966871604323387 1.1590606499775227 -0.18364135680735985
			vertex 0 1.1042072279502677 4.9347706099159095e-8
			vertex -0.1930919736623764 1.1590606746513703 6.102766396027038e-8
		endloop
	endfacet
	facet normal -0.2680351375838526 -0.9435220412582941 0.19473911440742278
		outer loop
			vertex -0.1930919736623764 1.1590606746513703 6.102766396027038e-8
			vertex 0 1.1042072279502677 4.9347706099159095e-8
			vertex -0.059668637812137604 1.1590606993252166 0.18364147056500765
		endloop
	endfacet
	facet normal -0.574603884468679 -0.3303841934639101 0.7487834537853427
		outer loop
			vertex -0.10151434689760208 1.3072362145192875 0.31242952194954593
			vertex -0.2158833146095276 1.4714901846527488 0.2971381348251732
			vertex -0.252760648727417 1.278398154896311 0.18364148433329214
		endloop
	endfacet
	facet normal -0.79465443796868 -0.18759237959432232 0.5773503471331956
		outer loop
			vertex -0.2158833146095276 1.4714901846527488 0.2971381348251732
			vertex -0.3493066728115082 1.4714901599788939 0.11349666153433667
			vertex -0.252760648727417 1.278398154896311 0.18364148433329214
		endloop
	endfacet
	facet normal -0.802607888674276 0.12562384055133582 0.5831288260092735
		outer loop
			vertex -0.2158833146095276 1.4714901846527488 0.2971381348251732
			vertex -0.26576828956604004 1.6357441428612287 0.19309202224050984
			vertex -0.3493066728115082 1.4714901599788939 0.11349666153433667
		endloop
	endfacet
	facet normal -0.889697643099433 -0.33038413607702855 0.31509431364585055
		outer loop
			vertex -0.252760648727417 1.278398154896311 0.18364148433329214
			vertex -0.3493066728115082 1.4714901599788939 0.11349666153433667
			vertex -0.3285077214241028 1.307236172541628 6.016897941722158e-8
		endloop
	endfacet
	facet normal 0.10238035506092592 -0.9435220581892728 0.31509425353039555
		outer loop
			vertex -0.059668637812137604 1.1590606993252166 0.18364147056500765
			vertex 0 1.1042072279502677 4.9347706099159095e-8
			vertex 0.15621468424797058 1.1590606899006441 0.11349668116025259
		endloop
	endfacet
	facet normal 0.18759266691636775 -0.7946541929729007 0.5773505909841894
		outer loop
			vertex -0.059668637812137604 1.1590606993252166 0.18364147056500765
			vertex 0.15621468424797058 1.1590606899006441 0.11349668116025259
			vertex 0.09654603153467178 1.2783981701455727 0.2971380117571601
		endloop
	endfacet
	facet normal -0.03853332111014341 -0.6616937327461838 0.7487834047364061
		outer loop
			vertex -0.10151434689760208 1.3072362145192875 0.31242952194954593
			vertex -0.059668637812137604 1.1590606993252166 0.18364147056500765
			vertex 0.09654603153467178 1.2783981701455727 0.2971380117571601
		endloop
	endfacet
	facet normal 0.024741187450025966 -0.3303840908310064 0.9435222446605762
		outer loop
			vertex 0.09654603153467178 1.2783981701455727 0.2971380117571601
			vertex 9.52500016637714e-8 1.4714901940773084 0.3672828273723675
			vertex -0.10151434689760208 1.3072362145192875 0.31242952194954593
		endloop
	endfacet
	facet normal -0.30656863599511464 -0.12562358901731174 0.9435223289920089
		outer loop
			vertex -0.2158833146095276 1.4714901846527488 0.2971381348251732
			vertex -0.10151434689760208 1.3072362145192875 0.31242952194954593
			vertex 9.52500016637714e-8 1.4714901940773084 0.3672828273723675
		endloop
	endfacet
	facet normal -0.3035306884549157 0.18759259711294132 0.9341724351930465
		outer loop
			vertex -0.2158833146095276 1.4714901846527488 0.2971381348251732
			vertex 9.52500016637714e-8 1.4714901940773084 0.3672828273723675
			vertex -0.09654594957828522 1.6645821991598972 0.2971380492769017
		endloop
	endfacet
	facet normal -0.534572890647975 0.3303843864031444 0.7778675862929925
		outer loop
			vertex -0.26576828956604004 1.6357441428612287 0.19309202224050984
			vertex -0.2158833146095276 1.4714901846527488 0.2971381348251732
			vertex -0.09654594957828522 1.6645821991598972 0.2971380492769017
		endloop
	endfacet
	facet normal -0.47129829740755425 0.6616938014392252 0.5831288262448083
		outer loop
			vertex -0.09654594957828522 1.6645821991598972 0.2971380492769017
			vertex -0.15621468424797058 1.7839196300571407 0.11349661955667595
			vertex -0.26576828956604004 1.6357441428612287 0.19309202224050984
		endloop
	endfacet
	facet normal -0.7002277711770293 0.6616937227169718 0.2680344861942305
		outer loop
			vertex -0.26576828956604004 1.6357441428612287 0.19309202224050984
			vertex -0.15621468424797058 1.7839196300571407 0.11349661955667595
			vertex -0.31242936849594116 1.6645821592367758 1.215638770242557e-8
		endloop
	endfacet
	facet normal -0.9049881986777918 0.3303842852581364 0.26803466997460623
		outer loop
			vertex -0.31242936849594116 1.6645821592367758 1.215638770242557e-8
			vertex -0.3493066728115082 1.4714901599788939 0.11349666153433667
			vertex -0.26576828956604004 1.6357441428612287 0.19309202224050984
		endloop
	endfacet
	facet normal -0.9822469360448505 0.18759252818410108 -2.5204714209410746e-8
		outer loop
			vertex -0.3493066728115082 1.4714901294803426 -0.11349660192968389
			vertex -0.3493066728115082 1.4714901599788939 0.11349666153433667
			vertex -0.31242936849594116 1.6645821592367758 1.215638770242557e-8
		endloop
	endfacet
	facet normal -0.9920779715505872 -0.12562363776006513 1.6878646068064227e-8
		outer loop
			vertex -0.3493066728115082 1.4714901294803426 -0.11349660192968389
			vertex -0.3285077214241028 1.307236172541628 6.016897941722158e-8
			vertex -0.3493066728115082 1.4714901599788939 0.11349666153433667
		endloop
	endfacet
	facet normal -0.8896977001595271 -0.3303841788429591 -0.31509410769024565
		outer loop
			vertex -0.3285077214241028 1.307236172541628 6.016897941722158e-8
			vertex -0.3493066728115082 1.4714901294803426 -0.11349660192968389
			vertex -0.2527606785297394 1.278398105548615 -0.1836413579402386
		endloop
	endfacet
	facet normal -0.7240428673524616 -0.6616937878212038 -0.1947389467848015
		outer loop
			vertex -0.2527606785297394 1.278398105548615 -0.1836413579402386
			vertex -0.1930919736623764 1.1590606746513703 6.102766396027038e-8
			vertex -0.3285077214241028 1.307236172541628 6.016897941722158e-8
		endloop
	endfacet
	facet normal -0.7240428276505825 -0.6616937492811037 0.19473922535037685
		outer loop
			vertex -0.3285077214241028 1.307236172541628 6.016897941722158e-8
			vertex -0.1930919736623764 1.1590606746513703 6.102766396027038e-8
			vertex -0.252760648727417 1.278398154896311 0.18364148433329214
		endloop
	endfacet
	facet normal -0.4911234963896545 -0.7946543521028664 0.35682232550384935
		outer loop
			vertex -0.1930919736623764 1.1590606746513703 6.102766396027038e-8
			vertex -0.059668637812137604 1.1590606993252166 0.18364147056500765
			vertex -0.252760648727417 1.278398154896311 0.18364148433329214
		endloop
	endfacet
	facet normal -0.40894926436038065 -0.6616937162951723 0.6284281382899619
		outer loop
			vertex -0.252760648727417 1.278398154896311 0.18364148433329214
			vertex -0.059668637812137604 1.1590606993252166 0.18364147056500765
			vertex -0.10151434689760208 1.3072362145192875 0.31242952194954593
		endloop
	endfacet
	facet normal -0.10238026176998978 0.9435221324981002 0.31509406133113016
		outer loop
			vertex 0.05966871604323387 1.783919639481706 0.18364135680735985
			vertex 0 1.838773061508961 -4.934770609915907e-8
			vertex -0.15621468424797058 1.7839196300571407 0.11349661955667595
		endloop
	endfacet
	facet normal -0.18759242214066177 0.7946544893456998 0.577350262594662
		outer loop
			vertex 0.05966871604323387 1.783919639481706 0.18364135680735985
			vertex -0.15621468424797058 1.7839196300571407 0.11349661955667595
			vertex -0.09654594957828522 1.6645821991598972 0.2971380492769017
		endloop
	endfacet
	facet normal 0.038533971151497176 0.6616938613947204 0.7487832575985124
		outer loop
			vertex 0.10151449590921402 1.6357441588952586 0.3124293884046209
			vertex 0.05966871604323387 1.783919639481706 0.18364135680735985
			vertex -0.09654594957828522 1.6645821991598972 0.2971380492769017
		endloop
	endfacet
	facet normal -0.024740331192178798 0.33038433150887964 0.9435221828372305
		outer loop
			vertex -0.09654594957828522 1.6645821991598972 0.2971380492769017
			vertex 9.52500016637714e-8 1.4714901940773084 0.3672828273723675
			vertex 0.10151449590921402 1.6357441588952586 0.3124293884046209
		endloop
	endfacet
	facet normal 0.3065693719440031 0.12562389647811176 0.9435220489312988
		outer loop
			vertex 0.21588338911533356 1.4714901846527288 0.2971379858135413
			vertex 0.10151449590921402 1.6357441588952586 0.3124293884046209
			vertex 9.52500016637714e-8 1.4714901940773084 0.3672828273723675
		endloop
	endfacet
	facet normal 0.30353141057070476 -0.1875924922989935 0.934172221611203
		outer loop
			vertex 0.21588338911533356 1.4714901846527288 0.2971379858135413
			vertex 9.52500016637714e-8 1.4714901940773084 0.3672828273723675
			vertex 0.09654603153467178 1.2783981701455727 0.2971380117571601
		endloop
	endfacet
	facet normal 0.534572896444762 -0.3303839202158677 0.7778677803132439
		outer loop
			vertex 0.26576828956604004 1.3072361984852416 0.1930920365761293
			vertex 0.21588338911533356 1.4714901846527288 0.2971379858135413
			vertex 0.09654603153467178 1.2783981701455727 0.2971380117571601
		endloop
	endfacet
	facet normal 0.4712983177386282 -0.6616936303803429 0.5831290039183623
		outer loop
			vertex 0.09654603153467178 1.2783981701455727 0.2971380117571601
			vertex 0.15621468424797058 1.1590606899006441 0.11349668116025259
			vertex 0.26576828956604004 1.3072361984852416 0.1930920365761293
		endloop
	endfacet
	facet normal 0.700227783844126 -0.6616936412815966 0.2680346541405534
		outer loop
			vertex 0.26576828956604004 1.3072361984852416 0.1930920365761293
			vertex 0.15621468424797058 1.1590606899006441 0.11349668116025259
			vertex 0.31242936849594116 1.278398130222458 2.5943618792698326e-8
		endloop
	endfacet
	facet normal 0.8896976623482651 0.3303842427665331 0.31509414742837905
		outer loop
			vertex 0.2527606785297394 1.6645821839106136 0.18364135794023856
			vertex 0.3493066728115082 1.4714901599788939 0.11349666153433667
			vertex 0.3285077214241028 1.635744116917606 -2.2068972922097657e-8
		endloop
	endfacet
	facet normal 0.7240428502152932 0.6616937971961503 0.19473897864642964
		outer loop
			vertex 0.3285077214241028 1.635744116917606 -2.2068972922097657e-8
			vertex 0.1930919736623764 1.783919614807861 -4.197766071270839e-8
			vertex 0.2527606785297394 1.6645821839106136 0.18364135794023856
		endloop
	endfacet
	facet normal 0.49112365934173086 0.7946543786798856 0.3568220420317002
		outer loop
			vertex 0.1930919736623764 1.783919614807861 -4.197766071270839e-8
			vertex 0.05966871604323387 1.783919639481706 0.18364135680735985
			vertex 0.2527606785297394 1.6645821839106136 0.18364135794023856
		endloop
	endfacet
	facet normal 0.26803516005229633 0.9435221050495016 0.19473877440997014
		outer loop
			vertex 0.1930919736623764 1.783919614807861 -4.197766071270839e-8
			vertex 0 1.838773061508961 -4.934770609915907e-8
			vertex 0.05966871604323387 1.783919639481706 0.18364135680735985
		endloop
	endfacet
	facet normal 0.268035159458049 0.9435220506278797 -0.19473903890401367
		outer loop
			vertex 0.05966869741678238 1.7839195901340141 -0.18364145566384446
			vertex 0 1.838773061508961 -4.934770609915907e-8
			vertex 0.1930919736623764 1.783919614807861 -4.197766071270839e-8
		endloop
	endfacet
	facet normal 0.4911236083808241 0.7946543215495516 -0.35682223940446983
		outer loop
			vertex 0.05966869741678238 1.7839195901340141 -0.18364145566384446
			vertex 0.1930919736623764 1.783919614807861 -4.197766071270839e-8
			vertex 0.2527606785297394 1.6645821345629237 -0.18364143962980256
		endloop
	endfacet
	facet normal 0.7240428546713422 0.6616937489386523 -0.1947391260504305
		outer loop
			vertex 0.2527606785297394 1.6645821345629237 -0.18364143962980256
			vertex 0.1930919736623764 1.783919614807861 -4.197766071270839e-8
			vertex 0.3285077214241028 1.635744116917606 -2.2068972922097657e-8
		endloop
	endfacet
	facet normal 0.8896976943166811 0.3303840994106499 -0.3150942074748364
		outer loop
			vertex 0.3285077214241028 1.635744116917606 -2.2068972922097657e-8
			vertex 0.3493066728115082 1.4714901294803377 -0.11349663918259188
			vertex 0.2527606785297394 1.6645821345629237 -0.18364143962980256
		endloop
	endfacet
	facet normal 0.9920779715505873 0.12562363776006502 -1.687864599827645e-8
		outer loop
			vertex 0.3493066728115082 1.4714901294803377 -0.11349663918259188
			vertex 0.3285077214241028 1.635744116917606 -2.2068972922097657e-8
			vertex 0.3493066728115082 1.4714901599788939 0.11349666153433667
		endloop
	endfacet
	facet normal 0.9822469360448506 -0.18759252818410124 2.5204714110011773e-8
		outer loop
			vertex 0.3493066728115082 1.4714901294803377 -0.11349663918259188
			vertex 0.3493066728115082 1.4714901599788939 0.11349666153433667
			vertex 0.31242936849594116 1.278398130222458 2.5943618792698326e-8
		endloop
	endfacet
	facet normal 0.9049881845245912 -0.3303842586206752 0.2680347505950517
		outer loop
			vertex 0.31242936849594116 1.278398130222458 2.5943618792698326e-8
			vertex 0.3493066728115082 1.4714901599788939 0.11349666153433667
			vertex 0.26576828956604004 1.3072361984852416 0.1930920365761293
		endloop
	endfacet
	facet normal 0.802607816163894 -0.12562370681330584 0.583128954622483
		outer loop
			vertex 0.21588338911533356 1.4714901846527288 0.2971379858135413
			vertex 0.26576828956604004 1.3072361984852416 0.1930920365761293
			vertex 0.3493066728115082 1.4714901599788939 0.11349666153433667
		endloop
	endfacet
	facet normal 0.7946543639346707 0.1875925643217992 0.5773503890106559
		outer loop
			vertex 0.21588338911533356 1.4714901846527288 0.2971379858135413
			vertex 0.3493066728115082 1.4714901599788939 0.11349666153433667
			vertex 0.2527606785297394 1.6645821839106136 0.18364135794023856
		endloop
	endfacet
	facet normal 0.5746042136520556 0.33038410306148736 0.7487832410634999
		outer loop
			vertex 0.10151449590921402 1.6357441588952586 0.3124293884046209
			vertex 0.21588338911533356 1.4714901846527288 0.2971379858135413
			vertex 0.2527606785297394 1.6645821839106136 0.18364135794023856
		endloop
	endfacet
	facet normal 0.408949474661199 0.6616938240739306 0.6284278879527448
		outer loop
			vertex 0.2527606785297394 1.6645821839106136 0.18364135794023856
			vertex 0.05966871604323387 1.783919639481706 0.18364135680735985
			vertex 0.10151449590921402 1.6357441588952586 0.3124293884046209
		endloop
	endfacet
	facet normal 0.534573083249711 -0.330384409709178 -0.7778674440327323
		outer loop
			vertex 0.09654597193002701 1.2783980902993315 -0.29713804927690163
			vertex 0.21588338911533356 1.4714901048064877 -0.29713807522052044
			vertex 0.26576828956604004 1.307236146598006 -0.19309197753702026
		endloop
	endfacet
	facet normal 0.30353092736771314 -0.1875925383874079 -0.9341723693583884
		outer loop
			vertex -1.9050000688025648e-8 1.47149009538192 -0.3672828273723675
			vertex 0.21588338911533356 1.4714901048064877 -0.29713807522052044
			vertex 0.09654597193002701 1.2783980902993315 -0.29713804927690163
		endloop
	endfacet
	facet normal 0.024740329041335433 -0.3303843386019521 -0.9435221804099134
		outer loop
			vertex -0.10151448100805283 1.3072361305639701 -0.3124293884046209
			vertex -1.9050000688025648e-8 1.47149009538192 -0.3672828273723675
			vertex 0.09654597193002701 1.2783980902993315 -0.29713804927690163
		endloop
	endfacet
	facet normal -0.30656921670868137 -0.12562389492201534 -0.9435220995775605
		outer loop
			vertex -1.9050000688025648e-8 1.47149009538192 -0.3672828273723675
			vertex -0.10151448100805283 1.3072361305639701 -0.3124293884046209
			vertex -0.21588343381881714 1.4714901048064997 -0.2971379858135413
		endloop
	endfacet
	facet normal -0.3035312542217026 0.18759253621345076 -0.934172263593608
		outer loop
			vertex -1.9050000688025648e-8 1.47149009538192 -0.3672828273723675
			vertex -0.21588343381881714 1.4714901048064997 -0.2971379858135413
			vertex -0.0965459868311882 1.664582119313656 -0.29713801175716004
		endloop
	endfacet
	facet normal -0.02474087074232178 0.33038423041092535 -0.9435222040899157
		outer loop
			vertex 0.10151446610689163 1.6357440749399492 -0.31242946234489316
			vertex -1.9050000688025648e-8 1.47149009538192 -0.3672828273723675
			vertex -0.0965459868311882 1.664582119313656 -0.29713801175716004
		endloop
	endfacet
	facet normal 0.3065688703580031 0.12562367694570284 -0.9435222411358725
		outer loop
			vertex -1.9050000688025648e-8 1.47149009538192 -0.3672828273723675
			vertex 0.10151446610689163 1.6357440749399492 -0.31242946234489316
			vertex 0.21588338911533356 1.4714901048064877 -0.29713807522052044
		endloop
	endfacet
	facet normal -0.1023803353997697 0.943522044214438 -0.3150943017651052
		outer loop
			vertex -0.15621469914913177 1.7839195995585866 -0.11349666625908941
			vertex 0 1.838773061508961 -4.934770609915907e-8
			vertex 0.05966869741678238 1.7839195901340141 -0.18364145566384446
		endloop
	endfacet
	facet normal 0.6070621777386401 -0.7946543351415183 1.067688327362528e-7
		outer loop
			vertex 0.15621468424797058 1.1590606899006441 0.11349668116025259
			vertex 0.15621468424797058 1.1590606594020911 -0.11349659720493117
			vertex 0.31242936849594116 1.278398130222458 2.5943618792698326e-8
		endloop
	endfacet
	facet normal 0.7002277884259771 -0.6616937004114286 -0.2680344961975896
		outer loop
			vertex 0.31242936849594116 1.278398130222458 2.5943618792698326e-8
			vertex 0.15621468424797058 1.1590606594020911 -0.11349659720493117
			vertex 0.26576828956604004 1.307236146598006 -0.19309197753702026
		endloop
	endfacet
	facet normal 0.4712984508989011 -0.6616937758929707 -0.5831287311776013
		outer loop
			vertex 0.26576828956604004 1.307236146598006 -0.19309197753702026
			vertex 0.15621468424797058 1.1590606594020911 -0.11349659720493117
			vertex 0.09654597193002701 1.2783980902993315 -0.29713804927690163
		endloop
	endfacet
	facet normal 0.18759246291137277 -0.7946545222196362 -0.5773502041003598
		outer loop
			vertex 0.15621468424797058 1.1590606594020911 -0.11349659720493117
			vertex -0.05966871604323387 1.1590606499775227 -0.18364135680735985
			vertex 0.09654597193002701 1.2783980902993315 -0.29713804927690163
		endloop
	endfacet
	facet normal -0.038533969168400295 -0.6616938589364 -0.7487832598729652
		outer loop
			vertex 0.09654597193002701 1.2783980902993315 -0.29713804927690163
			vertex -0.05966871604323387 1.1590606499775227 -0.18364135680735985
			vertex -0.10151448100805283 1.3072361305639701 -0.3124293884046209
		endloop
	endfacet
	facet normal -0.4089494625010366 -0.6616938043983849 -0.628427916583044
		outer loop
			vertex -0.10151448100805283 1.3072361305639701 -0.3124293884046209
			vertex -0.05966871604323387 1.1590606499775227 -0.18364135680735985
			vertex -0.2527606785297394 1.278398105548615 -0.1836413579402386
		endloop
	endfacet
	facet normal -0.574604128328299 -0.33038425219437445 -0.7487832407379588
		outer loop
			vertex -0.2527606785297394 1.278398105548615 -0.1836413579402386
			vertex -0.21588343381881714 1.4714901048064997 -0.2971379858135413
			vertex -0.10151448100805283 1.3072361305639701 -0.3124293884046209
		endloop
	endfacet
	facet normal -0.7946545446023806 -0.18759256709755276 -0.5773501394409926
		outer loop
			vertex -0.3493066728115082 1.4714901294803426 -0.11349660192968389
			vertex -0.21588343381881714 1.4714901048064997 -0.2971379858135413
			vertex -0.2527606785297394 1.278398105548615 -0.1836413579402386
		endloop
	endfacet
	facet normal -0.8026080174266855 0.12562352765409882 -0.58312871620436
		outer loop
			vertex -0.3493066728115082 1.4714901294803426 -0.11349660192968389
			vertex -0.2657683491706848 1.635744090973991 -0.19309200677380292
			vertex -0.21588343381881714 1.4714901048064997 -0.2971379858135413
		endloop
	endfacet
	facet normal -0.5345727510562136 0.33038407788288676 -0.7778678132624247
		outer loop
			vertex -0.0965459868311882 1.664582119313656 -0.29713801175716004
			vertex -0.21588343381881714 1.4714901048064997 -0.2971379858135413
			vertex -0.2657683491706848 1.635744090973991 -0.19309200677380292
		endloop
	endfacet
	facet normal -0.4712981829920873 0.6616936567362846 -0.5831290829167426
		outer loop
			vertex -0.2657683491706848 1.635744090973991 -0.19309200677380292
			vertex -0.15621469914913177 1.7839195995585866 -0.11349666625908941
			vertex -0.0965459868311882 1.664582119313656 -0.29713801175716004
		endloop
	endfacet
	facet normal -0.18759260284760026 0.7946542065919006 -0.5773505930564721
		outer loop
			vertex -0.15621469914913177 1.7839195995585866 -0.11349666625908941
			vertex 0.05966869741678238 1.7839195901340141 -0.18364145566384446
			vertex -0.0965459868311882 1.664582119313656 -0.29713801175716004
		endloop
	endfacet
	facet normal 0.03853351278008654 0.661693639510866 -0.7487834772640828
		outer loop
			vertex -0.0965459868311882 1.664582119313656 -0.29713801175716004
			vertex 0.05966869741678238 1.7839195901340141 -0.18364145566384446
			vertex 0.10151446610689163 1.6357440749399492 -0.31242946234489316
		endloop
	endfacet
	facet normal 0.40894940364616816 0.6616936825984078 -0.6284280831302825
		outer loop
			vertex 0.10151446610689163 1.6357440749399492 -0.31242946234489316
			vertex 0.05966869741678238 1.7839195901340141 -0.18364145566384446
			vertex 0.2527606785297394 1.6645821345629237 -0.18364143962980256
		endloop
	endfacet
	facet normal 0.5746040545124506 0.3303841665208631 -0.7487833351845962
		outer loop
			vertex 0.2527606785297394 1.6645821345629237 -0.18364143962980256
			vertex 0.21588338911533356 1.4714901048064877 -0.29713807522052044
			vertex 0.10151446610689163 1.6357440749399492 -0.31242946234489316
		endloop
	endfacet
	facet normal 0.7946545293550401 0.18759241992428924 -0.5773502082466663
		outer loop
			vertex 0.3493066728115082 1.4714901294803377 -0.11349663918259188
			vertex 0.21588338911533356 1.4714901048064877 -0.29713807522052044
			vertex 0.2527606785297394 1.6645821345629237 -0.18364143962980256
		endloop
	endfacet
	facet normal 0.8026079675818251 -0.12562403272724393 -0.5831286760017179
		outer loop
			vertex 0.3493066728115082 1.4714901294803377 -0.11349663918259188
			vertex 0.26576828956604004 1.307236146598006 -0.19309197753702026
			vertex 0.21588338911533356 1.4714901048064877 -0.29713807522052044
		endloop
	endfacet
	facet normal 0.9049881864410749 -0.3303843106614111 -0.2680346799779431
		outer loop
			vertex 0.26576828956604004 1.307236146598006 -0.19309197753702026
			vertex 0.3493066728115082 1.4714901294803377 -0.11349663918259188
			vertex 0.31242936849594116 1.278398130222458 2.5943618792698326e-8
		endloop
	endfacet
	facet normal 0.33130968290633594 -0.9435220686409446 1.2677052835863581e-7
		outer loop
			vertex 0.15621468424797058 1.1590606899006441 0.11349668116025259
			vertex 0 1.1042072279502677 4.9347706099159095e-8
			vertex 0.15621468424797058 1.1590606594020911 -0.11349659720493117
		endloop
	endfacet
	facet normal 0.10238029747971354 -0.943522125451397 -0.3150940708290839
		outer loop
			vertex 0.15621468424797058 1.1590606594020911 -0.11349659720493117
			vertex 0 1.1042072279502677 4.9347706099159095e-8
			vertex -0.05966871604323387 1.1590606499775227 -0.18364135680735985
		endloop
	endfacet
	facet normal 0.08766092171099239 0.42047313366241534 0.9030603006847815
		outer loop
			vertex 1.2273486188103542 2.3794429650135527 -0.1306893538548857
			vertex 1.077490485656143 2.1063920895346504 0.010992501989121262
			vertex 1.338646220927389 2.3188431703063 -0.11327729933080621
		endloop
	endfacet
	facet normal -0.027728651781350342 0.22867525106680778 0.9731077799606378
		outer loop
			vertex 1.338646220927389 2.3188431703063 -0.11327729933080621
			vertex 1.5815053025548287 2.6740125211507353 -0.1898199877185339
			vertex 1.2273486188103542 2.3794429650135527 -0.1306893538548857
		endloop
	endfacet
	facet normal 0.4927749488846915 -0.1523191827912117 0.8567214928467168
		outer loop
			vertex 1.338646220927389 2.3188431703063 -0.11327729933080621
			vertex 1.4499436970212787 2.2581489408276756 -0.18808516170219503
			vertex 1.5815053025548287 2.6740125211507353 -0.1898199877185339
		endloop
	endfacet
	facet normal 0.5064005061345757 -0.12328799233016127 0.8534392763013922
		outer loop
			vertex 1.338646220927389 2.3188431703063 -0.11327729933080621
			vertex 1.077490485656143 2.1063920895346504 0.010992501989121262
			vertex 1.4499436970212787 2.2581489408276756 -0.18808516170219503
		endloop
	endfacet
	facet normal 0.5124252608541181 -0.14798467738662857 0.8458846773038063
		outer loop
			vertex 1.4499436970212787 2.2581489408276756 -0.18808516170219503
			vertex 1.077490485656143 2.1063920895346504 0.010992501989121262
			vertex 1.2604673235099964 2.006151122238144 -0.11738916041427089
		endloop
	endfacet
	facet normal 0.47782685760412436 -0.21774257653087165 0.8510403424737664
		outer loop
			vertex 1.077490485656143 2.1063920895346504 0.010992501989121262
			vertex 1.034363252060717 1.8095305505608708 -0.04074657977405204
			vertex 1.2604673235099964 2.006151122238144 -0.11738916041427089
		endloop
	endfacet
	facet normal 0.39990352409120344 -0.21344870636455052 0.8913567305914823
		outer loop
			vertex 1.077490485656143 2.1063920895346504 0.010992501989121262
			vertex 0.8681723304963531 1.8912082424031902 0.05337323779042545
			vertex 1.034363252060717 1.8095305505608708 -0.04074657977405204
		endloop
	endfacet
	facet normal 0.40838892619200207 -0.19629353342068673 0.8914523732095648
		outer loop
			vertex 0.8681723304963531 1.8912082424031902 0.05337323779042545
			vertex 0.7572860679254453 1.5888205232298995 0.03758772576345591
			vertex 1.034363252060717 1.8095305505608708 -0.04074657977405204
		endloop
	endfacet
	facet normal 0.38950695131233015 -0.16754831939069237 0.9056555060003383
		outer loop
			vertex 1.034363252060717 1.8095305505608708 -0.04074657977405204
			vertex 0.7572860679254453 1.5888205232298995 0.03758772576345591
			vertex 0.8116894330748814 1.563866675643509 0.009573250107068644
		endloop
	endfacet
	facet normal 0.42275759787067385 -0.0906170023868964 0.9017009328602423
		outer loop
			vertex 0.7572860679254453 1.5888205232298995 0.03758772576345591
			vertex 0.6759190736415076 1.33374065847605 0.05010178882468875
			vertex 0.8116894330748814 1.563866675643509 0.009573250107068644
		endloop
	endfacet
	facet normal 0.06585020143630621 0.02792841584794037 0.9974385968865565
		outer loop
			vertex 0.7572860679254453 1.5888205232298995 0.03758772576345591
			vertex 0.7055921476785308 1.650007672291262 0.03928727390912369
			vertex 0.6759190736415076 1.33374065847605 0.05010178882468875
		endloop
	endfacet
	facet normal -0.020137174833070565 -0.04475563449196202 0.9987949876581103
		outer loop
			vertex 0.8681723304963531 1.8912082424031902 0.05337323779042545
			vertex 0.7055921476785308 1.650007672291262 0.03928727390912369
			vertex 0.7572860679254453 1.5888205232298995 0.03758772576345591
		endloop
	endfacet
	facet normal -0.0020101590351937182 -0.056949544687462966 0.9983750340531077
		outer loop
			vertex 0.8681723304963531 1.8912082424031902 0.05337323779042545
			vertex 0.6221496787520127 1.918289733171446 0.05442267700585755
			vertex 0.7055921476785308 1.650007672291262 0.03928727390912369
		endloop
	endfacet
	facet normal 0.016257580840528762 0.10917814047355814 0.9938892416702928
		outer loop
			vertex 0.8681723304963531 1.8912082424031902 0.05337323779042545
			vertex 0.7891900862297765 2.057176537156692 0.036433674636154406
			vertex 0.6221496787520127 1.918289733171446 0.05442267700585755
		endloop
	endfacet
	facet normal 0.06479056206024221 0.13179146886821533 0.9891578194613214
		outer loop
			vertex 1.077490485656143 2.1063920895346504 0.010992501989121262
			vertex 0.7891900862297765 2.057176537156692 0.036433674636154406
			vertex 0.8681723304963531 1.8912082424031902 0.05337323779042545
		endloop
	endfacet
	facet normal 0.019541476031721936 0.36640528891998886 0.930250124948103
		outer loop
			vertex 1.077490485656143 2.1063920895346504 0.010992501989121262
			vertex 0.9309258739919583 2.2652353517713992 -0.048493566394908635
			vertex 0.7891900862297765 2.057176537156692 0.036433674636154406
		endloop
	endfacet
	facet normal 0.08862193653263101 0.4200090791182376 0.9031824432657316
		outer loop
			vertex 1.2273486188103542 2.3794429650135527 -0.1306893538548857
			vertex 0.9309258739919583 2.2652353517713992 -0.048493566394908635
			vertex 1.077490485656143 2.1063920895346504 0.010992501989121262
		endloop
	endfacet
	facet normal -0.8463300412576386 0.18433434875600854 0.4997462447418113
		outer loop
			vertex -0.10934991663330343 0.8759046363398778 0.06981190700707854
			vertex -0.18208604092942657 1.047142689059512 -0.11653030764005884
			vertex -0.1287582400937105 0.798175937792747 0.06561422029962916
		endloop
	endfacet
	facet normal -0.9410336594478321 0.04385585692934277 0.335458366417078
		outer loop
			vertex -0.18208604092942657 1.047142689059512 -0.11653030764005884
			vertex -0.1636263699163678 0.7884054664431991 -0.030921131485922983
			vertex -0.1287582400937105 0.798175937792747 0.06561422029962916
		endloop
	endfacet
	facet normal -0.8967037140171694 -0.26946331616769614 0.35115804206613715
		outer loop
			vertex -0.1636263699163678 0.7884054664431991 -0.030921131485922983
			vertex -0.0640636848353387 0.5857223068442495 0.06778813619553004
			vertex -0.1287582400937105 0.798175937792747 0.06561422029962916
		endloop
	endfacet
	facet normal -0.7202401788784297 -0.2125643073207472 0.6603563431832988
		outer loop
			vertex -0.0640636848353387 0.5857223068442495 0.06778813619553004
			vertex -0.040593999882130354 0.6043779722256113 0.09939128333532082
			vertex -0.1287582400937105 0.798175937792747 0.06561422029962916
		endloop
	endfacet
	facet normal -0.7999622031022691 -0.009970271289933623 0.5999675552045871
		outer loop
			vertex -0.0640636848353387 0.5857223068442495 0.06778813619553004
			vertex -0.013843107643107463 0.4374840578292674 0.13228593724803084
			vertex -0.040593999882130354 0.6043779722256113 0.09939128333532082
		endloop
	endfacet
	facet normal 0.8003392874270238 0.23684281174913727 0.5507835396265641
		outer loop
			vertex -0.013843107643107463 0.4374840578292674 0.13228593724803084
			vertex -0.02295711593960403 0.6324949096449044 0.06167268038425946
			vertex -0.040593999882130354 0.6043779722256113 0.09939128333532082
		endloop
	endfacet
	facet normal 0.8184170141076716 0.2061640729611834 0.536367379730665
		outer loop
			vertex -0.02295711593960403 0.6324949096449044 0.06167268038425946
			vertex -0.05951566097144865 0.7263664595900494 0.08137409138080284
			vertex -0.040593999882130354 0.6043779722256113 0.09939128333532082
		endloop
	endfacet
	facet normal -0.0875782945190372 0.13224185979311406 0.9873409405304711
		outer loop
			vertex -0.040593999882130354 0.6043779722256113 0.09939128333532082
			vertex -0.05951566097144865 0.7263664595900494 0.08137409138080284
			vertex -0.1287582400937105 0.798175937792747 0.06561422029962916
		endloop
	endfacet
	facet normal -0.34834820969941077 -0.13223187285632204 0.9279915175259551
		outer loop
			vertex -0.05951566097144865 0.7263664595900494 0.08137409138080284
			vertex -0.026498262589643842 0.8033123138821822 0.10473232863560193
			vertex -0.1287582400937105 0.798175937792747 0.06561422029962916
		endloop
	endfacet
	facet normal -0.3587291131038539 0.039206788784025656 0.9326179556093521
		outer loop
			vertex -0.1287582400937105 0.798175937792747 0.06561422029962916
			vertex -0.026498262589643842 0.8033123138821822 0.10473232863560193
			vertex -0.10934991663330343 0.8759046363398778 0.06981190700707854
		endloop
	endfacet
	facet normal -0.08862127439362201 0.4200084568347634 0.9031827976174762
		outer loop
			vertex -1.0774906145562992 2.106392290303482 0.010992543042523773
			vertex -0.9309258880875773 2.265235582072071 -0.04849350247915274
			vertex -1.2273489291915896 2.3794436601802946 -0.13068920693942687
		endloop
	endfacet
	facet normal -0.08766053754009477 0.4204723769660955 0.9030606903008588
		outer loop
			vertex -1.3386465400307186 2.318843858520676 -0.11327716096811034
			vertex -1.0774906145562992 2.106392290303482 0.010992543042523773
			vertex -1.2273489291915896 2.3794436601802946 -0.13068920693942687
		endloop
	endfacet
	facet normal 0.027728829021444634 0.22867478781017062 0.973107883772952
		outer loop
			vertex -1.2273489291915896 2.3794436601802946 -0.13068920693942687
			vertex -1.5815058972890295 2.674013760280857 -0.18981974948265748
			vertex -1.3386465400307186 2.318843858520676 -0.11327716096811034
		endloop
	endfacet
	facet normal -0.4927739239613764 -0.15231872441572603 0.8567221638641513
		outer loop
			vertex -1.5815058972890295 2.674013760280857 -0.18981974948265748
			vertex -1.449944389991269 2.2581494016519095 -0.18808505459585512
			vertex -1.3386465400307186 2.318843858520676 -0.11327716096811034
		endloop
	endfacet
	facet normal -0.5063996649130759 -0.12328715711580546 0.853439896106473
		outer loop
			vertex -1.449944389991269 2.2581494016519095 -0.18808505459585512
			vertex -1.0774906145562992 2.106392290303482 0.010992543042523773
			vertex -1.3386465400307186 2.318843858520676 -0.11327716096811034
		endloop
	endfacet
	facet normal -0.5124247932771671 -0.14798532643606152 0.8458848470060596
		outer loop
			vertex -1.2604675807610848 2.0061513280988037 -0.11738914623877944
			vertex -1.0774906145562992 2.106392290303482 0.010992543042523773
			vertex -1.449944389991269 2.2581494016519095 -0.18808505459585512
		endloop
	endfacet
	facet normal -0.47782660010796646 -0.21774278939696598 0.8510404325852503
		outer loop
			vertex -1.2604675807610848 2.0061513280988037 -0.11738914623877944
			vertex -1.0343633370892062 1.809530721217206 -0.04074660361568292
			vertex -1.0774906145562992 2.106392290303482 0.010992543042523773
		endloop
	endfacet
	facet normal -0.39990335218456896 -0.21344891828965612 0.8913567569680056
		outer loop
			vertex -1.0343633370892062 1.809530721217206 -0.04074660361568292
			vertex -0.8681723540805557 1.8912084127263369 0.053373226018412295
			vertex -1.0774906145562992 2.106392290303482 0.010992543042523773
		endloop
	endfacet
	facet normal -0.40838869663497973 -0.1962938632959405 0.8914524057363562
		outer loop
			vertex -1.0343633370892062 1.809530721217206 -0.04074660361568292
			vertex -0.757285862307758 1.5888206555743964 0.03758767075524937
			vertex -0.8681723540805557 1.8912084127263369 0.053373226018412295
		endloop
	endfacet
	facet normal -0.3895065661255123 -0.1675483936430989 0.9056556579256428
		outer loop
			vertex -0.8116892858797712 1.5638668072431643 0.009573195626556277
			vertex -0.757285862307758 1.5888206555743964 0.03758767075524937
			vertex -1.0343633370892062 1.809530721217206 -0.04074660361568292
		endloop
	endfacet
	facet normal -0.42275739500179327 -0.09061658679739687 0.901701069739017
		outer loop
			vertex -0.8116892858797712 1.5638668072431643 0.009573195626556277
			vertex -0.6759190838878527 1.3337407486188435 0.0501017257278618
			vertex -0.757285862307758 1.5888206555743964 0.03758767075524937
		endloop
	endfacet
	facet normal -0.06585058671866578 0.027928311321059787 0.9974385743771701
		outer loop
			vertex -0.6759190838878527 1.3337407486188435 0.0501017257278618
			vertex -0.7055920060634244 1.6500078139282979 0.03928724083367703
			vertex -0.757285862307758 1.5888206555743964 0.03758767075524937
		endloop
	endfacet
	facet normal 0.020137002861263208 -0.04475581922915313 0.9987949828472774
		outer loop
			vertex -0.757285862307758 1.5888206555743964 0.03758767075524937
			vertex -0.7055920060634244 1.6500078139282979 0.03928724083367703
			vertex -0.8681723540805557 1.8912084127263369 0.053373226018412295
		endloop
	endfacet
	facet normal 0.0020101451987901524 -0.056949633747931085 0.998375029000754
		outer loop
			vertex -0.7055920060634244 1.6500078139282979 0.03928724083367703
			vertex -0.6221495583620187 1.9182899154108817 0.05442267145443301
			vertex -0.8681723540805557 1.8912084127263369 0.053373226018412295
		endloop
	endfacet
	facet normal -0.016257589655545742 0.10917803018536784 0.9938892536411865
		outer loop
			vertex -0.6221495583620187 1.9182899154108817 0.05442267145443301
			vertex -0.7891898806949691 2.0571767341117146 0.036433683007896144
			vertex -0.8681723540805557 1.8912084127263369 0.053373226018412295
		endloop
	endfacet
	facet normal -0.06479039722148444 0.1317913414977433 0.9891578472286956
		outer loop
			vertex -0.8681723540805557 1.8912084127263369 0.053373226018412295
			vertex -0.7891898806949691 2.0571767341117146 0.036433683007896144
			vertex -1.0774906145562992 2.106392290303482 0.010992543042523773
		endloop
	endfacet
	facet normal -0.019541390821709286 0.36640505725069467 0.9302502179875416
		outer loop
			vertex -0.7891898806949691 2.0571767341117146 0.036433683007896144
			vertex -0.9309258880875773 2.265235582072071 -0.04849350247915274
			vertex -1.0774906145562992 2.106392290303482 0.010992543042523773
		endloop
	endfacet
	facet normal 0.34834774012724307 -0.13223159173389057 0.9279917338509888
		outer loop
			vertex 0.12875833745895654 0.7981760229875111 0.06561422882104886
			vertex 0.026498253674340683 0.8033124581843721 0.10473232305543287
			vertex 0.05951570986379416 0.7263665414734305 0.08137410066857463
		endloop
	endfacet
	facet normal 0.0875784371973489 0.13224167032827563 0.987340953251134
		outer loop
			vertex 0.12875833745895654 0.7981760229875111 0.06561422882104886
			vertex 0.05951570986379416 0.7263665414734305 0.08137410066857463
			vertex 0.04059405351196619 0.6043780472653849 0.09939127221281704
		endloop
	endfacet
	facet normal -0.8184163008062123 0.20616399443829939 0.5363684983030977
		outer loop
			vertex 0.04059405351196619 0.6043780472653849 0.09939127221281704
			vertex 0.05951570986379416 0.7263665414734305 0.08137410066857463
			vertex 0.022957101581339227 0.6324949889110074 0.06167267012933229
		endloop
	endfacet
	facet normal -0.8003382833642283 0.23684319174041135 0.5507848352195394
		outer loop
			vertex 0.04059405351196619 0.6043780472653849 0.09939127221281704
			vertex 0.022957101581339227 0.6324949889110074 0.06167267012933229
			vertex 0.013843089737430597 0.4374840931677763 0.1322859257807265
		endloop
	endfacet
	facet normal 0.7999628478221783 -0.009970887837174619 0.5999666853250843
		outer loop
			vertex 0.04059405351196619 0.6043780472653849 0.09939127221281704
			vertex 0.013843089737430597 0.4374840931677763 0.1322859257807265
			vertex 0.06406366966802798 0.5857223826553961 0.067788126603862
		endloop
	endfacet
	facet normal 0.7202407202949747 -0.2125649086198798 0.6603555591137233
		outer loop
			vertex 0.12875833745895654 0.7981760229875111 0.06561422882104886
			vertex 0.04059405351196619 0.6043780472653849 0.09939127221281704
			vertex 0.06406366966802798 0.5857223826553961 0.067788126603862
		endloop
	endfacet
	facet normal 0.8967040165082152 -0.269463913880215 0.35115681097536855
		outer loop
			vertex 0.12875833745895654 0.7981760229875111 0.06561422882104886
			vertex 0.06406366966802798 0.5857223826553961 0.067788126603862
			vertex 0.16362631136095396 0.788405556983216 -0.03092110580970519
		endloop
	endfacet
	facet normal 0.9410341259599008 0.043855203639565916 0.335457143153366
		outer loop
			vertex 0.12875833745895654 0.7981760229875111 0.06561422882104886
			vertex 0.16362631136095396 0.788405556983216 -0.03092110580970519
			vertex 0.18208603819028937 1.0471429764974551 -0.11653029825174956
		endloop
	endfacet
	facet normal 0.8463296082095627 0.1843349930073517 0.4997467404804435
		outer loop
			vertex 0.12875833745895654 0.7981760229875111 0.06561422882104886
			vertex 0.18208603819028937 1.0471429764974551 -0.11653029825174956
			vertex 0.10934994081363025 0.8759047254209885 0.06981191684849346
		endloop
	endfacet
	facet normal 0.3587287019657813 0.03920699802071496 0.9326181049562299
		outer loop
			vertex 0.10934994081363025 0.8759047254209885 0.06981191684849346
			vertex 0.026498253674340683 0.8033124581843721 0.10473232305543287
			vertex 0.12875833745895654 0.7981760229875111 0.06561422882104886
		endloop
	endfacet
endsolid exported
